FE,N,Eval,d_param,Iteration,Alg
3855,2,Sphere,0.01,1,cma-es-ppmf-dp-0.01-pt-0.1
3543,2,Sphere,0.1,1,cma-es-ppmf-dp-0.1-pt-0.1
3527,2,Sphere,1,1,cma-es-ppmf-dp-1-pt-0.1
10463,2,Sphere,10,1,cma-es-ppmf-dp-10-pt-0.1
9263,2,Sphere,100,1,cma-es-ppmf-dp-100-pt-0.1
13359,5,Sphere,0.01,1,cma-es-ppmf-dp-0.01-pt-0.1
12399,5,Sphere,0.1,1,cma-es-ppmf-dp-0.1-pt-0.1
12219,5,Sphere,1,1,cma-es-ppmf-dp-1-pt-0.1
15499,5,Sphere,10,1,cma-es-ppmf-dp-10-pt-0.1
11699,5,Sphere,100,1,cma-es-ppmf-dp-100-pt-0.1
41239,10,Sphere,0.01,1,cma-es-ppmf-dp-0.01-pt-0.1
39199,10,Sphere,0.1,1,cma-es-ppmf-dp-0.1-pt-0.1
39399,10,Sphere,1,1,cma-es-ppmf-dp-1-pt-0.1
39159,10,Sphere,10,1,cma-es-ppmf-dp-10-pt-0.1
54199,10,Sphere,100,1,cma-es-ppmf-dp-100-pt-0.1
300119,30,Sphere,0.01,1,cma-es-ppmf-dp-0.01-pt-0.1
300119,30,Sphere,0.1,1,cma-es-ppmf-dp-0.1-pt-0.1
300119,30,Sphere,1,1,cma-es-ppmf-dp-1-pt-0.1
300119,30,Sphere,10,1,cma-es-ppmf-dp-10-pt-0.1
300119,30,Sphere,100,1,cma-es-ppmf-dp-100-pt-0.1
500199,50,Sphere,0.01,1,cma-es-ppmf-dp-0.01-pt-0.1
500199,50,Sphere,0.1,1,cma-es-ppmf-dp-0.1-pt-0.1
500199,50,Sphere,1,1,cma-es-ppmf-dp-1-pt-0.1
500199,50,Sphere,10,1,cma-es-ppmf-dp-10-pt-0.1
500199,50,Sphere,100,1,cma-es-ppmf-dp-100-pt-0.1
4111,2,Ellips10,0.01,1,cma-es-ppmf-dp-0.01-pt-0.1
3695,2,Ellips10,0.1,1,cma-es-ppmf-dp-0.1-pt-0.1
3495,2,Ellips10,1,1,cma-es-ppmf-dp-1-pt-0.1
12783,2,Ellips10,10,1,cma-es-ppmf-dp-10-pt-0.1
17663,2,Ellips10,100,1,cma-es-ppmf-dp-100-pt-0.1
13739,5,Ellips10,0.01,1,cma-es-ppmf-dp-0.01-pt-0.1
12839,5,Ellips10,0.1,1,cma-es-ppmf-dp-0.1-pt-0.1
12379,5,Ellips10,1,1,cma-es-ppmf-dp-1-pt-0.1
9719,5,Ellips10,10,1,cma-es-ppmf-dp-10-pt-0.1
17679,5,Ellips10,100,1,cma-es-ppmf-dp-100-pt-0.1
42839,10,Ellips10,0.01,1,cma-es-ppmf-dp-0.01-pt-0.1
40079,10,Ellips10,0.1,1,cma-es-ppmf-dp-0.1-pt-0.1
40119,10,Ellips10,1,1,cma-es-ppmf-dp-1-pt-0.1
37679,10,Ellips10,10,1,cma-es-ppmf-dp-10-pt-0.1
34039,10,Ellips10,100,1,cma-es-ppmf-dp-100-pt-0.1
300119,30,Ellips10,0.01,1,cma-es-ppmf-dp-0.01-pt-0.1
300119,30,Ellips10,0.1,1,cma-es-ppmf-dp-0.1-pt-0.1
300119,30,Ellips10,1,1,cma-es-ppmf-dp-1-pt-0.1
300119,30,Ellips10,10,1,cma-es-ppmf-dp-10-pt-0.1
300119,30,Ellips10,100,1,cma-es-ppmf-dp-100-pt-0.1
500199,50,Ellips10,0.01,1,cma-es-ppmf-dp-0.01-pt-0.1
500199,50,Ellips10,0.1,1,cma-es-ppmf-dp-0.1-pt-0.1
500199,50,Ellips10,1,1,cma-es-ppmf-dp-1-pt-0.1
500199,50,Ellips10,10,1,cma-es-ppmf-dp-10-pt-0.1
500199,50,Ellips10,100,1,cma-es-ppmf-dp-100-pt-0.1
4567,2,Ellips100,0.01,1,cma-es-ppmf-dp-0.01-pt-0.1
3871,2,Ellips100,0.1,1,cma-es-ppmf-dp-0.1-pt-0.1
3631,2,Ellips100,1,1,cma-es-ppmf-dp-1-pt-0.1
9415,2,Ellips100,10,1,cma-es-ppmf-dp-10-pt-0.1
10215,2,Ellips100,100,1,cma-es-ppmf-dp-100-pt-0.1
14359,5,Ellips100,0.01,1,cma-es-ppmf-dp-0.01-pt-0.1
13179,5,Ellips100,0.1,1,cma-es-ppmf-dp-0.1-pt-0.1
12919,5,Ellips100,1,1,cma-es-ppmf-dp-1-pt-0.1
15219,5,Ellips100,10,1,cma-es-ppmf-dp-10-pt-0.1
18619,5,Ellips100,100,1,cma-es-ppmf-dp-100-pt-0.1
43959,10,Ellips100,0.01,1,cma-es-ppmf-dp-0.01-pt-0.1
41279,10,Ellips100,0.1,1,cma-es-ppmf-dp-0.1-pt-0.1
41399,10,Ellips100,1,1,cma-es-ppmf-dp-1-pt-0.1
38999,10,Ellips100,10,1,cma-es-ppmf-dp-10-pt-0.1
40519,10,Ellips100,100,1,cma-es-ppmf-dp-100-pt-0.1
300119,30,Ellips100,0.01,1,cma-es-ppmf-dp-0.01-pt-0.1
300119,30,Ellips100,0.1,1,cma-es-ppmf-dp-0.1-pt-0.1
300119,30,Ellips100,1,1,cma-es-ppmf-dp-1-pt-0.1
300119,30,Ellips100,10,1,cma-es-ppmf-dp-10-pt-0.1
300119,30,Ellips100,100,1,cma-es-ppmf-dp-100-pt-0.1
500199,50,Ellips100,0.01,1,cma-es-ppmf-dp-0.01-pt-0.1
500199,50,Ellips100,0.1,1,cma-es-ppmf-dp-0.1-pt-0.1
500199,50,Ellips100,1,1,cma-es-ppmf-dp-1-pt-0.1
500199,50,Ellips100,10,1,cma-es-ppmf-dp-10-pt-0.1
500199,50,Ellips100,100,1,cma-es-ppmf-dp-100-pt-0.1
3879,2,Sphere,0.01,2,cma-es-ppmf-dp-0.01-pt-0.1
3671,2,Sphere,0.1,2,cma-es-ppmf-dp-0.1-pt-0.1
3495,2,Sphere,1,2,cma-es-ppmf-dp-1-pt-0.1
6375,2,Sphere,10,2,cma-es-ppmf-dp-10-pt-0.1
17087,2,Sphere,100,2,cma-es-ppmf-dp-100-pt-0.1
13619,5,Sphere,0.01,2,cma-es-ppmf-dp-0.01-pt-0.1
12559,5,Sphere,0.1,2,cma-es-ppmf-dp-0.1-pt-0.1
12399,5,Sphere,1,2,cma-es-ppmf-dp-1-pt-0.1
17159,5,Sphere,10,2,cma-es-ppmf-dp-10-pt-0.1
16299,5,Sphere,100,2,cma-es-ppmf-dp-100-pt-0.1
41799,10,Sphere,0.01,2,cma-es-ppmf-dp-0.01-pt-0.1
39239,10,Sphere,0.1,2,cma-es-ppmf-dp-0.1-pt-0.1
39279,10,Sphere,1,2,cma-es-ppmf-dp-1-pt-0.1
31799,10,Sphere,10,2,cma-es-ppmf-dp-10-pt-0.1
44239,10,Sphere,100,2,cma-es-ppmf-dp-100-pt-0.1
300119,30,Sphere,0.01,2,cma-es-ppmf-dp-0.01-pt-0.1
300119,30,Sphere,0.1,2,cma-es-ppmf-dp-0.1-pt-0.1
300119,30,Sphere,1,2,cma-es-ppmf-dp-1-pt-0.1
300119,30,Sphere,10,2,cma-es-ppmf-dp-10-pt-0.1
300119,30,Sphere,100,2,cma-es-ppmf-dp-100-pt-0.1
500199,50,Sphere,0.01,2,cma-es-ppmf-dp-0.01-pt-0.1
500199,50,Sphere,0.1,2,cma-es-ppmf-dp-0.1-pt-0.1
500199,50,Sphere,1,2,cma-es-ppmf-dp-1-pt-0.1
500199,50,Sphere,10,2,cma-es-ppmf-dp-10-pt-0.1
500199,50,Sphere,100,2,cma-es-ppmf-dp-100-pt-0.1
3855,2,Ellips10,0.01,2,cma-es-ppmf-dp-0.01-pt-0.1
3687,2,Ellips10,0.1,2,cma-es-ppmf-dp-0.1-pt-0.1
3551,2,Ellips10,1,2,cma-es-ppmf-dp-1-pt-0.1
11455,2,Ellips10,10,2,cma-es-ppmf-dp-10-pt-0.1
10671,2,Ellips10,100,2,cma-es-ppmf-dp-100-pt-0.1
13579,5,Ellips10,0.01,2,cma-es-ppmf-dp-0.01-pt-0.1
12699,5,Ellips10,0.1,2,cma-es-ppmf-dp-0.1-pt-0.1
12379,5,Ellips10,1,2,cma-es-ppmf-dp-1-pt-0.1
16439,5,Ellips10,10,2,cma-es-ppmf-dp-10-pt-0.1
15319,5,Ellips10,100,2,cma-es-ppmf-dp-100-pt-0.1
43279,10,Ellips10,0.01,2,cma-es-ppmf-dp-0.01-pt-0.1
39959,10,Ellips10,0.1,2,cma-es-ppmf-dp-0.1-pt-0.1
40239,10,Ellips10,1,2,cma-es-ppmf-dp-1-pt-0.1
32599,10,Ellips10,10,2,cma-es-ppmf-dp-10-pt-0.1
48799,10,Ellips10,100,2,cma-es-ppmf-dp-100-pt-0.1
300119,30,Ellips10,0.01,2,cma-es-ppmf-dp-0.01-pt-0.1
300119,30,Ellips10,0.1,2,cma-es-ppmf-dp-0.1-pt-0.1
300119,30,Ellips10,1,2,cma-es-ppmf-dp-1-pt-0.1
300119,30,Ellips10,10,2,cma-es-ppmf-dp-10-pt-0.1
300119,30,Ellips10,100,2,cma-es-ppmf-dp-100-pt-0.1
500199,50,Ellips10,0.01,2,cma-es-ppmf-dp-0.01-pt-0.1
500199,50,Ellips10,0.1,2,cma-es-ppmf-dp-0.1-pt-0.1
500199,50,Ellips10,1,2,cma-es-ppmf-dp-1-pt-0.1
500199,50,Ellips10,10,2,cma-es-ppmf-dp-10-pt-0.1
500199,50,Ellips10,100,2,cma-es-ppmf-dp-100-pt-0.1
4255,2,Ellips100,0.01,2,cma-es-ppmf-dp-0.01-pt-0.1
3735,2,Ellips100,0.1,2,cma-es-ppmf-dp-0.1-pt-0.1
3751,2,Ellips100,1,2,cma-es-ppmf-dp-1-pt-0.1
11815,2,Ellips100,10,2,cma-es-ppmf-dp-10-pt-0.1
8871,2,Ellips100,100,2,cma-es-ppmf-dp-100-pt-0.1
14379,5,Ellips100,0.01,2,cma-es-ppmf-dp-0.01-pt-0.1
13019,5,Ellips100,0.1,2,cma-es-ppmf-dp-0.1-pt-0.1
12839,5,Ellips100,1,2,cma-es-ppmf-dp-1-pt-0.1
21359,5,Ellips100,10,2,cma-es-ppmf-dp-10-pt-0.1
12959,5,Ellips100,100,2,cma-es-ppmf-dp-100-pt-0.1
44519,10,Ellips100,0.01,2,cma-es-ppmf-dp-0.01-pt-0.1
40719,10,Ellips100,0.1,2,cma-es-ppmf-dp-0.1-pt-0.1
41799,10,Ellips100,1,2,cma-es-ppmf-dp-1-pt-0.1
44559,10,Ellips100,10,2,cma-es-ppmf-dp-10-pt-0.1
37679,10,Ellips100,100,2,cma-es-ppmf-dp-100-pt-0.1
300119,30,Ellips100,0.01,2,cma-es-ppmf-dp-0.01-pt-0.1
300119,30,Ellips100,0.1,2,cma-es-ppmf-dp-0.1-pt-0.1
300119,30,Ellips100,1,2,cma-es-ppmf-dp-1-pt-0.1
300119,30,Ellips100,10,2,cma-es-ppmf-dp-10-pt-0.1
300119,30,Ellips100,100,2,cma-es-ppmf-dp-100-pt-0.1
500199,50,Ellips100,0.01,2,cma-es-ppmf-dp-0.01-pt-0.1
500199,50,Ellips100,0.1,2,cma-es-ppmf-dp-0.1-pt-0.1
500199,50,Ellips100,1,2,cma-es-ppmf-dp-1-pt-0.1
500199,50,Ellips100,10,2,cma-es-ppmf-dp-10-pt-0.1
500199,50,Ellips100,100,2,cma-es-ppmf-dp-100-pt-0.1
3775,2,Sphere,0.01,3,cma-es-ppmf-dp-0.01-pt-0.1
3655,2,Sphere,0.1,3,cma-es-ppmf-dp-0.1-pt-0.1
3479,2,Sphere,1,3,cma-es-ppmf-dp-1-pt-0.1
16647,2,Sphere,10,3,cma-es-ppmf-dp-10-pt-0.1
5583,2,Sphere,100,3,cma-es-ppmf-dp-100-pt-0.1
13219,5,Sphere,0.01,3,cma-es-ppmf-dp-0.01-pt-0.1
12359,5,Sphere,0.1,3,cma-es-ppmf-dp-0.1-pt-0.1
12219,5,Sphere,1,3,cma-es-ppmf-dp-1-pt-0.1
17519,5,Sphere,10,3,cma-es-ppmf-dp-10-pt-0.1
25259,5,Sphere,100,3,cma-es-ppmf-dp-100-pt-0.1
42319,10,Sphere,0.01,3,cma-es-ppmf-dp-0.01-pt-0.1
39599,10,Sphere,0.1,3,cma-es-ppmf-dp-0.1-pt-0.1
39399,10,Sphere,1,3,cma-es-ppmf-dp-1-pt-0.1
36719,10,Sphere,10,3,cma-es-ppmf-dp-10-pt-0.1
38359,10,Sphere,100,3,cma-es-ppmf-dp-100-pt-0.1
300119,30,Sphere,0.01,3,cma-es-ppmf-dp-0.01-pt-0.1
300119,30,Sphere,0.1,3,cma-es-ppmf-dp-0.1-pt-0.1
300119,30,Sphere,1,3,cma-es-ppmf-dp-1-pt-0.1
300119,30,Sphere,10,3,cma-es-ppmf-dp-10-pt-0.1
300119,30,Sphere,100,3,cma-es-ppmf-dp-100-pt-0.1
500199,50,Sphere,0.01,3,cma-es-ppmf-dp-0.01-pt-0.1
500199,50,Sphere,0.1,3,cma-es-ppmf-dp-0.1-pt-0.1
500199,50,Sphere,1,3,cma-es-ppmf-dp-1-pt-0.1
500199,50,Sphere,10,3,cma-es-ppmf-dp-10-pt-0.1
500199,50,Sphere,100,3,cma-es-ppmf-dp-100-pt-0.1
4087,2,Ellips10,0.01,3,cma-es-ppmf-dp-0.01-pt-0.1
3855,2,Ellips10,0.1,3,cma-es-ppmf-dp-0.1-pt-0.1
3607,2,Ellips10,1,3,cma-es-ppmf-dp-1-pt-0.1
4687,2,Ellips10,10,3,cma-es-ppmf-dp-10-pt-0.1
5935,2,Ellips10,100,3,cma-es-ppmf-dp-100-pt-0.1
14639,5,Ellips10,0.01,3,cma-es-ppmf-dp-0.01-pt-0.1
12579,5,Ellips10,0.1,3,cma-es-ppmf-dp-0.1-pt-0.1
12419,5,Ellips10,1,3,cma-es-ppmf-dp-1-pt-0.1
11459,5,Ellips10,10,3,cma-es-ppmf-dp-10-pt-0.1
13519,5,Ellips10,100,3,cma-es-ppmf-dp-100-pt-0.1
42799,10,Ellips10,0.01,3,cma-es-ppmf-dp-0.01-pt-0.1
39919,10,Ellips10,0.1,3,cma-es-ppmf-dp-0.1-pt-0.1
40319,10,Ellips10,1,3,cma-es-ppmf-dp-1-pt-0.1
33599,10,Ellips10,10,3,cma-es-ppmf-dp-10-pt-0.1
49159,10,Ellips10,100,3,cma-es-ppmf-dp-100-pt-0.1
300119,30,Ellips10,0.01,3,cma-es-ppmf-dp-0.01-pt-0.1
300119,30,Ellips10,0.1,3,cma-es-ppmf-dp-0.1-pt-0.1
300119,30,Ellips10,1,3,cma-es-ppmf-dp-1-pt-0.1
300119,30,Ellips10,10,3,cma-es-ppmf-dp-10-pt-0.1
300119,30,Ellips10,100,3,cma-es-ppmf-dp-100-pt-0.1
500199,50,Ellips10,0.01,3,cma-es-ppmf-dp-0.01-pt-0.1
500199,50,Ellips10,0.1,3,cma-es-ppmf-dp-0.1-pt-0.1
500199,50,Ellips10,1,3,cma-es-ppmf-dp-1-pt-0.1
500199,50,Ellips10,10,3,cma-es-ppmf-dp-10-pt-0.1
500199,50,Ellips10,100,3,cma-es-ppmf-dp-100-pt-0.1
4319,2,Ellips100,0.01,3,cma-es-ppmf-dp-0.01-pt-0.1
3791,2,Ellips100,0.1,3,cma-es-ppmf-dp-0.1-pt-0.1
3639,2,Ellips100,1,3,cma-es-ppmf-dp-1-pt-0.1
3903,2,Ellips100,10,3,cma-es-ppmf-dp-10-pt-0.1
9999,2,Ellips100,100,3,cma-es-ppmf-dp-100-pt-0.1
14959,5,Ellips100,0.01,3,cma-es-ppmf-dp-0.01-pt-0.1
13079,5,Ellips100,0.1,3,cma-es-ppmf-dp-0.1-pt-0.1
12539,5,Ellips100,1,3,cma-es-ppmf-dp-1-pt-0.1
15539,5,Ellips100,10,3,cma-es-ppmf-dp-10-pt-0.1
17619,5,Ellips100,100,3,cma-es-ppmf-dp-100-pt-0.1
43879,10,Ellips100,0.01,3,cma-es-ppmf-dp-0.01-pt-0.1
40959,10,Ellips100,0.1,3,cma-es-ppmf-dp-0.1-pt-0.1
41639,10,Ellips100,1,3,cma-es-ppmf-dp-1-pt-0.1
40999,10,Ellips100,10,3,cma-es-ppmf-dp-10-pt-0.1
42919,10,Ellips100,100,3,cma-es-ppmf-dp-100-pt-0.1
300119,30,Ellips100,0.01,3,cma-es-ppmf-dp-0.01-pt-0.1
300119,30,Ellips100,0.1,3,cma-es-ppmf-dp-0.1-pt-0.1
300119,30,Ellips100,1,3,cma-es-ppmf-dp-1-pt-0.1
300119,30,Ellips100,10,3,cma-es-ppmf-dp-10-pt-0.1
300119,30,Ellips100,100,3,cma-es-ppmf-dp-100-pt-0.1
500199,50,Ellips100,0.01,3,cma-es-ppmf-dp-0.01-pt-0.1
500199,50,Ellips100,0.1,3,cma-es-ppmf-dp-0.1-pt-0.1
500199,50,Ellips100,1,3,cma-es-ppmf-dp-1-pt-0.1
500199,50,Ellips100,10,3,cma-es-ppmf-dp-10-pt-0.1
500199,50,Ellips100,100,3,cma-es-ppmf-dp-100-pt-0.1
4431,2,Sphere,0.01,4,cma-es-ppmf-dp-0.01-pt-0.1
3655,2,Sphere,0.1,4,cma-es-ppmf-dp-0.1-pt-0.1
3503,2,Sphere,1,4,cma-es-ppmf-dp-1-pt-0.1
10799,2,Sphere,10,4,cma-es-ppmf-dp-10-pt-0.1
5919,2,Sphere,100,4,cma-es-ppmf-dp-100-pt-0.1
13579,5,Sphere,0.01,4,cma-es-ppmf-dp-0.01-pt-0.1
12399,5,Sphere,0.1,4,cma-es-ppmf-dp-0.1-pt-0.1
12079,5,Sphere,1,4,cma-es-ppmf-dp-1-pt-0.1
15179,5,Sphere,10,4,cma-es-ppmf-dp-10-pt-0.1
19339,5,Sphere,100,4,cma-es-ppmf-dp-100-pt-0.1
41159,10,Sphere,0.01,4,cma-es-ppmf-dp-0.01-pt-0.1
39239,10,Sphere,0.1,4,cma-es-ppmf-dp-0.1-pt-0.1
39719,10,Sphere,1,4,cma-es-ppmf-dp-1-pt-0.1
39919,10,Sphere,10,4,cma-es-ppmf-dp-10-pt-0.1
40919,10,Sphere,100,4,cma-es-ppmf-dp-100-pt-0.1
300119,30,Sphere,0.01,4,cma-es-ppmf-dp-0.01-pt-0.1
300119,30,Sphere,0.1,4,cma-es-ppmf-dp-0.1-pt-0.1
300119,30,Sphere,1,4,cma-es-ppmf-dp-1-pt-0.1
300119,30,Sphere,10,4,cma-es-ppmf-dp-10-pt-0.1
300119,30,Sphere,100,4,cma-es-ppmf-dp-100-pt-0.1
500199,50,Sphere,0.01,4,cma-es-ppmf-dp-0.01-pt-0.1
500199,50,Sphere,0.1,4,cma-es-ppmf-dp-0.1-pt-0.1
500199,50,Sphere,1,4,cma-es-ppmf-dp-1-pt-0.1
500199,50,Sphere,10,4,cma-es-ppmf-dp-10-pt-0.1
500199,50,Sphere,100,4,cma-es-ppmf-dp-100-pt-0.1
4239,2,Ellips10,0.01,4,cma-es-ppmf-dp-0.01-pt-0.1
3775,2,Ellips10,0.1,4,cma-es-ppmf-dp-0.1-pt-0.1
3447,2,Ellips10,1,4,cma-es-ppmf-dp-1-pt-0.1
8095,2,Ellips10,10,4,cma-es-ppmf-dp-10-pt-0.1
8255,2,Ellips10,100,4,cma-es-ppmf-dp-100-pt-0.1
13699,5,Ellips10,0.01,4,cma-es-ppmf-dp-0.01-pt-0.1
12479,5,Ellips10,0.1,4,cma-es-ppmf-dp-0.1-pt-0.1
12559,5,Ellips10,1,4,cma-es-ppmf-dp-1-pt-0.1
15839,5,Ellips10,10,4,cma-es-ppmf-dp-10-pt-0.1
16539,5,Ellips10,100,4,cma-es-ppmf-dp-100-pt-0.1
42319,10,Ellips10,0.01,4,cma-es-ppmf-dp-0.01-pt-0.1
40079,10,Ellips10,0.1,4,cma-es-ppmf-dp-0.1-pt-0.1
40439,10,Ellips10,1,4,cma-es-ppmf-dp-1-pt-0.1
33079,10,Ellips10,10,4,cma-es-ppmf-dp-10-pt-0.1
47279,10,Ellips10,100,4,cma-es-ppmf-dp-100-pt-0.1
300119,30,Ellips10,0.01,4,cma-es-ppmf-dp-0.01-pt-0.1
300119,30,Ellips10,0.1,4,cma-es-ppmf-dp-0.1-pt-0.1
300119,30,Ellips10,1,4,cma-es-ppmf-dp-1-pt-0.1
300119,30,Ellips10,10,4,cma-es-ppmf-dp-10-pt-0.1
300119,30,Ellips10,100,4,cma-es-ppmf-dp-100-pt-0.1
500199,50,Ellips10,0.01,4,cma-es-ppmf-dp-0.01-pt-0.1
500199,50,Ellips10,0.1,4,cma-es-ppmf-dp-0.1-pt-0.1
500199,50,Ellips10,1,4,cma-es-ppmf-dp-1-pt-0.1
500199,50,Ellips10,10,4,cma-es-ppmf-dp-10-pt-0.1
500199,50,Ellips10,100,4,cma-es-ppmf-dp-100-pt-0.1
4303,2,Ellips100,0.01,4,cma-es-ppmf-dp-0.01-pt-0.1
3823,2,Ellips100,0.1,4,cma-es-ppmf-dp-0.1-pt-0.1
3799,2,Ellips100,1,4,cma-es-ppmf-dp-1-pt-0.1
3223,2,Ellips100,10,4,cma-es-ppmf-dp-10-pt-0.1
12167,2,Ellips100,100,4,cma-es-ppmf-dp-100-pt-0.1
14899,5,Ellips100,0.01,4,cma-es-ppmf-dp-0.01-pt-0.1
13219,5,Ellips100,0.1,4,cma-es-ppmf-dp-0.1-pt-0.1
12979,5,Ellips100,1,4,cma-es-ppmf-dp-1-pt-0.1
12339,5,Ellips100,10,4,cma-es-ppmf-dp-10-pt-0.1
18259,5,Ellips100,100,4,cma-es-ppmf-dp-100-pt-0.1
44799,10,Ellips100,0.01,4,cma-es-ppmf-dp-0.01-pt-0.1
41239,10,Ellips100,0.1,4,cma-es-ppmf-dp-0.1-pt-0.1
41159,10,Ellips100,1,4,cma-es-ppmf-dp-1-pt-0.1
40559,10,Ellips100,10,4,cma-es-ppmf-dp-10-pt-0.1
42079,10,Ellips100,100,4,cma-es-ppmf-dp-100-pt-0.1
300119,30,Ellips100,0.01,4,cma-es-ppmf-dp-0.01-pt-0.1
300119,30,Ellips100,0.1,4,cma-es-ppmf-dp-0.1-pt-0.1
300119,30,Ellips100,1,4,cma-es-ppmf-dp-1-pt-0.1
300119,30,Ellips100,10,4,cma-es-ppmf-dp-10-pt-0.1
300119,30,Ellips100,100,4,cma-es-ppmf-dp-100-pt-0.1
500199,50,Ellips100,0.01,4,cma-es-ppmf-dp-0.01-pt-0.1
500199,50,Ellips100,0.1,4,cma-es-ppmf-dp-0.1-pt-0.1
500199,50,Ellips100,1,4,cma-es-ppmf-dp-1-pt-0.1
500199,50,Ellips100,10,4,cma-es-ppmf-dp-10-pt-0.1
500199,50,Ellips100,100,4,cma-es-ppmf-dp-100-pt-0.1
3871,2,Sphere,0.01,5,cma-es-ppmf-dp-0.01-pt-0.1
3719,2,Sphere,0.1,5,cma-es-ppmf-dp-0.1-pt-0.1
3407,2,Sphere,1,5,cma-es-ppmf-dp-1-pt-0.1
11471,2,Sphere,10,5,cma-es-ppmf-dp-10-pt-0.1
17743,2,Sphere,100,5,cma-es-ppmf-dp-100-pt-0.1
13999,5,Sphere,0.01,5,cma-es-ppmf-dp-0.01-pt-0.1
12539,5,Sphere,0.1,5,cma-es-ppmf-dp-0.1-pt-0.1
12199,5,Sphere,1,5,cma-es-ppmf-dp-1-pt-0.1
11859,5,Sphere,10,5,cma-es-ppmf-dp-10-pt-0.1
12579,5,Sphere,100,5,cma-es-ppmf-dp-100-pt-0.1
41399,10,Sphere,0.01,5,cma-es-ppmf-dp-0.01-pt-0.1
39119,10,Sphere,0.1,5,cma-es-ppmf-dp-0.1-pt-0.1
39559,10,Sphere,1,5,cma-es-ppmf-dp-1-pt-0.1
34239,10,Sphere,10,5,cma-es-ppmf-dp-10-pt-0.1
54479,10,Sphere,100,5,cma-es-ppmf-dp-100-pt-0.1
300119,30,Sphere,0.01,5,cma-es-ppmf-dp-0.01-pt-0.1
300119,30,Sphere,0.1,5,cma-es-ppmf-dp-0.1-pt-0.1
300119,30,Sphere,1,5,cma-es-ppmf-dp-1-pt-0.1
300119,30,Sphere,10,5,cma-es-ppmf-dp-10-pt-0.1
300119,30,Sphere,100,5,cma-es-ppmf-dp-100-pt-0.1
500199,50,Sphere,0.01,5,cma-es-ppmf-dp-0.01-pt-0.1
500199,50,Sphere,0.1,5,cma-es-ppmf-dp-0.1-pt-0.1
500199,50,Sphere,1,5,cma-es-ppmf-dp-1-pt-0.1
500199,50,Sphere,10,5,cma-es-ppmf-dp-10-pt-0.1
500199,50,Sphere,100,5,cma-es-ppmf-dp-100-pt-0.1
3983,2,Ellips10,0.01,5,cma-es-ppmf-dp-0.01-pt-0.1
3719,2,Ellips10,0.1,5,cma-es-ppmf-dp-0.1-pt-0.1
3591,2,Ellips10,1,5,cma-es-ppmf-dp-1-pt-0.1
6887,2,Ellips10,10,5,cma-es-ppmf-dp-10-pt-0.1
5735,2,Ellips10,100,5,cma-es-ppmf-dp-100-pt-0.1
13539,5,Ellips10,0.01,5,cma-es-ppmf-dp-0.01-pt-0.1
12679,5,Ellips10,0.1,5,cma-es-ppmf-dp-0.1-pt-0.1
12439,5,Ellips10,1,5,cma-es-ppmf-dp-1-pt-0.1
16539,5,Ellips10,10,5,cma-es-ppmf-dp-10-pt-0.1
26299,5,Ellips10,100,5,cma-es-ppmf-dp-100-pt-0.1
42359,10,Ellips10,0.01,5,cma-es-ppmf-dp-0.01-pt-0.1
40319,10,Ellips10,0.1,5,cma-es-ppmf-dp-0.1-pt-0.1
39999,10,Ellips10,1,5,cma-es-ppmf-dp-1-pt-0.1
31599,10,Ellips10,10,5,cma-es-ppmf-dp-10-pt-0.1
38919,10,Ellips10,100,5,cma-es-ppmf-dp-100-pt-0.1
300119,30,Ellips10,0.01,5,cma-es-ppmf-dp-0.01-pt-0.1
300119,30,Ellips10,0.1,5,cma-es-ppmf-dp-0.1-pt-0.1
300119,30,Ellips10,1,5,cma-es-ppmf-dp-1-pt-0.1
300119,30,Ellips10,10,5,cma-es-ppmf-dp-10-pt-0.1
300119,30,Ellips10,100,5,cma-es-ppmf-dp-100-pt-0.1
500199,50,Ellips10,0.01,5,cma-es-ppmf-dp-0.01-pt-0.1
500199,50,Ellips10,0.1,5,cma-es-ppmf-dp-0.1-pt-0.1
500199,50,Ellips10,1,5,cma-es-ppmf-dp-1-pt-0.1
500199,50,Ellips10,10,5,cma-es-ppmf-dp-10-pt-0.1
500199,50,Ellips10,100,5,cma-es-ppmf-dp-100-pt-0.1
4207,2,Ellips100,0.01,5,cma-es-ppmf-dp-0.01-pt-0.1
3791,2,Ellips100,0.1,5,cma-es-ppmf-dp-0.1-pt-0.1
3647,2,Ellips100,1,5,cma-es-ppmf-dp-1-pt-0.1
10255,2,Ellips100,10,5,cma-es-ppmf-dp-10-pt-0.1
19055,2,Ellips100,100,5,cma-es-ppmf-dp-100-pt-0.1
14419,5,Ellips100,0.01,5,cma-es-ppmf-dp-0.01-pt-0.1
13179,5,Ellips100,0.1,5,cma-es-ppmf-dp-0.1-pt-0.1
12899,5,Ellips100,1,5,cma-es-ppmf-dp-1-pt-0.1
19779,5,Ellips100,10,5,cma-es-ppmf-dp-10-pt-0.1
16479,5,Ellips100,100,5,cma-es-ppmf-dp-100-pt-0.1
44599,10,Ellips100,0.01,5,cma-es-ppmf-dp-0.01-pt-0.1
41319,10,Ellips100,0.1,5,cma-es-ppmf-dp-0.1-pt-0.1
41399,10,Ellips100,1,5,cma-es-ppmf-dp-1-pt-0.1
40319,10,Ellips100,10,5,cma-es-ppmf-dp-10-pt-0.1
39919,10,Ellips100,100,5,cma-es-ppmf-dp-100-pt-0.1
300119,30,Ellips100,0.01,5,cma-es-ppmf-dp-0.01-pt-0.1
300119,30,Ellips100,0.1,5,cma-es-ppmf-dp-0.1-pt-0.1
300119,30,Ellips100,1,5,cma-es-ppmf-dp-1-pt-0.1
300119,30,Ellips100,10,5,cma-es-ppmf-dp-10-pt-0.1
300119,30,Ellips100,100,5,cma-es-ppmf-dp-100-pt-0.1
500199,50,Ellips100,0.01,5,cma-es-ppmf-dp-0.01-pt-0.1
500199,50,Ellips100,0.1,5,cma-es-ppmf-dp-0.1-pt-0.1
500199,50,Ellips100,1,5,cma-es-ppmf-dp-1-pt-0.1
500199,50,Ellips100,10,5,cma-es-ppmf-dp-10-pt-0.1
500199,50,Ellips100,100,5,cma-es-ppmf-dp-100-pt-0.1
3919,2,Sphere,0.01,6,cma-es-ppmf-dp-0.01-pt-0.1
3671,2,Sphere,0.1,6,cma-es-ppmf-dp-0.1-pt-0.1
3343,2,Sphere,1,6,cma-es-ppmf-dp-1-pt-0.1
14031,2,Sphere,10,6,cma-es-ppmf-dp-10-pt-0.1
19103,2,Sphere,100,6,cma-es-ppmf-dp-100-pt-0.1
13059,5,Sphere,0.01,6,cma-es-ppmf-dp-0.01-pt-0.1
12479,5,Sphere,0.1,6,cma-es-ppmf-dp-0.1-pt-0.1
12319,5,Sphere,1,6,cma-es-ppmf-dp-1-pt-0.1
9459,5,Sphere,10,6,cma-es-ppmf-dp-10-pt-0.1
21979,5,Sphere,100,6,cma-es-ppmf-dp-100-pt-0.1
41679,10,Sphere,0.01,6,cma-es-ppmf-dp-0.01-pt-0.1
39199,10,Sphere,0.1,6,cma-es-ppmf-dp-0.1-pt-0.1
39399,10,Sphere,1,6,cma-es-ppmf-dp-1-pt-0.1
41599,10,Sphere,10,6,cma-es-ppmf-dp-10-pt-0.1
42399,10,Sphere,100,6,cma-es-ppmf-dp-100-pt-0.1
300119,30,Sphere,0.01,6,cma-es-ppmf-dp-0.01-pt-0.1
300119,30,Sphere,0.1,6,cma-es-ppmf-dp-0.1-pt-0.1
300119,30,Sphere,1,6,cma-es-ppmf-dp-1-pt-0.1
300119,30,Sphere,10,6,cma-es-ppmf-dp-10-pt-0.1
300119,30,Sphere,100,6,cma-es-ppmf-dp-100-pt-0.1
500199,50,Sphere,0.01,6,cma-es-ppmf-dp-0.01-pt-0.1
500199,50,Sphere,0.1,6,cma-es-ppmf-dp-0.1-pt-0.1
500199,50,Sphere,1,6,cma-es-ppmf-dp-1-pt-0.1
500199,50,Sphere,10,6,cma-es-ppmf-dp-10-pt-0.1
500199,50,Sphere,100,6,cma-es-ppmf-dp-100-pt-0.1
3871,2,Ellips10,0.01,6,cma-es-ppmf-dp-0.01-pt-0.1
3751,2,Ellips10,0.1,6,cma-es-ppmf-dp-0.1-pt-0.1
3703,2,Ellips10,1,6,cma-es-ppmf-dp-1-pt-0.1
7151,2,Ellips10,10,6,cma-es-ppmf-dp-10-pt-0.1
15583,2,Ellips10,100,6,cma-es-ppmf-dp-100-pt-0.1
13459,5,Ellips10,0.01,6,cma-es-ppmf-dp-0.01-pt-0.1
12599,5,Ellips10,0.1,6,cma-es-ppmf-dp-0.1-pt-0.1
12539,5,Ellips10,1,6,cma-es-ppmf-dp-1-pt-0.1
10039,5,Ellips10,10,6,cma-es-ppmf-dp-10-pt-0.1
22519,5,Ellips10,100,6,cma-es-ppmf-dp-100-pt-0.1
43639,10,Ellips10,0.01,6,cma-es-ppmf-dp-0.01-pt-0.1
40199,10,Ellips10,0.1,6,cma-es-ppmf-dp-0.1-pt-0.1
40479,10,Ellips10,1,6,cma-es-ppmf-dp-1-pt-0.1
41199,10,Ellips10,10,6,cma-es-ppmf-dp-10-pt-0.1
45199,10,Ellips10,100,6,cma-es-ppmf-dp-100-pt-0.1
300119,30,Ellips10,0.01,6,cma-es-ppmf-dp-0.01-pt-0.1
300119,30,Ellips10,0.1,6,cma-es-ppmf-dp-0.1-pt-0.1
300119,30,Ellips10,1,6,cma-es-ppmf-dp-1-pt-0.1
300119,30,Ellips10,10,6,cma-es-ppmf-dp-10-pt-0.1
300119,30,Ellips10,100,6,cma-es-ppmf-dp-100-pt-0.1
500199,50,Ellips10,0.01,6,cma-es-ppmf-dp-0.01-pt-0.1
500199,50,Ellips10,0.1,6,cma-es-ppmf-dp-0.1-pt-0.1
500199,50,Ellips10,1,6,cma-es-ppmf-dp-1-pt-0.1
500199,50,Ellips10,10,6,cma-es-ppmf-dp-10-pt-0.1
500199,50,Ellips10,100,6,cma-es-ppmf-dp-100-pt-0.1
4303,2,Ellips100,0.01,6,cma-es-ppmf-dp-0.01-pt-0.1
3855,2,Ellips100,0.1,6,cma-es-ppmf-dp-0.1-pt-0.1
3695,2,Ellips100,1,6,cma-es-ppmf-dp-1-pt-0.1
8055,2,Ellips100,10,6,cma-es-ppmf-dp-10-pt-0.1
6487,2,Ellips100,100,6,cma-es-ppmf-dp-100-pt-0.1
15279,5,Ellips100,0.01,6,cma-es-ppmf-dp-0.01-pt-0.1
13119,5,Ellips100,0.1,6,cma-es-ppmf-dp-0.1-pt-0.1
12599,5,Ellips100,1,6,cma-es-ppmf-dp-1-pt-0.1
19619,5,Ellips100,10,6,cma-es-ppmf-dp-10-pt-0.1
15099,5,Ellips100,100,6,cma-es-ppmf-dp-100-pt-0.1
44199,10,Ellips100,0.01,6,cma-es-ppmf-dp-0.01-pt-0.1
41359,10,Ellips100,0.1,6,cma-es-ppmf-dp-0.1-pt-0.1
41359,10,Ellips100,1,6,cma-es-ppmf-dp-1-pt-0.1
41559,10,Ellips100,10,6,cma-es-ppmf-dp-10-pt-0.1
50359,10,Ellips100,100,6,cma-es-ppmf-dp-100-pt-0.1
300119,30,Ellips100,0.01,6,cma-es-ppmf-dp-0.01-pt-0.1
300119,30,Ellips100,0.1,6,cma-es-ppmf-dp-0.1-pt-0.1
300119,30,Ellips100,1,6,cma-es-ppmf-dp-1-pt-0.1
300119,30,Ellips100,10,6,cma-es-ppmf-dp-10-pt-0.1
300119,30,Ellips100,100,6,cma-es-ppmf-dp-100-pt-0.1
500199,50,Ellips100,0.01,6,cma-es-ppmf-dp-0.01-pt-0.1
500199,50,Ellips100,0.1,6,cma-es-ppmf-dp-0.1-pt-0.1
500199,50,Ellips100,1,6,cma-es-ppmf-dp-1-pt-0.1
500199,50,Ellips100,10,6,cma-es-ppmf-dp-10-pt-0.1
500199,50,Ellips100,100,6,cma-es-ppmf-dp-100-pt-0.1
3999,2,Sphere,0.01,7,cma-es-ppmf-dp-0.01-pt-0.1
3567,2,Sphere,0.1,7,cma-es-ppmf-dp-0.1-pt-0.1
3487,2,Sphere,1,7,cma-es-ppmf-dp-1-pt-0.1
6935,2,Sphere,10,7,cma-es-ppmf-dp-10-pt-0.1
7471,2,Sphere,100,7,cma-es-ppmf-dp-100-pt-0.1
13719,5,Sphere,0.01,7,cma-es-ppmf-dp-0.01-pt-0.1
12399,5,Sphere,0.1,7,cma-es-ppmf-dp-0.1-pt-0.1
12119,5,Sphere,1,7,cma-es-ppmf-dp-1-pt-0.1
13439,5,Sphere,10,7,cma-es-ppmf-dp-10-pt-0.1
15239,5,Sphere,100,7,cma-es-ppmf-dp-100-pt-0.1
41399,10,Sphere,0.01,7,cma-es-ppmf-dp-0.01-pt-0.1
38959,10,Sphere,0.1,7,cma-es-ppmf-dp-0.1-pt-0.1
39319,10,Sphere,1,7,cma-es-ppmf-dp-1-pt-0.1
39639,10,Sphere,10,7,cma-es-ppmf-dp-10-pt-0.1
37439,10,Sphere,100,7,cma-es-ppmf-dp-100-pt-0.1
300119,30,Sphere,0.01,7,cma-es-ppmf-dp-0.01-pt-0.1
300119,30,Sphere,0.1,7,cma-es-ppmf-dp-0.1-pt-0.1
300119,30,Sphere,1,7,cma-es-ppmf-dp-1-pt-0.1
300119,30,Sphere,10,7,cma-es-ppmf-dp-10-pt-0.1
300119,30,Sphere,100,7,cma-es-ppmf-dp-100-pt-0.1
500199,50,Sphere,0.01,7,cma-es-ppmf-dp-0.01-pt-0.1
500199,50,Sphere,0.1,7,cma-es-ppmf-dp-0.1-pt-0.1
500199,50,Sphere,1,7,cma-es-ppmf-dp-1-pt-0.1
500199,50,Sphere,10,7,cma-es-ppmf-dp-10-pt-0.1
500199,50,Sphere,100,7,cma-es-ppmf-dp-100-pt-0.1
4199,2,Ellips10,0.01,7,cma-es-ppmf-dp-0.01-pt-0.1
3727,2,Ellips10,0.1,7,cma-es-ppmf-dp-0.1-pt-0.1
3503,2,Ellips10,1,7,cma-es-ppmf-dp-1-pt-0.1
11567,2,Ellips10,10,7,cma-es-ppmf-dp-10-pt-0.1
19223,2,Ellips10,100,7,cma-es-ppmf-dp-100-pt-0.1
13659,5,Ellips10,0.01,7,cma-es-ppmf-dp-0.01-pt-0.1
12879,5,Ellips10,0.1,7,cma-es-ppmf-dp-0.1-pt-0.1
12599,5,Ellips10,1,7,cma-es-ppmf-dp-1-pt-0.1
13939,5,Ellips10,10,7,cma-es-ppmf-dp-10-pt-0.1
14319,5,Ellips10,100,7,cma-es-ppmf-dp-100-pt-0.1
42319,10,Ellips10,0.01,7,cma-es-ppmf-dp-0.01-pt-0.1
39879,10,Ellips10,0.1,7,cma-es-ppmf-dp-0.1-pt-0.1
40079,10,Ellips10,1,7,cma-es-ppmf-dp-1-pt-0.1
35079,10,Ellips10,10,7,cma-es-ppmf-dp-10-pt-0.1
42119,10,Ellips10,100,7,cma-es-ppmf-dp-100-pt-0.1
300119,30,Ellips10,0.01,7,cma-es-ppmf-dp-0.01-pt-0.1
300119,30,Ellips10,0.1,7,cma-es-ppmf-dp-0.1-pt-0.1
300119,30,Ellips10,1,7,cma-es-ppmf-dp-1-pt-0.1
300119,30,Ellips10,10,7,cma-es-ppmf-dp-10-pt-0.1
300119,30,Ellips10,100,7,cma-es-ppmf-dp-100-pt-0.1
500199,50,Ellips10,0.01,7,cma-es-ppmf-dp-0.01-pt-0.1
500199,50,Ellips10,0.1,7,cma-es-ppmf-dp-0.1-pt-0.1
500199,50,Ellips10,1,7,cma-es-ppmf-dp-1-pt-0.1
500199,50,Ellips10,10,7,cma-es-ppmf-dp-10-pt-0.1
500199,50,Ellips10,100,7,cma-es-ppmf-dp-100-pt-0.1
4231,2,Ellips100,0.01,7,cma-es-ppmf-dp-0.01-pt-0.1
3791,2,Ellips100,0.1,7,cma-es-ppmf-dp-0.1-pt-0.1
3919,2,Ellips100,1,7,cma-es-ppmf-dp-1-pt-0.1
5975,2,Ellips100,10,7,cma-es-ppmf-dp-10-pt-0.1
7503,2,Ellips100,100,7,cma-es-ppmf-dp-100-pt-0.1
14579,5,Ellips100,0.01,7,cma-es-ppmf-dp-0.01-pt-0.1
13039,5,Ellips100,0.1,7,cma-es-ppmf-dp-0.1-pt-0.1
12899,5,Ellips100,1,7,cma-es-ppmf-dp-1-pt-0.1
16779,5,Ellips100,10,7,cma-es-ppmf-dp-10-pt-0.1
15799,5,Ellips100,100,7,cma-es-ppmf-dp-100-pt-0.1
44279,10,Ellips100,0.01,7,cma-es-ppmf-dp-0.01-pt-0.1
41439,10,Ellips100,0.1,7,cma-es-ppmf-dp-0.1-pt-0.1
41799,10,Ellips100,1,7,cma-es-ppmf-dp-1-pt-0.1
36959,10,Ellips100,10,7,cma-es-ppmf-dp-10-pt-0.1
44479,10,Ellips100,100,7,cma-es-ppmf-dp-100-pt-0.1
300119,30,Ellips100,0.01,7,cma-es-ppmf-dp-0.01-pt-0.1
300119,30,Ellips100,0.1,7,cma-es-ppmf-dp-0.1-pt-0.1
300119,30,Ellips100,1,7,cma-es-ppmf-dp-1-pt-0.1
300119,30,Ellips100,10,7,cma-es-ppmf-dp-10-pt-0.1
300119,30,Ellips100,100,7,cma-es-ppmf-dp-100-pt-0.1
500199,50,Ellips100,0.01,7,cma-es-ppmf-dp-0.01-pt-0.1
500199,50,Ellips100,0.1,7,cma-es-ppmf-dp-0.1-pt-0.1
500199,50,Ellips100,1,7,cma-es-ppmf-dp-1-pt-0.1
500199,50,Ellips100,10,7,cma-es-ppmf-dp-10-pt-0.1
500199,50,Ellips100,100,7,cma-es-ppmf-dp-100-pt-0.1
4015,2,Sphere,0.01,8,cma-es-ppmf-dp-0.01-pt-0.1
3639,2,Sphere,0.1,8,cma-es-ppmf-dp-0.1-pt-0.1
3399,2,Sphere,1,8,cma-es-ppmf-dp-1-pt-0.1
7143,2,Sphere,10,8,cma-es-ppmf-dp-10-pt-0.1
6023,2,Sphere,100,8,cma-es-ppmf-dp-100-pt-0.1
13819,5,Sphere,0.01,8,cma-es-ppmf-dp-0.01-pt-0.1
12359,5,Sphere,0.1,8,cma-es-ppmf-dp-0.1-pt-0.1
12359,5,Sphere,1,8,cma-es-ppmf-dp-1-pt-0.1
12199,5,Sphere,10,8,cma-es-ppmf-dp-10-pt-0.1
13659,5,Sphere,100,8,cma-es-ppmf-dp-100-pt-0.1
41399,10,Sphere,0.01,8,cma-es-ppmf-dp-0.01-pt-0.1
39159,10,Sphere,0.1,8,cma-es-ppmf-dp-0.1-pt-0.1
39399,10,Sphere,1,8,cma-es-ppmf-dp-1-pt-0.1
36879,10,Sphere,10,8,cma-es-ppmf-dp-10-pt-0.1
44719,10,Sphere,100,8,cma-es-ppmf-dp-100-pt-0.1
300119,30,Sphere,0.01,8,cma-es-ppmf-dp-0.01-pt-0.1
300119,30,Sphere,0.1,8,cma-es-ppmf-dp-0.1-pt-0.1
300119,30,Sphere,1,8,cma-es-ppmf-dp-1-pt-0.1
300119,30,Sphere,10,8,cma-es-ppmf-dp-10-pt-0.1
300119,30,Sphere,100,8,cma-es-ppmf-dp-100-pt-0.1
500199,50,Sphere,0.01,8,cma-es-ppmf-dp-0.01-pt-0.1
500199,50,Sphere,0.1,8,cma-es-ppmf-dp-0.1-pt-0.1
500199,50,Sphere,1,8,cma-es-ppmf-dp-1-pt-0.1
500199,50,Sphere,10,8,cma-es-ppmf-dp-10-pt-0.1
500199,50,Sphere,100,8,cma-es-ppmf-dp-100-pt-0.1
4159,2,Ellips10,0.01,8,cma-es-ppmf-dp-0.01-pt-0.1
3663,2,Ellips10,0.1,8,cma-es-ppmf-dp-0.1-pt-0.1
3567,2,Ellips10,1,8,cma-es-ppmf-dp-1-pt-0.1
14375,2,Ellips10,10,8,cma-es-ppmf-dp-10-pt-0.1
4719,2,Ellips10,100,8,cma-es-ppmf-dp-100-pt-0.1
13519,5,Ellips10,0.01,8,cma-es-ppmf-dp-0.01-pt-0.1
12679,5,Ellips10,0.1,8,cma-es-ppmf-dp-0.1-pt-0.1
12379,5,Ellips10,1,8,cma-es-ppmf-dp-1-pt-0.1
16179,5,Ellips10,10,8,cma-es-ppmf-dp-10-pt-0.1
19159,5,Ellips10,100,8,cma-es-ppmf-dp-100-pt-0.1
42479,10,Ellips10,0.01,8,cma-es-ppmf-dp-0.01-pt-0.1
39759,10,Ellips10,0.1,8,cma-es-ppmf-dp-0.1-pt-0.1
40199,10,Ellips10,1,8,cma-es-ppmf-dp-1-pt-0.1
46919,10,Ellips10,10,8,cma-es-ppmf-dp-10-pt-0.1
56279,10,Ellips10,100,8,cma-es-ppmf-dp-100-pt-0.1
300119,30,Ellips10,0.01,8,cma-es-ppmf-dp-0.01-pt-0.1
300119,30,Ellips10,0.1,8,cma-es-ppmf-dp-0.1-pt-0.1
300119,30,Ellips10,1,8,cma-es-ppmf-dp-1-pt-0.1
300119,30,Ellips10,10,8,cma-es-ppmf-dp-10-pt-0.1
300119,30,Ellips10,100,8,cma-es-ppmf-dp-100-pt-0.1
500199,50,Ellips10,0.01,8,cma-es-ppmf-dp-0.01-pt-0.1
500199,50,Ellips10,0.1,8,cma-es-ppmf-dp-0.1-pt-0.1
500199,50,Ellips10,1,8,cma-es-ppmf-dp-1-pt-0.1
500199,50,Ellips10,10,8,cma-es-ppmf-dp-10-pt-0.1
500199,50,Ellips10,100,8,cma-es-ppmf-dp-100-pt-0.1
4503,2,Ellips100,0.01,8,cma-es-ppmf-dp-0.01-pt-0.1
3895,2,Ellips100,0.1,8,cma-es-ppmf-dp-0.1-pt-0.1
3711,2,Ellips100,1,8,cma-es-ppmf-dp-1-pt-0.1
5647,2,Ellips100,10,8,cma-es-ppmf-dp-10-pt-0.1
7887,2,Ellips100,100,8,cma-es-ppmf-dp-100-pt-0.1
15299,5,Ellips100,0.01,8,cma-es-ppmf-dp-0.01-pt-0.1
13139,5,Ellips100,0.1,8,cma-es-ppmf-dp-0.1-pt-0.1
12879,5,Ellips100,1,8,cma-es-ppmf-dp-1-pt-0.1
14059,5,Ellips100,10,8,cma-es-ppmf-dp-10-pt-0.1
17779,5,Ellips100,100,8,cma-es-ppmf-dp-100-pt-0.1
43559,10,Ellips100,0.01,8,cma-es-ppmf-dp-0.01-pt-0.1
41159,10,Ellips100,0.1,8,cma-es-ppmf-dp-0.1-pt-0.1
41799,10,Ellips100,1,8,cma-es-ppmf-dp-1-pt-0.1
38879,10,Ellips100,10,8,cma-es-ppmf-dp-10-pt-0.1
44959,10,Ellips100,100,8,cma-es-ppmf-dp-100-pt-0.1
300119,30,Ellips100,0.01,8,cma-es-ppmf-dp-0.01-pt-0.1
300119,30,Ellips100,0.1,8,cma-es-ppmf-dp-0.1-pt-0.1
300119,30,Ellips100,1,8,cma-es-ppmf-dp-1-pt-0.1
300119,30,Ellips100,10,8,cma-es-ppmf-dp-10-pt-0.1
300119,30,Ellips100,100,8,cma-es-ppmf-dp-100-pt-0.1
500199,50,Ellips100,0.01,8,cma-es-ppmf-dp-0.01-pt-0.1
500199,50,Ellips100,0.1,8,cma-es-ppmf-dp-0.1-pt-0.1
500199,50,Ellips100,1,8,cma-es-ppmf-dp-1-pt-0.1
500199,50,Ellips100,10,8,cma-es-ppmf-dp-10-pt-0.1
500199,50,Ellips100,100,8,cma-es-ppmf-dp-100-pt-0.1
3983,2,Sphere,0.01,9,cma-es-ppmf-dp-0.01-pt-0.1
3623,2,Sphere,0.1,9,cma-es-ppmf-dp-0.1-pt-0.1
3463,2,Sphere,1,9,cma-es-ppmf-dp-1-pt-0.1
18319,2,Sphere,10,9,cma-es-ppmf-dp-10-pt-0.1
7759,2,Sphere,100,9,cma-es-ppmf-dp-100-pt-0.1
13599,5,Sphere,0.01,9,cma-es-ppmf-dp-0.01-pt-0.1
12599,5,Sphere,0.1,9,cma-es-ppmf-dp-0.1-pt-0.1
12339,5,Sphere,1,9,cma-es-ppmf-dp-1-pt-0.1
17259,5,Sphere,10,9,cma-es-ppmf-dp-10-pt-0.1
13199,5,Sphere,100,9,cma-es-ppmf-dp-100-pt-0.1
41159,10,Sphere,0.01,9,cma-es-ppmf-dp-0.01-pt-0.1
39159,10,Sphere,0.1,9,cma-es-ppmf-dp-0.1-pt-0.1
39519,10,Sphere,1,9,cma-es-ppmf-dp-1-pt-0.1
42119,10,Sphere,10,9,cma-es-ppmf-dp-10-pt-0.1
45799,10,Sphere,100,9,cma-es-ppmf-dp-100-pt-0.1
300119,30,Sphere,0.01,9,cma-es-ppmf-dp-0.01-pt-0.1
300119,30,Sphere,0.1,9,cma-es-ppmf-dp-0.1-pt-0.1
300119,30,Sphere,1,9,cma-es-ppmf-dp-1-pt-0.1
300119,30,Sphere,10,9,cma-es-ppmf-dp-10-pt-0.1
300119,30,Sphere,100,9,cma-es-ppmf-dp-100-pt-0.1
500199,50,Sphere,0.01,9,cma-es-ppmf-dp-0.01-pt-0.1
500199,50,Sphere,0.1,9,cma-es-ppmf-dp-0.1-pt-0.1
500199,50,Sphere,1,9,cma-es-ppmf-dp-1-pt-0.1
500199,50,Sphere,10,9,cma-es-ppmf-dp-10-pt-0.1
500199,50,Sphere,100,9,cma-es-ppmf-dp-100-pt-0.1
4119,2,Ellips10,0.01,9,cma-es-ppmf-dp-0.01-pt-0.1
3727,2,Ellips10,0.1,9,cma-es-ppmf-dp-0.1-pt-0.1
3591,2,Ellips10,1,9,cma-es-ppmf-dp-1-pt-0.1
17503,2,Ellips10,10,9,cma-es-ppmf-dp-10-pt-0.1
4343,2,Ellips10,100,9,cma-es-ppmf-dp-100-pt-0.1
13679,5,Ellips10,0.01,9,cma-es-ppmf-dp-0.01-pt-0.1
12799,5,Ellips10,0.1,9,cma-es-ppmf-dp-0.1-pt-0.1
12559,5,Ellips10,1,9,cma-es-ppmf-dp-1-pt-0.1
10459,5,Ellips10,10,9,cma-es-ppmf-dp-10-pt-0.1
18359,5,Ellips10,100,9,cma-es-ppmf-dp-100-pt-0.1
42079,10,Ellips10,0.01,9,cma-es-ppmf-dp-0.01-pt-0.1
39839,10,Ellips10,0.1,9,cma-es-ppmf-dp-0.1-pt-0.1
40479,10,Ellips10,1,9,cma-es-ppmf-dp-1-pt-0.1
29479,10,Ellips10,10,9,cma-es-ppmf-dp-10-pt-0.1
41079,10,Ellips10,100,9,cma-es-ppmf-dp-100-pt-0.1
300119,30,Ellips10,0.01,9,cma-es-ppmf-dp-0.01-pt-0.1
300119,30,Ellips10,0.1,9,cma-es-ppmf-dp-0.1-pt-0.1
300119,30,Ellips10,1,9,cma-es-ppmf-dp-1-pt-0.1
300119,30,Ellips10,10,9,cma-es-ppmf-dp-10-pt-0.1
300119,30,Ellips10,100,9,cma-es-ppmf-dp-100-pt-0.1
500199,50,Ellips10,0.01,9,cma-es-ppmf-dp-0.01-pt-0.1
500199,50,Ellips10,0.1,9,cma-es-ppmf-dp-0.1-pt-0.1
500199,50,Ellips10,1,9,cma-es-ppmf-dp-1-pt-0.1
500199,50,Ellips10,10,9,cma-es-ppmf-dp-10-pt-0.1
500199,50,Ellips10,100,9,cma-es-ppmf-dp-100-pt-0.1
4023,2,Ellips100,0.01,9,cma-es-ppmf-dp-0.01-pt-0.1
3951,2,Ellips100,0.1,9,cma-es-ppmf-dp-0.1-pt-0.1
3655,2,Ellips100,1,9,cma-es-ppmf-dp-1-pt-0.1
12711,2,Ellips100,10,9,cma-es-ppmf-dp-10-pt-0.1
9183,2,Ellips100,100,9,cma-es-ppmf-dp-100-pt-0.1
14359,5,Ellips100,0.01,9,cma-es-ppmf-dp-0.01-pt-0.1
13159,5,Ellips100,0.1,9,cma-es-ppmf-dp-0.1-pt-0.1
13039,5,Ellips100,1,9,cma-es-ppmf-dp-1-pt-0.1
16019,5,Ellips100,10,9,cma-es-ppmf-dp-10-pt-0.1
14739,5,Ellips100,100,9,cma-es-ppmf-dp-100-pt-0.1
43679,10,Ellips100,0.01,9,cma-es-ppmf-dp-0.01-pt-0.1
41199,10,Ellips100,0.1,9,cma-es-ppmf-dp-0.1-pt-0.1
41799,10,Ellips100,1,9,cma-es-ppmf-dp-1-pt-0.1
41959,10,Ellips100,10,9,cma-es-ppmf-dp-10-pt-0.1
47759,10,Ellips100,100,9,cma-es-ppmf-dp-100-pt-0.1
300119,30,Ellips100,0.01,9,cma-es-ppmf-dp-0.01-pt-0.1
300119,30,Ellips100,0.1,9,cma-es-ppmf-dp-0.1-pt-0.1
300119,30,Ellips100,1,9,cma-es-ppmf-dp-1-pt-0.1
300119,30,Ellips100,10,9,cma-es-ppmf-dp-10-pt-0.1
300119,30,Ellips100,100,9,cma-es-ppmf-dp-100-pt-0.1
500199,50,Ellips100,0.01,9,cma-es-ppmf-dp-0.01-pt-0.1
500199,50,Ellips100,0.1,9,cma-es-ppmf-dp-0.1-pt-0.1
500199,50,Ellips100,1,9,cma-es-ppmf-dp-1-pt-0.1
500199,50,Ellips100,10,9,cma-es-ppmf-dp-10-pt-0.1
500199,50,Ellips100,100,9,cma-es-ppmf-dp-100-pt-0.1
3815,2,Sphere,0.01,10,cma-es-ppmf-dp-0.01-pt-0.1
3631,2,Sphere,0.1,10,cma-es-ppmf-dp-0.1-pt-0.1
3463,2,Sphere,1,10,cma-es-ppmf-dp-1-pt-0.1
4775,2,Sphere,10,10,cma-es-ppmf-dp-10-pt-0.1
6471,2,Sphere,100,10,cma-es-ppmf-dp-100-pt-0.1
13599,5,Sphere,0.01,10,cma-es-ppmf-dp-0.01-pt-0.1
12299,5,Sphere,0.1,10,cma-es-ppmf-dp-0.1-pt-0.1
12219,5,Sphere,1,10,cma-es-ppmf-dp-1-pt-0.1
19579,5,Sphere,10,10,cma-es-ppmf-dp-10-pt-0.1
14819,5,Sphere,100,10,cma-es-ppmf-dp-100-pt-0.1
41599,10,Sphere,0.01,10,cma-es-ppmf-dp-0.01-pt-0.1
39239,10,Sphere,0.1,10,cma-es-ppmf-dp-0.1-pt-0.1
39479,10,Sphere,1,10,cma-es-ppmf-dp-1-pt-0.1
41799,10,Sphere,10,10,cma-es-ppmf-dp-10-pt-0.1
44319,10,Sphere,100,10,cma-es-ppmf-dp-100-pt-0.1
300119,30,Sphere,0.01,10,cma-es-ppmf-dp-0.01-pt-0.1
300119,30,Sphere,0.1,10,cma-es-ppmf-dp-0.1-pt-0.1
300119,30,Sphere,1,10,cma-es-ppmf-dp-1-pt-0.1
300119,30,Sphere,10,10,cma-es-ppmf-dp-10-pt-0.1
300119,30,Sphere,100,10,cma-es-ppmf-dp-100-pt-0.1
500199,50,Sphere,0.01,10,cma-es-ppmf-dp-0.01-pt-0.1
500199,50,Sphere,0.1,10,cma-es-ppmf-dp-0.1-pt-0.1
500199,50,Sphere,1,10,cma-es-ppmf-dp-1-pt-0.1
500199,50,Sphere,10,10,cma-es-ppmf-dp-10-pt-0.1
500199,50,Sphere,100,10,cma-es-ppmf-dp-100-pt-0.1
3863,2,Ellips10,0.01,10,cma-es-ppmf-dp-0.01-pt-0.1
3695,2,Ellips10,0.1,10,cma-es-ppmf-dp-0.1-pt-0.1
3471,2,Ellips10,1,10,cma-es-ppmf-dp-1-pt-0.1
10591,2,Ellips10,10,10,cma-es-ppmf-dp-10-pt-0.1
14383,2,Ellips10,100,10,cma-es-ppmf-dp-100-pt-0.1
14179,5,Ellips10,0.01,10,cma-es-ppmf-dp-0.01-pt-0.1
12739,5,Ellips10,0.1,10,cma-es-ppmf-dp-0.1-pt-0.1
12499,5,Ellips10,1,10,cma-es-ppmf-dp-1-pt-0.1
17779,5,Ellips10,10,10,cma-es-ppmf-dp-10-pt-0.1
17059,5,Ellips10,100,10,cma-es-ppmf-dp-100-pt-0.1
43039,10,Ellips10,0.01,10,cma-es-ppmf-dp-0.01-pt-0.1
39959,10,Ellips10,0.1,10,cma-es-ppmf-dp-0.1-pt-0.1
40239,10,Ellips10,1,10,cma-es-ppmf-dp-1-pt-0.1
36399,10,Ellips10,10,10,cma-es-ppmf-dp-10-pt-0.1
43919,10,Ellips10,100,10,cma-es-ppmf-dp-100-pt-0.1
300119,30,Ellips10,0.01,10,cma-es-ppmf-dp-0.01-pt-0.1
300119,30,Ellips10,0.1,10,cma-es-ppmf-dp-0.1-pt-0.1
300119,30,Ellips10,1,10,cma-es-ppmf-dp-1-pt-0.1
300119,30,Ellips10,10,10,cma-es-ppmf-dp-10-pt-0.1
300119,30,Ellips10,100,10,cma-es-ppmf-dp-100-pt-0.1
500199,50,Ellips10,0.01,10,cma-es-ppmf-dp-0.01-pt-0.1
500199,50,Ellips10,0.1,10,cma-es-ppmf-dp-0.1-pt-0.1
500199,50,Ellips10,1,10,cma-es-ppmf-dp-1-pt-0.1
500199,50,Ellips10,10,10,cma-es-ppmf-dp-10-pt-0.1
500199,50,Ellips10,100,10,cma-es-ppmf-dp-100-pt-0.1
4071,2,Ellips100,0.01,10,cma-es-ppmf-dp-0.01-pt-0.1
3871,2,Ellips100,0.1,10,cma-es-ppmf-dp-0.1-pt-0.1
3583,2,Ellips100,1,10,cma-es-ppmf-dp-1-pt-0.1
7319,2,Ellips100,10,10,cma-es-ppmf-dp-10-pt-0.1
5999,2,Ellips100,100,10,cma-es-ppmf-dp-100-pt-0.1
14719,5,Ellips100,0.01,10,cma-es-ppmf-dp-0.01-pt-0.1
13119,5,Ellips100,0.1,10,cma-es-ppmf-dp-0.1-pt-0.1
12839,5,Ellips100,1,10,cma-es-ppmf-dp-1-pt-0.1
10099,5,Ellips100,10,10,cma-es-ppmf-dp-10-pt-0.1
14679,5,Ellips100,100,10,cma-es-ppmf-dp-100-pt-0.1
44359,10,Ellips100,0.01,10,cma-es-ppmf-dp-0.01-pt-0.1
41119,10,Ellips100,0.1,10,cma-es-ppmf-dp-0.1-pt-0.1
41119,10,Ellips100,1,10,cma-es-ppmf-dp-1-pt-0.1
33039,10,Ellips100,10,10,cma-es-ppmf-dp-10-pt-0.1
53919,10,Ellips100,100,10,cma-es-ppmf-dp-100-pt-0.1
300119,30,Ellips100,0.01,10,cma-es-ppmf-dp-0.01-pt-0.1
300119,30,Ellips100,0.1,10,cma-es-ppmf-dp-0.1-pt-0.1
300119,30,Ellips100,1,10,cma-es-ppmf-dp-1-pt-0.1
300119,30,Ellips100,10,10,cma-es-ppmf-dp-10-pt-0.1
300119,30,Ellips100,100,10,cma-es-ppmf-dp-100-pt-0.1
500199,50,Ellips100,0.01,10,cma-es-ppmf-dp-0.01-pt-0.1
500199,50,Ellips100,0.1,10,cma-es-ppmf-dp-0.1-pt-0.1
500199,50,Ellips100,1,10,cma-es-ppmf-dp-1-pt-0.1
500199,50,Ellips100,10,10,cma-es-ppmf-dp-10-pt-0.1
500199,50,Ellips100,100,10,cma-es-ppmf-dp-100-pt-0.1
3927,2,Sphere,0.01,11,cma-es-ppmf-dp-0.01-pt-0.1
3511,2,Sphere,0.1,11,cma-es-ppmf-dp-0.1-pt-0.1
3415,2,Sphere,1,11,cma-es-ppmf-dp-1-pt-0.1
7263,2,Sphere,10,11,cma-es-ppmf-dp-10-pt-0.1
12735,2,Sphere,100,11,cma-es-ppmf-dp-100-pt-0.1
13419,5,Sphere,0.01,11,cma-es-ppmf-dp-0.01-pt-0.1
12639,5,Sphere,0.1,11,cma-es-ppmf-dp-0.1-pt-0.1
12299,5,Sphere,1,11,cma-es-ppmf-dp-1-pt-0.1
15639,5,Sphere,10,11,cma-es-ppmf-dp-10-pt-0.1
18459,5,Sphere,100,11,cma-es-ppmf-dp-100-pt-0.1
40559,10,Sphere,0.01,11,cma-es-ppmf-dp-0.01-pt-0.1
39119,10,Sphere,0.1,11,cma-es-ppmf-dp-0.1-pt-0.1
39399,10,Sphere,1,11,cma-es-ppmf-dp-1-pt-0.1
34999,10,Sphere,10,11,cma-es-ppmf-dp-10-pt-0.1
47079,10,Sphere,100,11,cma-es-ppmf-dp-100-pt-0.1
300119,30,Sphere,0.01,11,cma-es-ppmf-dp-0.01-pt-0.1
300119,30,Sphere,0.1,11,cma-es-ppmf-dp-0.1-pt-0.1
300119,30,Sphere,1,11,cma-es-ppmf-dp-1-pt-0.1
300119,30,Sphere,10,11,cma-es-ppmf-dp-10-pt-0.1
300119,30,Sphere,100,11,cma-es-ppmf-dp-100-pt-0.1
500199,50,Sphere,0.01,11,cma-es-ppmf-dp-0.01-pt-0.1
500199,50,Sphere,0.1,11,cma-es-ppmf-dp-0.1-pt-0.1
500199,50,Sphere,1,11,cma-es-ppmf-dp-1-pt-0.1
500199,50,Sphere,10,11,cma-es-ppmf-dp-10-pt-0.1
500199,50,Sphere,100,11,cma-es-ppmf-dp-100-pt-0.1
4135,2,Ellips10,0.01,11,cma-es-ppmf-dp-0.01-pt-0.1
3807,2,Ellips10,0.1,11,cma-es-ppmf-dp-0.1-pt-0.1
3495,2,Ellips10,1,11,cma-es-ppmf-dp-1-pt-0.1
7695,2,Ellips10,10,11,cma-es-ppmf-dp-10-pt-0.1
5775,2,Ellips10,100,11,cma-es-ppmf-dp-100-pt-0.1
14239,5,Ellips10,0.01,11,cma-es-ppmf-dp-0.01-pt-0.1
12759,5,Ellips10,0.1,11,cma-es-ppmf-dp-0.1-pt-0.1
12419,5,Ellips10,1,11,cma-es-ppmf-dp-1-pt-0.1
14859,5,Ellips10,10,11,cma-es-ppmf-dp-10-pt-0.1
13039,5,Ellips10,100,11,cma-es-ppmf-dp-100-pt-0.1
42799,10,Ellips10,0.01,11,cma-es-ppmf-dp-0.01-pt-0.1
39999,10,Ellips10,0.1,11,cma-es-ppmf-dp-0.1-pt-0.1
40839,10,Ellips10,1,11,cma-es-ppmf-dp-1-pt-0.1
33359,10,Ellips10,10,11,cma-es-ppmf-dp-10-pt-0.1
51479,10,Ellips10,100,11,cma-es-ppmf-dp-100-pt-0.1
300119,30,Ellips10,0.01,11,cma-es-ppmf-dp-0.01-pt-0.1
300119,30,Ellips10,0.1,11,cma-es-ppmf-dp-0.1-pt-0.1
300119,30,Ellips10,1,11,cma-es-ppmf-dp-1-pt-0.1
300119,30,Ellips10,10,11,cma-es-ppmf-dp-10-pt-0.1
300119,30,Ellips10,100,11,cma-es-ppmf-dp-100-pt-0.1
500199,50,Ellips10,0.01,11,cma-es-ppmf-dp-0.01-pt-0.1
500199,50,Ellips10,0.1,11,cma-es-ppmf-dp-0.1-pt-0.1
500199,50,Ellips10,1,11,cma-es-ppmf-dp-1-pt-0.1
500199,50,Ellips10,10,11,cma-es-ppmf-dp-10-pt-0.1
500199,50,Ellips10,100,11,cma-es-ppmf-dp-100-pt-0.1
4503,2,Ellips100,0.01,11,cma-es-ppmf-dp-0.01-pt-0.1
3743,2,Ellips100,0.1,11,cma-es-ppmf-dp-0.1-pt-0.1
3703,2,Ellips100,1,11,cma-es-ppmf-dp-1-pt-0.1
8303,2,Ellips100,10,11,cma-es-ppmf-dp-10-pt-0.1
12751,2,Ellips100,100,11,cma-es-ppmf-dp-100-pt-0.1
14559,5,Ellips100,0.01,11,cma-es-ppmf-dp-0.01-pt-0.1
13259,5,Ellips100,0.1,11,cma-es-ppmf-dp-0.1-pt-0.1
12739,5,Ellips100,1,11,cma-es-ppmf-dp-1-pt-0.1
23599,5,Ellips100,10,11,cma-es-ppmf-dp-10-pt-0.1
16759,5,Ellips100,100,11,cma-es-ppmf-dp-100-pt-0.1
44479,10,Ellips100,0.01,11,cma-es-ppmf-dp-0.01-pt-0.1
40759,10,Ellips100,0.1,11,cma-es-ppmf-dp-0.1-pt-0.1
41159,10,Ellips100,1,11,cma-es-ppmf-dp-1-pt-0.1
45559,10,Ellips100,10,11,cma-es-ppmf-dp-10-pt-0.1
45919,10,Ellips100,100,11,cma-es-ppmf-dp-100-pt-0.1
300119,30,Ellips100,0.01,11,cma-es-ppmf-dp-0.01-pt-0.1
300119,30,Ellips100,0.1,11,cma-es-ppmf-dp-0.1-pt-0.1
300119,30,Ellips100,1,11,cma-es-ppmf-dp-1-pt-0.1
300119,30,Ellips100,10,11,cma-es-ppmf-dp-10-pt-0.1
300119,30,Ellips100,100,11,cma-es-ppmf-dp-100-pt-0.1
500199,50,Ellips100,0.01,11,cma-es-ppmf-dp-0.01-pt-0.1
500199,50,Ellips100,0.1,11,cma-es-ppmf-dp-0.1-pt-0.1
500199,50,Ellips100,1,11,cma-es-ppmf-dp-1-pt-0.1
500199,50,Ellips100,10,11,cma-es-ppmf-dp-10-pt-0.1
500199,50,Ellips100,100,11,cma-es-ppmf-dp-100-pt-0.1
3919,2,Sphere,0.01,12,cma-es-ppmf-dp-0.01-pt-0.1
3655,2,Sphere,0.1,12,cma-es-ppmf-dp-0.1-pt-0.1
3415,2,Sphere,1,12,cma-es-ppmf-dp-1-pt-0.1
16575,2,Sphere,10,12,cma-es-ppmf-dp-10-pt-0.1
9295,2,Sphere,100,12,cma-es-ppmf-dp-100-pt-0.1
13739,5,Sphere,0.01,12,cma-es-ppmf-dp-0.01-pt-0.1
12739,5,Sphere,0.1,12,cma-es-ppmf-dp-0.1-pt-0.1
12219,5,Sphere,1,12,cma-es-ppmf-dp-1-pt-0.1
16199,5,Sphere,10,12,cma-es-ppmf-dp-10-pt-0.1
14679,5,Sphere,100,12,cma-es-ppmf-dp-100-pt-0.1
41399,10,Sphere,0.01,12,cma-es-ppmf-dp-0.01-pt-0.1
39039,10,Sphere,0.1,12,cma-es-ppmf-dp-0.1-pt-0.1
39599,10,Sphere,1,12,cma-es-ppmf-dp-1-pt-0.1
48799,10,Sphere,10,12,cma-es-ppmf-dp-10-pt-0.1
38999,10,Sphere,100,12,cma-es-ppmf-dp-100-pt-0.1
300119,30,Sphere,0.01,12,cma-es-ppmf-dp-0.01-pt-0.1
300119,30,Sphere,0.1,12,cma-es-ppmf-dp-0.1-pt-0.1
300119,30,Sphere,1,12,cma-es-ppmf-dp-1-pt-0.1
300119,30,Sphere,10,12,cma-es-ppmf-dp-10-pt-0.1
300119,30,Sphere,100,12,cma-es-ppmf-dp-100-pt-0.1
500199,50,Sphere,0.01,12,cma-es-ppmf-dp-0.01-pt-0.1
500199,50,Sphere,0.1,12,cma-es-ppmf-dp-0.1-pt-0.1
500199,50,Sphere,1,12,cma-es-ppmf-dp-1-pt-0.1
500199,50,Sphere,10,12,cma-es-ppmf-dp-10-pt-0.1
500199,50,Sphere,100,12,cma-es-ppmf-dp-100-pt-0.1
3895,2,Ellips10,0.01,12,cma-es-ppmf-dp-0.01-pt-0.1
3783,2,Ellips10,0.1,12,cma-es-ppmf-dp-0.1-pt-0.1
3543,2,Ellips10,1,12,cma-es-ppmf-dp-1-pt-0.1
4391,2,Ellips10,10,12,cma-es-ppmf-dp-10-pt-0.1
11999,2,Ellips10,100,12,cma-es-ppmf-dp-100-pt-0.1
13759,5,Ellips10,0.01,12,cma-es-ppmf-dp-0.01-pt-0.1
12699,5,Ellips10,0.1,12,cma-es-ppmf-dp-0.1-pt-0.1
12339,5,Ellips10,1,12,cma-es-ppmf-dp-1-pt-0.1
13139,5,Ellips10,10,12,cma-es-ppmf-dp-10-pt-0.1
13939,5,Ellips10,100,12,cma-es-ppmf-dp-100-pt-0.1
41999,10,Ellips10,0.01,12,cma-es-ppmf-dp-0.01-pt-0.1
40159,10,Ellips10,0.1,12,cma-es-ppmf-dp-0.1-pt-0.1
40119,10,Ellips10,1,12,cma-es-ppmf-dp-1-pt-0.1
47999,10,Ellips10,10,12,cma-es-ppmf-dp-10-pt-0.1
50159,10,Ellips10,100,12,cma-es-ppmf-dp-100-pt-0.1
300119,30,Ellips10,0.01,12,cma-es-ppmf-dp-0.01-pt-0.1
300119,30,Ellips10,0.1,12,cma-es-ppmf-dp-0.1-pt-0.1
300119,30,Ellips10,1,12,cma-es-ppmf-dp-1-pt-0.1
300119,30,Ellips10,10,12,cma-es-ppmf-dp-10-pt-0.1
300119,30,Ellips10,100,12,cma-es-ppmf-dp-100-pt-0.1
500199,50,Ellips10,0.01,12,cma-es-ppmf-dp-0.01-pt-0.1
500199,50,Ellips10,0.1,12,cma-es-ppmf-dp-0.1-pt-0.1
500199,50,Ellips10,1,12,cma-es-ppmf-dp-1-pt-0.1
500199,50,Ellips10,10,12,cma-es-ppmf-dp-10-pt-0.1
500199,50,Ellips10,100,12,cma-es-ppmf-dp-100-pt-0.1
4223,2,Ellips100,0.01,12,cma-es-ppmf-dp-0.01-pt-0.1
3791,2,Ellips100,0.1,12,cma-es-ppmf-dp-0.1-pt-0.1
3703,2,Ellips100,1,12,cma-es-ppmf-dp-1-pt-0.1
14703,2,Ellips100,10,12,cma-es-ppmf-dp-10-pt-0.1
7103,2,Ellips100,100,12,cma-es-ppmf-dp-100-pt-0.1
13899,5,Ellips100,0.01,12,cma-es-ppmf-dp-0.01-pt-0.1
13139,5,Ellips100,0.1,12,cma-es-ppmf-dp-0.1-pt-0.1
12559,5,Ellips100,1,12,cma-es-ppmf-dp-1-pt-0.1
16399,5,Ellips100,10,12,cma-es-ppmf-dp-10-pt-0.1
18479,5,Ellips100,100,12,cma-es-ppmf-dp-100-pt-0.1
43759,10,Ellips100,0.01,12,cma-es-ppmf-dp-0.01-pt-0.1
40999,10,Ellips100,0.1,12,cma-es-ppmf-dp-0.1-pt-0.1
41439,10,Ellips100,1,12,cma-es-ppmf-dp-1-pt-0.1
37519,10,Ellips100,10,12,cma-es-ppmf-dp-10-pt-0.1
39719,10,Ellips100,100,12,cma-es-ppmf-dp-100-pt-0.1
300119,30,Ellips100,0.01,12,cma-es-ppmf-dp-0.01-pt-0.1
300119,30,Ellips100,0.1,12,cma-es-ppmf-dp-0.1-pt-0.1
300119,30,Ellips100,1,12,cma-es-ppmf-dp-1-pt-0.1
300119,30,Ellips100,10,12,cma-es-ppmf-dp-10-pt-0.1
300119,30,Ellips100,100,12,cma-es-ppmf-dp-100-pt-0.1
500199,50,Ellips100,0.01,12,cma-es-ppmf-dp-0.01-pt-0.1
500199,50,Ellips100,0.1,12,cma-es-ppmf-dp-0.1-pt-0.1
500199,50,Ellips100,1,12,cma-es-ppmf-dp-1-pt-0.1
500199,50,Ellips100,10,12,cma-es-ppmf-dp-10-pt-0.1
500199,50,Ellips100,100,12,cma-es-ppmf-dp-100-pt-0.1
3935,2,Sphere,0.01,13,cma-es-ppmf-dp-0.01-pt-0.1
3631,2,Sphere,0.1,13,cma-es-ppmf-dp-0.1-pt-0.1
3335,2,Sphere,1,13,cma-es-ppmf-dp-1-pt-0.1
13671,2,Sphere,10,13,cma-es-ppmf-dp-10-pt-0.1
12007,2,Sphere,100,13,cma-es-ppmf-dp-100-pt-0.1
13679,5,Sphere,0.01,13,cma-es-ppmf-dp-0.01-pt-0.1
12299,5,Sphere,0.1,13,cma-es-ppmf-dp-0.1-pt-0.1
12219,5,Sphere,1,13,cma-es-ppmf-dp-1-pt-0.1
16499,5,Sphere,10,13,cma-es-ppmf-dp-10-pt-0.1
12039,5,Sphere,100,13,cma-es-ppmf-dp-100-pt-0.1
41799,10,Sphere,0.01,13,cma-es-ppmf-dp-0.01-pt-0.1
39279,10,Sphere,0.1,13,cma-es-ppmf-dp-0.1-pt-0.1
39479,10,Sphere,1,13,cma-es-ppmf-dp-1-pt-0.1
38639,10,Sphere,10,13,cma-es-ppmf-dp-10-pt-0.1
33119,10,Sphere,100,13,cma-es-ppmf-dp-100-pt-0.1
300119,30,Sphere,0.01,13,cma-es-ppmf-dp-0.01-pt-0.1
300119,30,Sphere,0.1,13,cma-es-ppmf-dp-0.1-pt-0.1
300119,30,Sphere,1,13,cma-es-ppmf-dp-1-pt-0.1
300119,30,Sphere,10,13,cma-es-ppmf-dp-10-pt-0.1
300119,30,Sphere,100,13,cma-es-ppmf-dp-100-pt-0.1
500199,50,Sphere,0.01,13,cma-es-ppmf-dp-0.01-pt-0.1
500199,50,Sphere,0.1,13,cma-es-ppmf-dp-0.1-pt-0.1
500199,50,Sphere,1,13,cma-es-ppmf-dp-1-pt-0.1
500199,50,Sphere,10,13,cma-es-ppmf-dp-10-pt-0.1
500199,50,Sphere,100,13,cma-es-ppmf-dp-100-pt-0.1
3839,2,Ellips10,0.01,13,cma-es-ppmf-dp-0.01-pt-0.1
3751,2,Ellips10,0.1,13,cma-es-ppmf-dp-0.1-pt-0.1
3543,2,Ellips10,1,13,cma-es-ppmf-dp-1-pt-0.1
7127,2,Ellips10,10,13,cma-es-ppmf-dp-10-pt-0.1
19407,2,Ellips10,100,13,cma-es-ppmf-dp-100-pt-0.1
14659,5,Ellips10,0.01,13,cma-es-ppmf-dp-0.01-pt-0.1
12919,5,Ellips10,0.1,13,cma-es-ppmf-dp-0.1-pt-0.1
12519,5,Ellips10,1,13,cma-es-ppmf-dp-1-pt-0.1
19319,5,Ellips10,10,13,cma-es-ppmf-dp-10-pt-0.1
17299,5,Ellips10,100,13,cma-es-ppmf-dp-100-pt-0.1
42079,10,Ellips10,0.01,13,cma-es-ppmf-dp-0.01-pt-0.1
39919,10,Ellips10,0.1,13,cma-es-ppmf-dp-0.1-pt-0.1
39799,10,Ellips10,1,13,cma-es-ppmf-dp-1-pt-0.1
42559,10,Ellips10,10,13,cma-es-ppmf-dp-10-pt-0.1
36639,10,Ellips10,100,13,cma-es-ppmf-dp-100-pt-0.1
300119,30,Ellips10,0.01,13,cma-es-ppmf-dp-0.01-pt-0.1
300119,30,Ellips10,0.1,13,cma-es-ppmf-dp-0.1-pt-0.1
300119,30,Ellips10,1,13,cma-es-ppmf-dp-1-pt-0.1
300119,30,Ellips10,10,13,cma-es-ppmf-dp-10-pt-0.1
300119,30,Ellips10,100,13,cma-es-ppmf-dp-100-pt-0.1
500199,50,Ellips10,0.01,13,cma-es-ppmf-dp-0.01-pt-0.1
500199,50,Ellips10,0.1,13,cma-es-ppmf-dp-0.1-pt-0.1
500199,50,Ellips10,1,13,cma-es-ppmf-dp-1-pt-0.1
500199,50,Ellips10,10,13,cma-es-ppmf-dp-10-pt-0.1
500199,50,Ellips10,100,13,cma-es-ppmf-dp-100-pt-0.1
4231,2,Ellips100,0.01,13,cma-es-ppmf-dp-0.01-pt-0.1
3823,2,Ellips100,0.1,13,cma-es-ppmf-dp-0.1-pt-0.1
3575,2,Ellips100,1,13,cma-es-ppmf-dp-1-pt-0.1
7143,2,Ellips100,10,13,cma-es-ppmf-dp-10-pt-0.1
10199,2,Ellips100,100,13,cma-es-ppmf-dp-100-pt-0.1
14879,5,Ellips100,0.01,13,cma-es-ppmf-dp-0.01-pt-0.1
13239,5,Ellips100,0.1,13,cma-es-ppmf-dp-0.1-pt-0.1
12899,5,Ellips100,1,13,cma-es-ppmf-dp-1-pt-0.1
15399,5,Ellips100,10,13,cma-es-ppmf-dp-10-pt-0.1
16979,5,Ellips100,100,13,cma-es-ppmf-dp-100-pt-0.1
44439,10,Ellips100,0.01,13,cma-es-ppmf-dp-0.01-pt-0.1
41359,10,Ellips100,0.1,13,cma-es-ppmf-dp-0.1-pt-0.1
41559,10,Ellips100,1,13,cma-es-ppmf-dp-1-pt-0.1
34239,10,Ellips100,10,13,cma-es-ppmf-dp-10-pt-0.1
46439,10,Ellips100,100,13,cma-es-ppmf-dp-100-pt-0.1
300119,30,Ellips100,0.01,13,cma-es-ppmf-dp-0.01-pt-0.1
300119,30,Ellips100,0.1,13,cma-es-ppmf-dp-0.1-pt-0.1
300119,30,Ellips100,1,13,cma-es-ppmf-dp-1-pt-0.1
300119,30,Ellips100,10,13,cma-es-ppmf-dp-10-pt-0.1
300119,30,Ellips100,100,13,cma-es-ppmf-dp-100-pt-0.1
500199,50,Ellips100,0.01,13,cma-es-ppmf-dp-0.01-pt-0.1
500199,50,Ellips100,0.1,13,cma-es-ppmf-dp-0.1-pt-0.1
500199,50,Ellips100,1,13,cma-es-ppmf-dp-1-pt-0.1
500199,50,Ellips100,10,13,cma-es-ppmf-dp-10-pt-0.1
500199,50,Ellips100,100,13,cma-es-ppmf-dp-100-pt-0.1
3783,2,Sphere,0.01,14,cma-es-ppmf-dp-0.01-pt-0.1
3727,2,Sphere,0.1,14,cma-es-ppmf-dp-0.1-pt-0.1
3423,2,Sphere,1,14,cma-es-ppmf-dp-1-pt-0.1
14215,2,Sphere,10,14,cma-es-ppmf-dp-10-pt-0.1
8479,2,Sphere,100,14,cma-es-ppmf-dp-100-pt-0.1
13139,5,Sphere,0.01,14,cma-es-ppmf-dp-0.01-pt-0.1
12439,5,Sphere,0.1,14,cma-es-ppmf-dp-0.1-pt-0.1
12299,5,Sphere,1,14,cma-es-ppmf-dp-1-pt-0.1
11919,5,Sphere,10,14,cma-es-ppmf-dp-10-pt-0.1
21119,5,Sphere,100,14,cma-es-ppmf-dp-100-pt-0.1
41839,10,Sphere,0.01,14,cma-es-ppmf-dp-0.01-pt-0.1
39119,10,Sphere,0.1,14,cma-es-ppmf-dp-0.1-pt-0.1
39399,10,Sphere,1,14,cma-es-ppmf-dp-1-pt-0.1
41359,10,Sphere,10,14,cma-es-ppmf-dp-10-pt-0.1
50239,10,Sphere,100,14,cma-es-ppmf-dp-100-pt-0.1
300119,30,Sphere,0.01,14,cma-es-ppmf-dp-0.01-pt-0.1
300119,30,Sphere,0.1,14,cma-es-ppmf-dp-0.1-pt-0.1
300119,30,Sphere,1,14,cma-es-ppmf-dp-1-pt-0.1
300119,30,Sphere,10,14,cma-es-ppmf-dp-10-pt-0.1
300119,30,Sphere,100,14,cma-es-ppmf-dp-100-pt-0.1
500199,50,Sphere,0.01,14,cma-es-ppmf-dp-0.01-pt-0.1
500199,50,Sphere,0.1,14,cma-es-ppmf-dp-0.1-pt-0.1
500199,50,Sphere,1,14,cma-es-ppmf-dp-1-pt-0.1
500199,50,Sphere,10,14,cma-es-ppmf-dp-10-pt-0.1
500199,50,Sphere,100,14,cma-es-ppmf-dp-100-pt-0.1
4223,2,Ellips10,0.01,14,cma-es-ppmf-dp-0.01-pt-0.1
3671,2,Ellips10,0.1,14,cma-es-ppmf-dp-0.1-pt-0.1
3615,2,Ellips10,1,14,cma-es-ppmf-dp-1-pt-0.1
7135,2,Ellips10,10,14,cma-es-ppmf-dp-10-pt-0.1
4295,2,Ellips10,100,14,cma-es-ppmf-dp-100-pt-0.1
13979,5,Ellips10,0.01,14,cma-es-ppmf-dp-0.01-pt-0.1
12599,5,Ellips10,0.1,14,cma-es-ppmf-dp-0.1-pt-0.1
12339,5,Ellips10,1,14,cma-es-ppmf-dp-1-pt-0.1
14819,5,Ellips10,10,14,cma-es-ppmf-dp-10-pt-0.1
18479,5,Ellips10,100,14,cma-es-ppmf-dp-100-pt-0.1
43319,10,Ellips10,0.01,14,cma-es-ppmf-dp-0.01-pt-0.1
40119,10,Ellips10,0.1,14,cma-es-ppmf-dp-0.1-pt-0.1
39959,10,Ellips10,1,14,cma-es-ppmf-dp-1-pt-0.1
45759,10,Ellips10,10,14,cma-es-ppmf-dp-10-pt-0.1
44479,10,Ellips10,100,14,cma-es-ppmf-dp-100-pt-0.1
300119,30,Ellips10,0.01,14,cma-es-ppmf-dp-0.01-pt-0.1
300119,30,Ellips10,0.1,14,cma-es-ppmf-dp-0.1-pt-0.1
300119,30,Ellips10,1,14,cma-es-ppmf-dp-1-pt-0.1
300119,30,Ellips10,10,14,cma-es-ppmf-dp-10-pt-0.1
300119,30,Ellips10,100,14,cma-es-ppmf-dp-100-pt-0.1
500199,50,Ellips10,0.01,14,cma-es-ppmf-dp-0.01-pt-0.1
500199,50,Ellips10,0.1,14,cma-es-ppmf-dp-0.1-pt-0.1
500199,50,Ellips10,1,14,cma-es-ppmf-dp-1-pt-0.1
500199,50,Ellips10,10,14,cma-es-ppmf-dp-10-pt-0.1
500199,50,Ellips10,100,14,cma-es-ppmf-dp-100-pt-0.1
4151,2,Ellips100,0.01,14,cma-es-ppmf-dp-0.01-pt-0.1
3767,2,Ellips100,0.1,14,cma-es-ppmf-dp-0.1-pt-0.1
3719,2,Ellips100,1,14,cma-es-ppmf-dp-1-pt-0.1
12487,2,Ellips100,10,14,cma-es-ppmf-dp-10-pt-0.1
8759,2,Ellips100,100,14,cma-es-ppmf-dp-100-pt-0.1
14799,5,Ellips100,0.01,14,cma-es-ppmf-dp-0.01-pt-0.1
13159,5,Ellips100,0.1,14,cma-es-ppmf-dp-0.1-pt-0.1
12919,5,Ellips100,1,14,cma-es-ppmf-dp-1-pt-0.1
12219,5,Ellips100,10,14,cma-es-ppmf-dp-10-pt-0.1
23419,5,Ellips100,100,14,cma-es-ppmf-dp-100-pt-0.1
44199,10,Ellips100,0.01,14,cma-es-ppmf-dp-0.01-pt-0.1
40999,10,Ellips100,0.1,14,cma-es-ppmf-dp-0.1-pt-0.1
41159,10,Ellips100,1,14,cma-es-ppmf-dp-1-pt-0.1
41919,10,Ellips100,10,14,cma-es-ppmf-dp-10-pt-0.1
39639,10,Ellips100,100,14,cma-es-ppmf-dp-100-pt-0.1
300119,30,Ellips100,0.01,14,cma-es-ppmf-dp-0.01-pt-0.1
300119,30,Ellips100,0.1,14,cma-es-ppmf-dp-0.1-pt-0.1
300119,30,Ellips100,1,14,cma-es-ppmf-dp-1-pt-0.1
300119,30,Ellips100,10,14,cma-es-ppmf-dp-10-pt-0.1
300119,30,Ellips100,100,14,cma-es-ppmf-dp-100-pt-0.1
500199,50,Ellips100,0.01,14,cma-es-ppmf-dp-0.01-pt-0.1
500199,50,Ellips100,0.1,14,cma-es-ppmf-dp-0.1-pt-0.1
500199,50,Ellips100,1,14,cma-es-ppmf-dp-1-pt-0.1
500199,50,Ellips100,10,14,cma-es-ppmf-dp-10-pt-0.1
500199,50,Ellips100,100,14,cma-es-ppmf-dp-100-pt-0.1
4191,2,Sphere,0.01,15,cma-es-ppmf-dp-0.01-pt-0.1
3703,2,Sphere,0.1,15,cma-es-ppmf-dp-0.1-pt-0.1
3463,2,Sphere,1,15,cma-es-ppmf-dp-1-pt-0.1
11359,2,Sphere,10,15,cma-es-ppmf-dp-10-pt-0.1
6567,2,Sphere,100,15,cma-es-ppmf-dp-100-pt-0.1
14079,5,Sphere,0.01,15,cma-es-ppmf-dp-0.01-pt-0.1
12579,5,Sphere,0.1,15,cma-es-ppmf-dp-0.1-pt-0.1
12239,5,Sphere,1,15,cma-es-ppmf-dp-1-pt-0.1
14539,5,Sphere,10,15,cma-es-ppmf-dp-10-pt-0.1
20879,5,Sphere,100,15,cma-es-ppmf-dp-100-pt-0.1
41959,10,Sphere,0.01,15,cma-es-ppmf-dp-0.01-pt-0.1
39319,10,Sphere,0.1,15,cma-es-ppmf-dp-0.1-pt-0.1
39679,10,Sphere,1,15,cma-es-ppmf-dp-1-pt-0.1
33999,10,Sphere,10,15,cma-es-ppmf-dp-10-pt-0.1
50879,10,Sphere,100,15,cma-es-ppmf-dp-100-pt-0.1
300119,30,Sphere,0.01,15,cma-es-ppmf-dp-0.01-pt-0.1
300119,30,Sphere,0.1,15,cma-es-ppmf-dp-0.1-pt-0.1
300119,30,Sphere,1,15,cma-es-ppmf-dp-1-pt-0.1
300119,30,Sphere,10,15,cma-es-ppmf-dp-10-pt-0.1
300119,30,Sphere,100,15,cma-es-ppmf-dp-100-pt-0.1
500199,50,Sphere,0.01,15,cma-es-ppmf-dp-0.01-pt-0.1
500199,50,Sphere,0.1,15,cma-es-ppmf-dp-0.1-pt-0.1
500199,50,Sphere,1,15,cma-es-ppmf-dp-1-pt-0.1
500199,50,Sphere,10,15,cma-es-ppmf-dp-10-pt-0.1
500199,50,Sphere,100,15,cma-es-ppmf-dp-100-pt-0.1
4191,2,Ellips10,0.01,15,cma-es-ppmf-dp-0.01-pt-0.1
3751,2,Ellips10,0.1,15,cma-es-ppmf-dp-0.1-pt-0.1
3591,2,Ellips10,1,15,cma-es-ppmf-dp-1-pt-0.1
20007,2,Ellips10,10,15,cma-es-ppmf-dp-10-pt-0.1
9543,2,Ellips10,100,15,cma-es-ppmf-dp-100-pt-0.1
14319,5,Ellips10,0.01,15,cma-es-ppmf-dp-0.01-pt-0.1
12519,5,Ellips10,0.1,15,cma-es-ppmf-dp-0.1-pt-0.1
12399,5,Ellips10,1,15,cma-es-ppmf-dp-1-pt-0.1
16199,5,Ellips10,10,15,cma-es-ppmf-dp-10-pt-0.1
13539,5,Ellips10,100,15,cma-es-ppmf-dp-100-pt-0.1
42279,10,Ellips10,0.01,15,cma-es-ppmf-dp-0.01-pt-0.1
40039,10,Ellips10,0.1,15,cma-es-ppmf-dp-0.1-pt-0.1
39919,10,Ellips10,1,15,cma-es-ppmf-dp-1-pt-0.1
32319,10,Ellips10,10,15,cma-es-ppmf-dp-10-pt-0.1
36959,10,Ellips10,100,15,cma-es-ppmf-dp-100-pt-0.1
300119,30,Ellips10,0.01,15,cma-es-ppmf-dp-0.01-pt-0.1
300119,30,Ellips10,0.1,15,cma-es-ppmf-dp-0.1-pt-0.1
300119,30,Ellips10,1,15,cma-es-ppmf-dp-1-pt-0.1
300119,30,Ellips10,10,15,cma-es-ppmf-dp-10-pt-0.1
300119,30,Ellips10,100,15,cma-es-ppmf-dp-100-pt-0.1
500199,50,Ellips10,0.01,15,cma-es-ppmf-dp-0.01-pt-0.1
500199,50,Ellips10,0.1,15,cma-es-ppmf-dp-0.1-pt-0.1
500199,50,Ellips10,1,15,cma-es-ppmf-dp-1-pt-0.1
500199,50,Ellips10,10,15,cma-es-ppmf-dp-10-pt-0.1
500199,50,Ellips10,100,15,cma-es-ppmf-dp-100-pt-0.1
4095,2,Ellips100,0.01,15,cma-es-ppmf-dp-0.01-pt-0.1
3911,2,Ellips100,0.1,15,cma-es-ppmf-dp-0.1-pt-0.1
3519,2,Ellips100,1,15,cma-es-ppmf-dp-1-pt-0.1
6751,2,Ellips100,10,15,cma-es-ppmf-dp-10-pt-0.1
7687,2,Ellips100,100,15,cma-es-ppmf-dp-100-pt-0.1
14479,5,Ellips100,0.01,15,cma-es-ppmf-dp-0.01-pt-0.1
13019,5,Ellips100,0.1,15,cma-es-ppmf-dp-0.1-pt-0.1
12799,5,Ellips100,1,15,cma-es-ppmf-dp-1-pt-0.1
17139,5,Ellips100,10,15,cma-es-ppmf-dp-10-pt-0.1
19919,5,Ellips100,100,15,cma-es-ppmf-dp-100-pt-0.1
44279,10,Ellips100,0.01,15,cma-es-ppmf-dp-0.01-pt-0.1
41039,10,Ellips100,0.1,15,cma-es-ppmf-dp-0.1-pt-0.1
41239,10,Ellips100,1,15,cma-es-ppmf-dp-1-pt-0.1
28319,10,Ellips100,10,15,cma-es-ppmf-dp-10-pt-0.1
39039,10,Ellips100,100,15,cma-es-ppmf-dp-100-pt-0.1
300119,30,Ellips100,0.01,15,cma-es-ppmf-dp-0.01-pt-0.1
300119,30,Ellips100,0.1,15,cma-es-ppmf-dp-0.1-pt-0.1
300119,30,Ellips100,1,15,cma-es-ppmf-dp-1-pt-0.1
300119,30,Ellips100,10,15,cma-es-ppmf-dp-10-pt-0.1
300119,30,Ellips100,100,15,cma-es-ppmf-dp-100-pt-0.1
500199,50,Ellips100,0.01,15,cma-es-ppmf-dp-0.01-pt-0.1
500199,50,Ellips100,0.1,15,cma-es-ppmf-dp-0.1-pt-0.1
500199,50,Ellips100,1,15,cma-es-ppmf-dp-1-pt-0.1
500199,50,Ellips100,10,15,cma-es-ppmf-dp-10-pt-0.1
500199,50,Ellips100,100,15,cma-es-ppmf-dp-100-pt-0.1
4095,2,Sphere,0.01,16,cma-es-ppmf-dp-0.01-pt-0.1
3463,2,Sphere,0.1,16,cma-es-ppmf-dp-0.1-pt-0.1
3495,2,Sphere,1,16,cma-es-ppmf-dp-1-pt-0.1
11151,2,Sphere,10,16,cma-es-ppmf-dp-10-pt-0.1
7647,2,Sphere,100,16,cma-es-ppmf-dp-100-pt-0.1
13759,5,Sphere,0.01,16,cma-es-ppmf-dp-0.01-pt-0.1
12379,5,Sphere,0.1,16,cma-es-ppmf-dp-0.1-pt-0.1
12239,5,Sphere,1,16,cma-es-ppmf-dp-1-pt-0.1
12319,5,Sphere,10,16,cma-es-ppmf-dp-10-pt-0.1
14219,5,Sphere,100,16,cma-es-ppmf-dp-100-pt-0.1
41799,10,Sphere,0.01,16,cma-es-ppmf-dp-0.01-pt-0.1
39359,10,Sphere,0.1,16,cma-es-ppmf-dp-0.1-pt-0.1
39279,10,Sphere,1,16,cma-es-ppmf-dp-1-pt-0.1
49959,10,Sphere,10,16,cma-es-ppmf-dp-10-pt-0.1
45079,10,Sphere,100,16,cma-es-ppmf-dp-100-pt-0.1
300119,30,Sphere,0.01,16,cma-es-ppmf-dp-0.01-pt-0.1
300119,30,Sphere,0.1,16,cma-es-ppmf-dp-0.1-pt-0.1
300119,30,Sphere,1,16,cma-es-ppmf-dp-1-pt-0.1
300119,30,Sphere,10,16,cma-es-ppmf-dp-10-pt-0.1
300119,30,Sphere,100,16,cma-es-ppmf-dp-100-pt-0.1
500199,50,Sphere,0.01,16,cma-es-ppmf-dp-0.01-pt-0.1
500199,50,Sphere,0.1,16,cma-es-ppmf-dp-0.1-pt-0.1
500199,50,Sphere,1,16,cma-es-ppmf-dp-1-pt-0.1
500199,50,Sphere,10,16,cma-es-ppmf-dp-10-pt-0.1
500199,50,Sphere,100,16,cma-es-ppmf-dp-100-pt-0.1
4079,2,Ellips10,0.01,16,cma-es-ppmf-dp-0.01-pt-0.1
3743,2,Ellips10,0.1,16,cma-es-ppmf-dp-0.1-pt-0.1
3599,2,Ellips10,1,16,cma-es-ppmf-dp-1-pt-0.1
6967,2,Ellips10,10,16,cma-es-ppmf-dp-10-pt-0.1
11255,2,Ellips10,100,16,cma-es-ppmf-dp-100-pt-0.1
13979,5,Ellips10,0.01,16,cma-es-ppmf-dp-0.01-pt-0.1
12779,5,Ellips10,0.1,16,cma-es-ppmf-dp-0.1-pt-0.1
12579,5,Ellips10,1,16,cma-es-ppmf-dp-1-pt-0.1
21059,5,Ellips10,10,16,cma-es-ppmf-dp-10-pt-0.1
14439,5,Ellips10,100,16,cma-es-ppmf-dp-100-pt-0.1
42079,10,Ellips10,0.01,16,cma-es-ppmf-dp-0.01-pt-0.1
39919,10,Ellips10,0.1,16,cma-es-ppmf-dp-0.1-pt-0.1
40639,10,Ellips10,1,16,cma-es-ppmf-dp-1-pt-0.1
38559,10,Ellips10,10,16,cma-es-ppmf-dp-10-pt-0.1
44519,10,Ellips10,100,16,cma-es-ppmf-dp-100-pt-0.1
300119,30,Ellips10,0.01,16,cma-es-ppmf-dp-0.01-pt-0.1
300119,30,Ellips10,0.1,16,cma-es-ppmf-dp-0.1-pt-0.1
300119,30,Ellips10,1,16,cma-es-ppmf-dp-1-pt-0.1
300119,30,Ellips10,10,16,cma-es-ppmf-dp-10-pt-0.1
300119,30,Ellips10,100,16,cma-es-ppmf-dp-100-pt-0.1
500199,50,Ellips10,0.01,16,cma-es-ppmf-dp-0.01-pt-0.1
500199,50,Ellips10,0.1,16,cma-es-ppmf-dp-0.1-pt-0.1
500199,50,Ellips10,1,16,cma-es-ppmf-dp-1-pt-0.1
500199,50,Ellips10,10,16,cma-es-ppmf-dp-10-pt-0.1
500199,50,Ellips10,100,16,cma-es-ppmf-dp-100-pt-0.1
4215,2,Ellips100,0.01,16,cma-es-ppmf-dp-0.01-pt-0.1
3903,2,Ellips100,0.1,16,cma-es-ppmf-dp-0.1-pt-0.1
3791,2,Ellips100,1,16,cma-es-ppmf-dp-1-pt-0.1
4575,2,Ellips100,10,16,cma-es-ppmf-dp-10-pt-0.1
7287,2,Ellips100,100,16,cma-es-ppmf-dp-100-pt-0.1
14299,5,Ellips100,0.01,16,cma-es-ppmf-dp-0.01-pt-0.1
13259,5,Ellips100,0.1,16,cma-es-ppmf-dp-0.1-pt-0.1
12779,5,Ellips100,1,16,cma-es-ppmf-dp-1-pt-0.1
9739,5,Ellips100,10,16,cma-es-ppmf-dp-10-pt-0.1
19759,5,Ellips100,100,16,cma-es-ppmf-dp-100-pt-0.1
45599,10,Ellips100,0.01,16,cma-es-ppmf-dp-0.01-pt-0.1
40959,10,Ellips100,0.1,16,cma-es-ppmf-dp-0.1-pt-0.1
41159,10,Ellips100,1,16,cma-es-ppmf-dp-1-pt-0.1
38999,10,Ellips100,10,16,cma-es-ppmf-dp-10-pt-0.1
47999,10,Ellips100,100,16,cma-es-ppmf-dp-100-pt-0.1
300119,30,Ellips100,0.01,16,cma-es-ppmf-dp-0.01-pt-0.1
300119,30,Ellips100,0.1,16,cma-es-ppmf-dp-0.1-pt-0.1
300119,30,Ellips100,1,16,cma-es-ppmf-dp-1-pt-0.1
300119,30,Ellips100,10,16,cma-es-ppmf-dp-10-pt-0.1
300119,30,Ellips100,100,16,cma-es-ppmf-dp-100-pt-0.1
500199,50,Ellips100,0.01,16,cma-es-ppmf-dp-0.01-pt-0.1
500199,50,Ellips100,0.1,16,cma-es-ppmf-dp-0.1-pt-0.1
500199,50,Ellips100,1,16,cma-es-ppmf-dp-1-pt-0.1
500199,50,Ellips100,10,16,cma-es-ppmf-dp-10-pt-0.1
500199,50,Ellips100,100,16,cma-es-ppmf-dp-100-pt-0.1
3767,2,Sphere,0.01,17,cma-es-ppmf-dp-0.01-pt-0.1
3551,2,Sphere,0.1,17,cma-es-ppmf-dp-0.1-pt-0.1
3311,2,Sphere,1,17,cma-es-ppmf-dp-1-pt-0.1
13527,2,Sphere,10,17,cma-es-ppmf-dp-10-pt-0.1
6407,2,Sphere,100,17,cma-es-ppmf-dp-100-pt-0.1
13519,5,Sphere,0.01,17,cma-es-ppmf-dp-0.01-pt-0.1
12519,5,Sphere,0.1,17,cma-es-ppmf-dp-0.1-pt-0.1
12139,5,Sphere,1,17,cma-es-ppmf-dp-1-pt-0.1
13139,5,Sphere,10,17,cma-es-ppmf-dp-10-pt-0.1
24759,5,Sphere,100,17,cma-es-ppmf-dp-100-pt-0.1
41879,10,Sphere,0.01,17,cma-es-ppmf-dp-0.01-pt-0.1
39239,10,Sphere,0.1,17,cma-es-ppmf-dp-0.1-pt-0.1
39479,10,Sphere,1,17,cma-es-ppmf-dp-1-pt-0.1
42919,10,Sphere,10,17,cma-es-ppmf-dp-10-pt-0.1
50639,10,Sphere,100,17,cma-es-ppmf-dp-100-pt-0.1
300119,30,Sphere,0.01,17,cma-es-ppmf-dp-0.01-pt-0.1
300119,30,Sphere,0.1,17,cma-es-ppmf-dp-0.1-pt-0.1
300119,30,Sphere,1,17,cma-es-ppmf-dp-1-pt-0.1
300119,30,Sphere,10,17,cma-es-ppmf-dp-10-pt-0.1
300119,30,Sphere,100,17,cma-es-ppmf-dp-100-pt-0.1
500199,50,Sphere,0.01,17,cma-es-ppmf-dp-0.01-pt-0.1
500199,50,Sphere,0.1,17,cma-es-ppmf-dp-0.1-pt-0.1
500199,50,Sphere,1,17,cma-es-ppmf-dp-1-pt-0.1
500199,50,Sphere,10,17,cma-es-ppmf-dp-10-pt-0.1
500199,50,Sphere,100,17,cma-es-ppmf-dp-100-pt-0.1
4031,2,Ellips10,0.01,17,cma-es-ppmf-dp-0.01-pt-0.1
3671,2,Ellips10,0.1,17,cma-es-ppmf-dp-0.1-pt-0.1
3567,2,Ellips10,1,17,cma-es-ppmf-dp-1-pt-0.1
4951,2,Ellips10,10,17,cma-es-ppmf-dp-10-pt-0.1
10415,2,Ellips10,100,17,cma-es-ppmf-dp-100-pt-0.1
13999,5,Ellips10,0.01,17,cma-es-ppmf-dp-0.01-pt-0.1
12539,5,Ellips10,0.1,17,cma-es-ppmf-dp-0.1-pt-0.1
12579,5,Ellips10,1,17,cma-es-ppmf-dp-1-pt-0.1
18539,5,Ellips10,10,17,cma-es-ppmf-dp-10-pt-0.1
17639,5,Ellips10,100,17,cma-es-ppmf-dp-100-pt-0.1
42399,10,Ellips10,0.01,17,cma-es-ppmf-dp-0.01-pt-0.1
39919,10,Ellips10,0.1,17,cma-es-ppmf-dp-0.1-pt-0.1
40319,10,Ellips10,1,17,cma-es-ppmf-dp-1-pt-0.1
39959,10,Ellips10,10,17,cma-es-ppmf-dp-10-pt-0.1
46519,10,Ellips10,100,17,cma-es-ppmf-dp-100-pt-0.1
300119,30,Ellips10,0.01,17,cma-es-ppmf-dp-0.01-pt-0.1
300119,30,Ellips10,0.1,17,cma-es-ppmf-dp-0.1-pt-0.1
300119,30,Ellips10,1,17,cma-es-ppmf-dp-1-pt-0.1
300119,30,Ellips10,10,17,cma-es-ppmf-dp-10-pt-0.1
300119,30,Ellips10,100,17,cma-es-ppmf-dp-100-pt-0.1
500199,50,Ellips10,0.01,17,cma-es-ppmf-dp-0.01-pt-0.1
500199,50,Ellips10,0.1,17,cma-es-ppmf-dp-0.1-pt-0.1
500199,50,Ellips10,1,17,cma-es-ppmf-dp-1-pt-0.1
500199,50,Ellips10,10,17,cma-es-ppmf-dp-10-pt-0.1
500199,50,Ellips10,100,17,cma-es-ppmf-dp-100-pt-0.1
4031,2,Ellips100,0.01,17,cma-es-ppmf-dp-0.01-pt-0.1
3751,2,Ellips100,0.1,17,cma-es-ppmf-dp-0.1-pt-0.1
3663,2,Ellips100,1,17,cma-es-ppmf-dp-1-pt-0.1
5911,2,Ellips100,10,17,cma-es-ppmf-dp-10-pt-0.1
7247,2,Ellips100,100,17,cma-es-ppmf-dp-100-pt-0.1
14279,5,Ellips100,0.01,17,cma-es-ppmf-dp-0.01-pt-0.1
12779,5,Ellips100,0.1,17,cma-es-ppmf-dp-0.1-pt-0.1
12499,5,Ellips100,1,17,cma-es-ppmf-dp-1-pt-0.1
15099,5,Ellips100,10,17,cma-es-ppmf-dp-10-pt-0.1
15879,5,Ellips100,100,17,cma-es-ppmf-dp-100-pt-0.1
43919,10,Ellips100,0.01,17,cma-es-ppmf-dp-0.01-pt-0.1
40679,10,Ellips100,0.1,17,cma-es-ppmf-dp-0.1-pt-0.1
41439,10,Ellips100,1,17,cma-es-ppmf-dp-1-pt-0.1
25999,10,Ellips100,10,17,cma-es-ppmf-dp-10-pt-0.1
49039,10,Ellips100,100,17,cma-es-ppmf-dp-100-pt-0.1
300119,30,Ellips100,0.01,17,cma-es-ppmf-dp-0.01-pt-0.1
300119,30,Ellips100,0.1,17,cma-es-ppmf-dp-0.1-pt-0.1
300119,30,Ellips100,1,17,cma-es-ppmf-dp-1-pt-0.1
300119,30,Ellips100,10,17,cma-es-ppmf-dp-10-pt-0.1
300119,30,Ellips100,100,17,cma-es-ppmf-dp-100-pt-0.1
500199,50,Ellips100,0.01,17,cma-es-ppmf-dp-0.01-pt-0.1
500199,50,Ellips100,0.1,17,cma-es-ppmf-dp-0.1-pt-0.1
500199,50,Ellips100,1,17,cma-es-ppmf-dp-1-pt-0.1
500199,50,Ellips100,10,17,cma-es-ppmf-dp-10-pt-0.1
500199,50,Ellips100,100,17,cma-es-ppmf-dp-100-pt-0.1
4095,2,Sphere,0.01,18,cma-es-ppmf-dp-0.01-pt-0.1
3679,2,Sphere,0.1,18,cma-es-ppmf-dp-0.1-pt-0.1
3367,2,Sphere,1,18,cma-es-ppmf-dp-1-pt-0.1
5695,2,Sphere,10,18,cma-es-ppmf-dp-10-pt-0.1
6103,2,Sphere,100,18,cma-es-ppmf-dp-100-pt-0.1
13079,5,Sphere,0.01,18,cma-es-ppmf-dp-0.01-pt-0.1
12519,5,Sphere,0.1,18,cma-es-ppmf-dp-0.1-pt-0.1
12139,5,Sphere,1,18,cma-es-ppmf-dp-1-pt-0.1
14179,5,Sphere,10,18,cma-es-ppmf-dp-10-pt-0.1
19759,5,Sphere,100,18,cma-es-ppmf-dp-100-pt-0.1
40839,10,Sphere,0.01,18,cma-es-ppmf-dp-0.01-pt-0.1
39199,10,Sphere,0.1,18,cma-es-ppmf-dp-0.1-pt-0.1
39759,10,Sphere,1,18,cma-es-ppmf-dp-1-pt-0.1
42799,10,Sphere,10,18,cma-es-ppmf-dp-10-pt-0.1
43239,10,Sphere,100,18,cma-es-ppmf-dp-100-pt-0.1
300119,30,Sphere,0.01,18,cma-es-ppmf-dp-0.01-pt-0.1
300119,30,Sphere,0.1,18,cma-es-ppmf-dp-0.1-pt-0.1
300119,30,Sphere,1,18,cma-es-ppmf-dp-1-pt-0.1
300119,30,Sphere,10,18,cma-es-ppmf-dp-10-pt-0.1
300119,30,Sphere,100,18,cma-es-ppmf-dp-100-pt-0.1
500199,50,Sphere,0.01,18,cma-es-ppmf-dp-0.01-pt-0.1
500199,50,Sphere,0.1,18,cma-es-ppmf-dp-0.1-pt-0.1
500199,50,Sphere,1,18,cma-es-ppmf-dp-1-pt-0.1
500199,50,Sphere,10,18,cma-es-ppmf-dp-10-pt-0.1
500199,50,Sphere,100,18,cma-es-ppmf-dp-100-pt-0.1
4247,2,Ellips10,0.01,18,cma-es-ppmf-dp-0.01-pt-0.1
3671,2,Ellips10,0.1,18,cma-es-ppmf-dp-0.1-pt-0.1
3415,2,Ellips10,1,18,cma-es-ppmf-dp-1-pt-0.1
4831,2,Ellips10,10,18,cma-es-ppmf-dp-10-pt-0.1
11319,2,Ellips10,100,18,cma-es-ppmf-dp-100-pt-0.1
13839,5,Ellips10,0.01,18,cma-es-ppmf-dp-0.01-pt-0.1
12639,5,Ellips10,0.1,18,cma-es-ppmf-dp-0.1-pt-0.1
12479,5,Ellips10,1,18,cma-es-ppmf-dp-1-pt-0.1
8359,5,Ellips10,10,18,cma-es-ppmf-dp-10-pt-0.1
13459,5,Ellips10,100,18,cma-es-ppmf-dp-100-pt-0.1
42679,10,Ellips10,0.01,18,cma-es-ppmf-dp-0.01-pt-0.1
39919,10,Ellips10,0.1,18,cma-es-ppmf-dp-0.1-pt-0.1
40399,10,Ellips10,1,18,cma-es-ppmf-dp-1-pt-0.1
41959,10,Ellips10,10,18,cma-es-ppmf-dp-10-pt-0.1
43799,10,Ellips10,100,18,cma-es-ppmf-dp-100-pt-0.1
300119,30,Ellips10,0.01,18,cma-es-ppmf-dp-0.01-pt-0.1
300119,30,Ellips10,0.1,18,cma-es-ppmf-dp-0.1-pt-0.1
300119,30,Ellips10,1,18,cma-es-ppmf-dp-1-pt-0.1
300119,30,Ellips10,10,18,cma-es-ppmf-dp-10-pt-0.1
300119,30,Ellips10,100,18,cma-es-ppmf-dp-100-pt-0.1
500199,50,Ellips10,0.01,18,cma-es-ppmf-dp-0.01-pt-0.1
500199,50,Ellips10,0.1,18,cma-es-ppmf-dp-0.1-pt-0.1
500199,50,Ellips10,1,18,cma-es-ppmf-dp-1-pt-0.1
500199,50,Ellips10,10,18,cma-es-ppmf-dp-10-pt-0.1
500199,50,Ellips10,100,18,cma-es-ppmf-dp-100-pt-0.1
4087,2,Ellips100,0.01,18,cma-es-ppmf-dp-0.01-pt-0.1
3903,2,Ellips100,0.1,18,cma-es-ppmf-dp-0.1-pt-0.1
3671,2,Ellips100,1,18,cma-es-ppmf-dp-1-pt-0.1
5559,2,Ellips100,10,18,cma-es-ppmf-dp-10-pt-0.1
8663,2,Ellips100,100,18,cma-es-ppmf-dp-100-pt-0.1
14659,5,Ellips100,0.01,18,cma-es-ppmf-dp-0.01-pt-0.1
12899,5,Ellips100,0.1,18,cma-es-ppmf-dp-0.1-pt-0.1
12719,5,Ellips100,1,18,cma-es-ppmf-dp-1-pt-0.1
11419,5,Ellips100,10,18,cma-es-ppmf-dp-10-pt-0.1
16319,5,Ellips100,100,18,cma-es-ppmf-dp-100-pt-0.1
43839,10,Ellips100,0.01,18,cma-es-ppmf-dp-0.01-pt-0.1
41159,10,Ellips100,0.1,18,cma-es-ppmf-dp-0.1-pt-0.1
41439,10,Ellips100,1,18,cma-es-ppmf-dp-1-pt-0.1
40359,10,Ellips100,10,18,cma-es-ppmf-dp-10-pt-0.1
39079,10,Ellips100,100,18,cma-es-ppmf-dp-100-pt-0.1
300119,30,Ellips100,0.01,18,cma-es-ppmf-dp-0.01-pt-0.1
300119,30,Ellips100,0.1,18,cma-es-ppmf-dp-0.1-pt-0.1
300119,30,Ellips100,1,18,cma-es-ppmf-dp-1-pt-0.1
300119,30,Ellips100,10,18,cma-es-ppmf-dp-10-pt-0.1
300119,30,Ellips100,100,18,cma-es-ppmf-dp-100-pt-0.1
500199,50,Ellips100,0.01,18,cma-es-ppmf-dp-0.01-pt-0.1
500199,50,Ellips100,0.1,18,cma-es-ppmf-dp-0.1-pt-0.1
500199,50,Ellips100,1,18,cma-es-ppmf-dp-1-pt-0.1
500199,50,Ellips100,10,18,cma-es-ppmf-dp-10-pt-0.1
500199,50,Ellips100,100,18,cma-es-ppmf-dp-100-pt-0.1
4023,2,Sphere,0.01,19,cma-es-ppmf-dp-0.01-pt-0.1
3551,2,Sphere,0.1,19,cma-es-ppmf-dp-0.1-pt-0.1
3431,2,Sphere,1,19,cma-es-ppmf-dp-1-pt-0.1
10095,2,Sphere,10,19,cma-es-ppmf-dp-10-pt-0.1
10263,2,Sphere,100,19,cma-es-ppmf-dp-100-pt-0.1
13639,5,Sphere,0.01,19,cma-es-ppmf-dp-0.01-pt-0.1
12579,5,Sphere,0.1,19,cma-es-ppmf-dp-0.1-pt-0.1
12219,5,Sphere,1,19,cma-es-ppmf-dp-1-pt-0.1
15579,5,Sphere,10,19,cma-es-ppmf-dp-10-pt-0.1
16519,5,Sphere,100,19,cma-es-ppmf-dp-100-pt-0.1
41359,10,Sphere,0.01,19,cma-es-ppmf-dp-0.01-pt-0.1
39439,10,Sphere,0.1,19,cma-es-ppmf-dp-0.1-pt-0.1
39559,10,Sphere,1,19,cma-es-ppmf-dp-1-pt-0.1
39479,10,Sphere,10,19,cma-es-ppmf-dp-10-pt-0.1
44879,10,Sphere,100,19,cma-es-ppmf-dp-100-pt-0.1
300119,30,Sphere,0.01,19,cma-es-ppmf-dp-0.01-pt-0.1
300119,30,Sphere,0.1,19,cma-es-ppmf-dp-0.1-pt-0.1
300119,30,Sphere,1,19,cma-es-ppmf-dp-1-pt-0.1
300119,30,Sphere,10,19,cma-es-ppmf-dp-10-pt-0.1
300119,30,Sphere,100,19,cma-es-ppmf-dp-100-pt-0.1
500199,50,Sphere,0.01,19,cma-es-ppmf-dp-0.01-pt-0.1
500199,50,Sphere,0.1,19,cma-es-ppmf-dp-0.1-pt-0.1
500199,50,Sphere,1,19,cma-es-ppmf-dp-1-pt-0.1
500199,50,Sphere,10,19,cma-es-ppmf-dp-10-pt-0.1
500199,50,Sphere,100,19,cma-es-ppmf-dp-100-pt-0.1
4151,2,Ellips10,0.01,19,cma-es-ppmf-dp-0.01-pt-0.1
3655,2,Ellips10,0.1,19,cma-es-ppmf-dp-0.1-pt-0.1
3583,2,Ellips10,1,19,cma-es-ppmf-dp-1-pt-0.1
9743,2,Ellips10,10,19,cma-es-ppmf-dp-10-pt-0.1
16655,2,Ellips10,100,19,cma-es-ppmf-dp-100-pt-0.1
13559,5,Ellips10,0.01,19,cma-es-ppmf-dp-0.01-pt-0.1
12759,5,Ellips10,0.1,19,cma-es-ppmf-dp-0.1-pt-0.1
12319,5,Ellips10,1,19,cma-es-ppmf-dp-1-pt-0.1
15939,5,Ellips10,10,19,cma-es-ppmf-dp-10-pt-0.1
11059,5,Ellips10,100,19,cma-es-ppmf-dp-100-pt-0.1
42119,10,Ellips10,0.01,19,cma-es-ppmf-dp-0.01-pt-0.1
39519,10,Ellips10,0.1,19,cma-es-ppmf-dp-0.1-pt-0.1
40279,10,Ellips10,1,19,cma-es-ppmf-dp-1-pt-0.1
32839,10,Ellips10,10,19,cma-es-ppmf-dp-10-pt-0.1
49599,10,Ellips10,100,19,cma-es-ppmf-dp-100-pt-0.1
300119,30,Ellips10,0.01,19,cma-es-ppmf-dp-0.01-pt-0.1
300119,30,Ellips10,0.1,19,cma-es-ppmf-dp-0.1-pt-0.1
300119,30,Ellips10,1,19,cma-es-ppmf-dp-1-pt-0.1
300119,30,Ellips10,10,19,cma-es-ppmf-dp-10-pt-0.1
300119,30,Ellips10,100,19,cma-es-ppmf-dp-100-pt-0.1
500199,50,Ellips10,0.01,19,cma-es-ppmf-dp-0.01-pt-0.1
500199,50,Ellips10,0.1,19,cma-es-ppmf-dp-0.1-pt-0.1
500199,50,Ellips10,1,19,cma-es-ppmf-dp-1-pt-0.1
500199,50,Ellips10,10,19,cma-es-ppmf-dp-10-pt-0.1
500199,50,Ellips10,100,19,cma-es-ppmf-dp-100-pt-0.1
4359,2,Ellips100,0.01,19,cma-es-ppmf-dp-0.01-pt-0.1
3791,2,Ellips100,0.1,19,cma-es-ppmf-dp-0.1-pt-0.1
3647,2,Ellips100,1,19,cma-es-ppmf-dp-1-pt-0.1
7143,2,Ellips100,10,19,cma-es-ppmf-dp-10-pt-0.1
5191,2,Ellips100,100,19,cma-es-ppmf-dp-100-pt-0.1
14659,5,Ellips100,0.01,19,cma-es-ppmf-dp-0.01-pt-0.1
12879,5,Ellips100,0.1,19,cma-es-ppmf-dp-0.1-pt-0.1
12739,5,Ellips100,1,19,cma-es-ppmf-dp-1-pt-0.1
12419,5,Ellips100,10,19,cma-es-ppmf-dp-10-pt-0.1
13939,5,Ellips100,100,19,cma-es-ppmf-dp-100-pt-0.1
44999,10,Ellips100,0.01,19,cma-es-ppmf-dp-0.01-pt-0.1
41119,10,Ellips100,0.1,19,cma-es-ppmf-dp-0.1-pt-0.1
41639,10,Ellips100,1,19,cma-es-ppmf-dp-1-pt-0.1
38359,10,Ellips100,10,19,cma-es-ppmf-dp-10-pt-0.1
45919,10,Ellips100,100,19,cma-es-ppmf-dp-100-pt-0.1
300119,30,Ellips100,0.01,19,cma-es-ppmf-dp-0.01-pt-0.1
300119,30,Ellips100,0.1,19,cma-es-ppmf-dp-0.1-pt-0.1
300119,30,Ellips100,1,19,cma-es-ppmf-dp-1-pt-0.1
300119,30,Ellips100,10,19,cma-es-ppmf-dp-10-pt-0.1
300119,30,Ellips100,100,19,cma-es-ppmf-dp-100-pt-0.1
500199,50,Ellips100,0.01,19,cma-es-ppmf-dp-0.01-pt-0.1
500199,50,Ellips100,0.1,19,cma-es-ppmf-dp-0.1-pt-0.1
500199,50,Ellips100,1,19,cma-es-ppmf-dp-1-pt-0.1
500199,50,Ellips100,10,19,cma-es-ppmf-dp-10-pt-0.1
500199,50,Ellips100,100,19,cma-es-ppmf-dp-100-pt-0.1
3847,2,Sphere,0.01,20,cma-es-ppmf-dp-0.01-pt-0.1
3719,2,Sphere,0.1,20,cma-es-ppmf-dp-0.1-pt-0.1
3431,2,Sphere,1,20,cma-es-ppmf-dp-1-pt-0.1
4959,2,Sphere,10,20,cma-es-ppmf-dp-10-pt-0.1
17703,2,Sphere,100,20,cma-es-ppmf-dp-100-pt-0.1
13359,5,Sphere,0.01,20,cma-es-ppmf-dp-0.01-pt-0.1
12459,5,Sphere,0.1,20,cma-es-ppmf-dp-0.1-pt-0.1
12299,5,Sphere,1,20,cma-es-ppmf-dp-1-pt-0.1
16959,5,Sphere,10,20,cma-es-ppmf-dp-10-pt-0.1
18859,5,Sphere,100,20,cma-es-ppmf-dp-100-pt-0.1
41239,10,Sphere,0.01,20,cma-es-ppmf-dp-0.01-pt-0.1
39199,10,Sphere,0.1,20,cma-es-ppmf-dp-0.1-pt-0.1
39879,10,Sphere,1,20,cma-es-ppmf-dp-1-pt-0.1
38199,10,Sphere,10,20,cma-es-ppmf-dp-10-pt-0.1
43199,10,Sphere,100,20,cma-es-ppmf-dp-100-pt-0.1
300119,30,Sphere,0.01,20,cma-es-ppmf-dp-0.01-pt-0.1
300119,30,Sphere,0.1,20,cma-es-ppmf-dp-0.1-pt-0.1
300119,30,Sphere,1,20,cma-es-ppmf-dp-1-pt-0.1
300119,30,Sphere,10,20,cma-es-ppmf-dp-10-pt-0.1
300119,30,Sphere,100,20,cma-es-ppmf-dp-100-pt-0.1
500199,50,Sphere,0.01,20,cma-es-ppmf-dp-0.01-pt-0.1
500199,50,Sphere,0.1,20,cma-es-ppmf-dp-0.1-pt-0.1
500199,50,Sphere,1,20,cma-es-ppmf-dp-1-pt-0.1
500199,50,Sphere,10,20,cma-es-ppmf-dp-10-pt-0.1
500199,50,Sphere,100,20,cma-es-ppmf-dp-100-pt-0.1
4015,2,Ellips10,0.01,20,cma-es-ppmf-dp-0.01-pt-0.1
3735,2,Ellips10,0.1,20,cma-es-ppmf-dp-0.1-pt-0.1
3535,2,Ellips10,1,20,cma-es-ppmf-dp-1-pt-0.1
14287,2,Ellips10,10,20,cma-es-ppmf-dp-10-pt-0.1
5583,2,Ellips10,100,20,cma-es-ppmf-dp-100-pt-0.1
14019,5,Ellips10,0.01,20,cma-es-ppmf-dp-0.01-pt-0.1
12779,5,Ellips10,0.1,20,cma-es-ppmf-dp-0.1-pt-0.1
12539,5,Ellips10,1,20,cma-es-ppmf-dp-1-pt-0.1
15499,5,Ellips10,10,20,cma-es-ppmf-dp-10-pt-0.1
22699,5,Ellips10,100,20,cma-es-ppmf-dp-100-pt-0.1
42519,10,Ellips10,0.01,20,cma-es-ppmf-dp-0.01-pt-0.1
40039,10,Ellips10,0.1,20,cma-es-ppmf-dp-0.1-pt-0.1
40199,10,Ellips10,1,20,cma-es-ppmf-dp-1-pt-0.1
48479,10,Ellips10,10,20,cma-es-ppmf-dp-10-pt-0.1
47959,10,Ellips10,100,20,cma-es-ppmf-dp-100-pt-0.1
300119,30,Ellips10,0.01,20,cma-es-ppmf-dp-0.01-pt-0.1
300119,30,Ellips10,0.1,20,cma-es-ppmf-dp-0.1-pt-0.1
300119,30,Ellips10,1,20,cma-es-ppmf-dp-1-pt-0.1
300119,30,Ellips10,10,20,cma-es-ppmf-dp-10-pt-0.1
300119,30,Ellips10,100,20,cma-es-ppmf-dp-100-pt-0.1
500199,50,Ellips10,0.01,20,cma-es-ppmf-dp-0.01-pt-0.1
500199,50,Ellips10,0.1,20,cma-es-ppmf-dp-0.1-pt-0.1
500199,50,Ellips10,1,20,cma-es-ppmf-dp-1-pt-0.1
500199,50,Ellips10,10,20,cma-es-ppmf-dp-10-pt-0.1
500199,50,Ellips10,100,20,cma-es-ppmf-dp-100-pt-0.1
3959,2,Ellips100,0.01,20,cma-es-ppmf-dp-0.01-pt-0.1
3919,2,Ellips100,0.1,20,cma-es-ppmf-dp-0.1-pt-0.1
3871,2,Ellips100,1,20,cma-es-ppmf-dp-1-pt-0.1
13231,2,Ellips100,10,20,cma-es-ppmf-dp-10-pt-0.1
11359,2,Ellips100,100,20,cma-es-ppmf-dp-100-pt-0.1
15299,5,Ellips100,0.01,20,cma-es-ppmf-dp-0.01-pt-0.1
13279,5,Ellips100,0.1,20,cma-es-ppmf-dp-0.1-pt-0.1
12919,5,Ellips100,1,20,cma-es-ppmf-dp-1-pt-0.1
14799,5,Ellips100,10,20,cma-es-ppmf-dp-10-pt-0.1
17859,5,Ellips100,100,20,cma-es-ppmf-dp-100-pt-0.1
43679,10,Ellips100,0.01,20,cma-es-ppmf-dp-0.01-pt-0.1
40999,10,Ellips100,0.1,20,cma-es-ppmf-dp-0.1-pt-0.1
41279,10,Ellips100,1,20,cma-es-ppmf-dp-1-pt-0.1
41119,10,Ellips100,10,20,cma-es-ppmf-dp-10-pt-0.1
45119,10,Ellips100,100,20,cma-es-ppmf-dp-100-pt-0.1
300119,30,Ellips100,0.01,20,cma-es-ppmf-dp-0.01-pt-0.1
300119,30,Ellips100,0.1,20,cma-es-ppmf-dp-0.1-pt-0.1
300119,30,Ellips100,1,20,cma-es-ppmf-dp-1-pt-0.1
300119,30,Ellips100,10,20,cma-es-ppmf-dp-10-pt-0.1
300119,30,Ellips100,100,20,cma-es-ppmf-dp-100-pt-0.1
500199,50,Ellips100,0.01,20,cma-es-ppmf-dp-0.01-pt-0.1
500199,50,Ellips100,0.1,20,cma-es-ppmf-dp-0.1-pt-0.1
500199,50,Ellips100,1,20,cma-es-ppmf-dp-1-pt-0.1
500199,50,Ellips100,10,20,cma-es-ppmf-dp-10-pt-0.1
500199,50,Ellips100,100,20,cma-es-ppmf-dp-100-pt-0.1
