FE,N,Eval,lambda,Iteration,Alg
3244,2,Sphere,10,1,cma-es-ppmf-dp-2-pt-0.1
4640,2,Sphere,50,1,cma-es-ppmf-dp-2-pt-0.1
6463,2,Sphere,100,1,cma-es-ppmf-dp-2-pt-0.1
10049,2,Sphere,200,1,cma-es-ppmf-dp-2-pt-0.1
13544,2,Sphere,300,1,cma-es-ppmf-dp-2-pt-0.1
17643,2,Sphere,400,1,cma-es-ppmf-dp-2-pt-0.1
20039,2,Sphere,500,1,cma-es-ppmf-dp-2-pt-0.1
13023,5,Sphere,10,1,cma-es-ppmf-dp-2-pt-0.1
12851,5,Sphere,50,1,cma-es-ppmf-dp-2-pt-0.1
15553,5,Sphere,100,1,cma-es-ppmf-dp-2-pt-0.1
21707,5,Sphere,200,1,cma-es-ppmf-dp-2-pt-0.1
27691,5,Sphere,300,1,cma-es-ppmf-dp-2-pt-0.1
34084,5,Sphere,400,1,cma-es-ppmf-dp-2-pt-0.1
39077,5,Sphere,500,1,cma-es-ppmf-dp-2-pt-0.1
49059,10,Sphere,10,1,cma-es-ppmf-dp-2-pt-0.1
41513,10,Sphere,50,1,cma-es-ppmf-dp-2-pt-0.1
43429,10,Sphere,100,1,cma-es-ppmf-dp-2-pt-0.1
51254,10,Sphere,200,1,cma-es-ppmf-dp-2-pt-0.1
59597,10,Sphere,300,1,cma-es-ppmf-dp-2-pt-0.1
69372,10,Sphere,400,1,cma-es-ppmf-dp-2-pt-0.1
78155,10,Sphere,500,1,cma-es-ppmf-dp-2-pt-0.1
20393,30,Sphere,10,1,cma-es-ppmf-dp-2-pt-0.1
300032,30,Sphere,50,1,cma-es-ppmf-dp-2-pt-0.1
300070,30,Sphere,100,1,cma-es-ppmf-dp-2-pt-0.1
300092,30,Sphere,200,1,cma-es-ppmf-dp-2-pt-0.1
300096,30,Sphere,300,1,cma-es-ppmf-dp-2-pt-0.1
300348,30,Sphere,400,1,cma-es-ppmf-dp-2-pt-0.1
300098,30,Sphere,500,1,cma-es-ppmf-dp-2-pt-0.1
3387,2,Ellips10,10,1,cma-es-ppmf-dp-2-pt-0.1
4589,2,Ellips10,50,1,cma-es-ppmf-dp-2-pt-0.1
6564,2,Ellips10,100,1,cma-es-ppmf-dp-2-pt-0.1
10250,2,Ellips10,200,1,cma-es-ppmf-dp-2-pt-0.1
13845,2,Ellips10,300,1,cma-es-ppmf-dp-2-pt-0.1
17643,2,Ellips10,400,1,cma-es-ppmf-dp-2-pt-0.1
20039,2,Ellips10,500,1,cma-es-ppmf-dp-2-pt-0.1
13265,5,Ellips10,10,1,cma-es-ppmf-dp-2-pt-0.1
13004,5,Ellips10,50,1,cma-es-ppmf-dp-2-pt-0.1
15957,5,Ellips10,100,1,cma-es-ppmf-dp-2-pt-0.1
21908,5,Ellips10,200,1,cma-es-ppmf-dp-2-pt-0.1
28293,5,Ellips10,300,1,cma-es-ppmf-dp-2-pt-0.1
34084,5,Ellips10,400,1,cma-es-ppmf-dp-2-pt-0.1
40079,5,Ellips10,500,1,cma-es-ppmf-dp-2-pt-0.1
50764,10,Ellips10,10,1,cma-es-ppmf-dp-2-pt-0.1
42023,10,Ellips10,50,1,cma-es-ppmf-dp-2-pt-0.1
44338,10,Ellips10,100,1,cma-es-ppmf-dp-2-pt-0.1
52259,10,Ellips10,200,1,cma-es-ppmf-dp-2-pt-0.1
61704,10,Ellips10,300,1,cma-es-ppmf-dp-2-pt-0.1
69773,10,Ellips10,400,1,cma-es-ppmf-dp-2-pt-0.1
80159,10,Ellips10,500,1,cma-es-ppmf-dp-2-pt-0.1
21779,30,Ellips10,10,1,cma-es-ppmf-dp-2-pt-0.1
300032,30,Ellips10,50,1,cma-es-ppmf-dp-2-pt-0.1
300070,30,Ellips10,100,1,cma-es-ppmf-dp-2-pt-0.1
300092,30,Ellips10,200,1,cma-es-ppmf-dp-2-pt-0.1
300096,30,Ellips10,300,1,cma-es-ppmf-dp-2-pt-0.1
300348,30,Ellips10,400,1,cma-es-ppmf-dp-2-pt-0.1
300098,30,Ellips10,500,1,cma-es-ppmf-dp-2-pt-0.1
3453,2,Ellips100,10,1,cma-es-ppmf-dp-2-pt-0.1
4844,2,Ellips100,50,1,cma-es-ppmf-dp-2-pt-0.1
6665,2,Ellips100,100,1,cma-es-ppmf-dp-2-pt-0.1
10451,2,Ellips100,200,1,cma-es-ppmf-dp-2-pt-0.1
14447,2,Ellips100,300,1,cma-es-ppmf-dp-2-pt-0.1
18044,2,Ellips100,400,1,cma-es-ppmf-dp-2-pt-0.1
20039,2,Ellips100,500,1,cma-es-ppmf-dp-2-pt-0.1
13265,5,Ellips100,10,1,cma-es-ppmf-dp-2-pt-0.1
13208,5,Ellips100,50,1,cma-es-ppmf-dp-2-pt-0.1
16159,5,Ellips100,100,1,cma-es-ppmf-dp-2-pt-0.1
22511,5,Ellips100,200,1,cma-es-ppmf-dp-2-pt-0.1
28895,5,Ellips100,300,1,cma-es-ppmf-dp-2-pt-0.1
35287,5,Ellips100,400,1,cma-es-ppmf-dp-2-pt-0.1
41582,5,Ellips100,500,1,cma-es-ppmf-dp-2-pt-0.1
51699,10,Ellips100,10,1,cma-es-ppmf-dp-2-pt-0.1
43553,10,Ellips100,50,1,cma-es-ppmf-dp-2-pt-0.1
45752,10,Ellips100,100,1,cma-es-ppmf-dp-2-pt-0.1
54068,10,Ellips100,200,1,cma-es-ppmf-dp-2-pt-0.1
62908,10,Ellips100,300,1,cma-es-ppmf-dp-2-pt-0.1
71778,10,Ellips100,400,1,cma-es-ppmf-dp-2-pt-0.1
81662,10,Ellips100,500,1,cma-es-ppmf-dp-2-pt-0.1
300002,30,Ellips100,10,1,cma-es-ppmf-dp-2-pt-0.1
300032,30,Ellips100,50,1,cma-es-ppmf-dp-2-pt-0.1
300070,30,Ellips100,100,1,cma-es-ppmf-dp-2-pt-0.1
300092,30,Ellips100,200,1,cma-es-ppmf-dp-2-pt-0.1
300096,30,Ellips100,300,1,cma-es-ppmf-dp-2-pt-0.1
300348,30,Ellips100,400,1,cma-es-ppmf-dp-2-pt-0.1
300098,30,Ellips100,500,1,cma-es-ppmf-dp-2-pt-0.1
3376,2,Sphere,10,2,cma-es-ppmf-dp-2-pt-0.1
4487,2,Sphere,50,2,cma-es-ppmf-dp-2-pt-0.1
6463,2,Sphere,100,2,cma-es-ppmf-dp-2-pt-0.1
10049,2,Sphere,200,2,cma-es-ppmf-dp-2-pt-0.1
13544,2,Sphere,300,2,cma-es-ppmf-dp-2-pt-0.1
17242,2,Sphere,400,2,cma-es-ppmf-dp-2-pt-0.1
20039,2,Sphere,500,2,cma-es-ppmf-dp-2-pt-0.1
13056,5,Sphere,10,2,cma-es-ppmf-dp-2-pt-0.1
12851,5,Sphere,50,2,cma-es-ppmf-dp-2-pt-0.1
15351,5,Sphere,100,2,cma-es-ppmf-dp-2-pt-0.1
21506,5,Sphere,200,2,cma-es-ppmf-dp-2-pt-0.1
27390,5,Sphere,300,2,cma-es-ppmf-dp-2-pt-0.1
33282,5,Sphere,400,2,cma-es-ppmf-dp-2-pt-0.1
39077,5,Sphere,500,2,cma-es-ppmf-dp-2-pt-0.1
49356,10,Sphere,10,2,cma-es-ppmf-dp-2-pt-0.1
41972,10,Sphere,50,2,cma-es-ppmf-dp-2-pt-0.1
43530,10,Sphere,100,2,cma-es-ppmf-dp-2-pt-0.1
51656,10,Sphere,200,2,cma-es-ppmf-dp-2-pt-0.1
59898,10,Sphere,300,2,cma-es-ppmf-dp-2-pt-0.1
68971,10,Sphere,400,2,cma-es-ppmf-dp-2-pt-0.1
78155,10,Sphere,500,2,cma-es-ppmf-dp-2-pt-0.1
300002,30,Sphere,10,2,cma-es-ppmf-dp-2-pt-0.1
300032,30,Sphere,50,2,cma-es-ppmf-dp-2-pt-0.1
300070,30,Sphere,100,2,cma-es-ppmf-dp-2-pt-0.1
300092,30,Sphere,200,2,cma-es-ppmf-dp-2-pt-0.1
300096,30,Sphere,300,2,cma-es-ppmf-dp-2-pt-0.1
300348,30,Sphere,400,2,cma-es-ppmf-dp-2-pt-0.1
300098,30,Sphere,500,2,cma-es-ppmf-dp-2-pt-0.1
3453,2,Ellips10,10,2,cma-es-ppmf-dp-2-pt-0.1
4793,2,Ellips10,50,2,cma-es-ppmf-dp-2-pt-0.1
6665,2,Ellips10,100,2,cma-es-ppmf-dp-2-pt-0.1
10250,2,Ellips10,200,2,cma-es-ppmf-dp-2-pt-0.1
14447,2,Ellips10,300,2,cma-es-ppmf-dp-2-pt-0.1
17643,2,Ellips10,400,2,cma-es-ppmf-dp-2-pt-0.1
20039,2,Ellips10,500,2,cma-es-ppmf-dp-2-pt-0.1
13342,5,Ellips10,10,2,cma-es-ppmf-dp-2-pt-0.1
12851,5,Ellips10,50,2,cma-es-ppmf-dp-2-pt-0.1
15755,5,Ellips10,100,2,cma-es-ppmf-dp-2-pt-0.1
22109,5,Ellips10,200,2,cma-es-ppmf-dp-2-pt-0.1
27691,5,Ellips10,300,2,cma-es-ppmf-dp-2-pt-0.1
34485,5,Ellips10,400,2,cma-es-ppmf-dp-2-pt-0.1
40580,5,Ellips10,500,2,cma-es-ppmf-dp-2-pt-0.1
50181,10,Ellips10,10,2,cma-es-ppmf-dp-2-pt-0.1
42431,10,Ellips10,50,2,cma-es-ppmf-dp-2-pt-0.1
44237,10,Ellips10,100,2,cma-es-ppmf-dp-2-pt-0.1
52460,10,Ellips10,200,2,cma-es-ppmf-dp-2-pt-0.1
61403,10,Ellips10,300,2,cma-es-ppmf-dp-2-pt-0.1
70174,10,Ellips10,400,2,cma-es-ppmf-dp-2-pt-0.1
79157,10,Ellips10,500,2,cma-es-ppmf-dp-2-pt-0.1
300002,30,Ellips10,10,2,cma-es-ppmf-dp-2-pt-0.1
300032,30,Ellips10,50,2,cma-es-ppmf-dp-2-pt-0.1
300070,30,Ellips10,100,2,cma-es-ppmf-dp-2-pt-0.1
300092,30,Ellips10,200,2,cma-es-ppmf-dp-2-pt-0.1
300096,30,Ellips10,300,2,cma-es-ppmf-dp-2-pt-0.1
300348,30,Ellips10,400,2,cma-es-ppmf-dp-2-pt-0.1
300098,30,Ellips10,500,2,cma-es-ppmf-dp-2-pt-0.1
3618,2,Ellips100,10,2,cma-es-ppmf-dp-2-pt-0.1
4997,2,Ellips100,50,2,cma-es-ppmf-dp-2-pt-0.1
6867,2,Ellips100,100,2,cma-es-ppmf-dp-2-pt-0.1
10451,2,Ellips100,200,2,cma-es-ppmf-dp-2-pt-0.1
14447,2,Ellips100,300,2,cma-es-ppmf-dp-2-pt-0.1
18044,2,Ellips100,400,2,cma-es-ppmf-dp-2-pt-0.1
20039,2,Ellips100,500,2,cma-es-ppmf-dp-2-pt-0.1
13606,5,Ellips100,10,2,cma-es-ppmf-dp-2-pt-0.1
13259,5,Ellips100,50,2,cma-es-ppmf-dp-2-pt-0.1
16159,5,Ellips100,100,2,cma-es-ppmf-dp-2-pt-0.1
22109,5,Ellips100,200,2,cma-es-ppmf-dp-2-pt-0.1
28895,5,Ellips100,300,2,cma-es-ppmf-dp-2-pt-0.1
34886,5,Ellips100,400,2,cma-es-ppmf-dp-2-pt-0.1
41081,5,Ellips100,500,2,cma-es-ppmf-dp-2-pt-0.1
51919,10,Ellips100,10,2,cma-es-ppmf-dp-2-pt-0.1
43961,10,Ellips100,50,2,cma-es-ppmf-dp-2-pt-0.1
45550,10,Ellips100,100,2,cma-es-ppmf-dp-2-pt-0.1
53465,10,Ellips100,200,2,cma-es-ppmf-dp-2-pt-0.1
63209,10,Ellips100,300,2,cma-es-ppmf-dp-2-pt-0.1
71778,10,Ellips100,400,2,cma-es-ppmf-dp-2-pt-0.1
81662,10,Ellips100,500,2,cma-es-ppmf-dp-2-pt-0.1
24969,30,Ellips100,10,2,cma-es-ppmf-dp-2-pt-0.1
300032,30,Ellips100,50,2,cma-es-ppmf-dp-2-pt-0.1
300070,30,Ellips100,100,2,cma-es-ppmf-dp-2-pt-0.1
300092,30,Ellips100,200,2,cma-es-ppmf-dp-2-pt-0.1
300096,30,Ellips100,300,2,cma-es-ppmf-dp-2-pt-0.1
300348,30,Ellips100,400,2,cma-es-ppmf-dp-2-pt-0.1
300098,30,Ellips100,500,2,cma-es-ppmf-dp-2-pt-0.1
3354,2,Sphere,10,3,cma-es-ppmf-dp-2-pt-0.1
4640,2,Sphere,50,3,cma-es-ppmf-dp-2-pt-0.1
6463,2,Sphere,100,3,cma-es-ppmf-dp-2-pt-0.1
10250,2,Sphere,200,3,cma-es-ppmf-dp-2-pt-0.1
13544,2,Sphere,300,3,cma-es-ppmf-dp-2-pt-0.1
16841,2,Sphere,400,3,cma-es-ppmf-dp-2-pt-0.1
20039,2,Sphere,500,3,cma-es-ppmf-dp-2-pt-0.1
13023,5,Sphere,10,3,cma-es-ppmf-dp-2-pt-0.1
12749,5,Sphere,50,3,cma-es-ppmf-dp-2-pt-0.1
15452,5,Sphere,100,3,cma-es-ppmf-dp-2-pt-0.1
21305,5,Sphere,200,3,cma-es-ppmf-dp-2-pt-0.1
27390,5,Sphere,300,3,cma-es-ppmf-dp-2-pt-0.1
33683,5,Sphere,400,3,cma-es-ppmf-dp-2-pt-0.1
39578,5,Sphere,500,3,cma-es-ppmf-dp-2-pt-0.1
49818,10,Sphere,10,3,cma-es-ppmf-dp-2-pt-0.1
41717,10,Sphere,50,3,cma-es-ppmf-dp-2-pt-0.1
43530,10,Sphere,100,3,cma-es-ppmf-dp-2-pt-0.1
51455,10,Sphere,200,3,cma-es-ppmf-dp-2-pt-0.1
60199,10,Sphere,300,3,cma-es-ppmf-dp-2-pt-0.1
68570,10,Sphere,400,3,cma-es-ppmf-dp-2-pt-0.1
78155,10,Sphere,500,3,cma-es-ppmf-dp-2-pt-0.1
300002,30,Sphere,10,3,cma-es-ppmf-dp-2-pt-0.1
300032,30,Sphere,50,3,cma-es-ppmf-dp-2-pt-0.1
300070,30,Sphere,100,3,cma-es-ppmf-dp-2-pt-0.1
300092,30,Sphere,200,3,cma-es-ppmf-dp-2-pt-0.1
300096,30,Sphere,300,3,cma-es-ppmf-dp-2-pt-0.1
300348,30,Sphere,400,3,cma-es-ppmf-dp-2-pt-0.1
300098,30,Sphere,500,3,cma-es-ppmf-dp-2-pt-0.1
3464,2,Ellips10,10,3,cma-es-ppmf-dp-2-pt-0.1
4691,2,Ellips10,50,3,cma-es-ppmf-dp-2-pt-0.1
6564,2,Ellips10,100,3,cma-es-ppmf-dp-2-pt-0.1
10250,2,Ellips10,200,3,cma-es-ppmf-dp-2-pt-0.1
13845,2,Ellips10,300,3,cma-es-ppmf-dp-2-pt-0.1
17242,2,Ellips10,400,3,cma-es-ppmf-dp-2-pt-0.1
20039,2,Ellips10,500,3,cma-es-ppmf-dp-2-pt-0.1
13397,5,Ellips10,10,3,cma-es-ppmf-dp-2-pt-0.1
12851,5,Ellips10,50,3,cma-es-ppmf-dp-2-pt-0.1
15654,5,Ellips10,100,3,cma-es-ppmf-dp-2-pt-0.1
21908,5,Ellips10,200,3,cma-es-ppmf-dp-2-pt-0.1
27992,5,Ellips10,300,3,cma-es-ppmf-dp-2-pt-0.1
33683,5,Ellips10,400,3,cma-es-ppmf-dp-2-pt-0.1
40079,5,Ellips10,500,3,cma-es-ppmf-dp-2-pt-0.1
50896,10,Ellips10,10,3,cma-es-ppmf-dp-2-pt-0.1
42533,10,Ellips10,50,3,cma-es-ppmf-dp-2-pt-0.1
44136,10,Ellips10,100,3,cma-es-ppmf-dp-2-pt-0.1
52460,10,Ellips10,200,3,cma-es-ppmf-dp-2-pt-0.1
61403,10,Ellips10,300,3,cma-es-ppmf-dp-2-pt-0.1
70575,10,Ellips10,400,3,cma-es-ppmf-dp-2-pt-0.1
79157,10,Ellips10,500,3,cma-es-ppmf-dp-2-pt-0.1
300002,30,Ellips10,10,3,cma-es-ppmf-dp-2-pt-0.1
300032,30,Ellips10,50,3,cma-es-ppmf-dp-2-pt-0.1
300070,30,Ellips10,100,3,cma-es-ppmf-dp-2-pt-0.1
300092,30,Ellips10,200,3,cma-es-ppmf-dp-2-pt-0.1
300096,30,Ellips10,300,3,cma-es-ppmf-dp-2-pt-0.1
300348,30,Ellips10,400,3,cma-es-ppmf-dp-2-pt-0.1
300098,30,Ellips10,500,3,cma-es-ppmf-dp-2-pt-0.1
3574,2,Ellips100,10,3,cma-es-ppmf-dp-2-pt-0.1
4895,2,Ellips100,50,3,cma-es-ppmf-dp-2-pt-0.1
6665,2,Ellips100,100,3,cma-es-ppmf-dp-2-pt-0.1
10652,2,Ellips100,200,3,cma-es-ppmf-dp-2-pt-0.1
14447,2,Ellips100,300,3,cma-es-ppmf-dp-2-pt-0.1
18445,2,Ellips100,400,3,cma-es-ppmf-dp-2-pt-0.1
20039,2,Ellips100,500,3,cma-es-ppmf-dp-2-pt-0.1
13628,5,Ellips100,10,3,cma-es-ppmf-dp-2-pt-0.1
13208,5,Ellips100,50,3,cma-es-ppmf-dp-2-pt-0.1
16462,5,Ellips100,100,3,cma-es-ppmf-dp-2-pt-0.1
22712,5,Ellips100,200,3,cma-es-ppmf-dp-2-pt-0.1
28594,5,Ellips100,300,3,cma-es-ppmf-dp-2-pt-0.1
35287,5,Ellips100,400,3,cma-es-ppmf-dp-2-pt-0.1
41081,5,Ellips100,500,3,cma-es-ppmf-dp-2-pt-0.1
51545,10,Ellips100,10,3,cma-es-ppmf-dp-2-pt-0.1
43706,10,Ellips100,50,3,cma-es-ppmf-dp-2-pt-0.1
45550,10,Ellips100,100,3,cma-es-ppmf-dp-2-pt-0.1
53666,10,Ellips100,200,3,cma-es-ppmf-dp-2-pt-0.1
62908,10,Ellips100,300,3,cma-es-ppmf-dp-2-pt-0.1
71377,10,Ellips100,400,3,cma-es-ppmf-dp-2-pt-0.1
81161,10,Ellips100,500,3,cma-es-ppmf-dp-2-pt-0.1
22296,30,Ellips100,10,3,cma-es-ppmf-dp-2-pt-0.1
300032,30,Ellips100,50,3,cma-es-ppmf-dp-2-pt-0.1
300070,30,Ellips100,100,3,cma-es-ppmf-dp-2-pt-0.1
300092,30,Ellips100,200,3,cma-es-ppmf-dp-2-pt-0.1
300096,30,Ellips100,300,3,cma-es-ppmf-dp-2-pt-0.1
300348,30,Ellips100,400,3,cma-es-ppmf-dp-2-pt-0.1
300098,30,Ellips100,500,3,cma-es-ppmf-dp-2-pt-0.1
3288,2,Sphere,10,4,cma-es-ppmf-dp-2-pt-0.1
4640,2,Sphere,50,4,cma-es-ppmf-dp-2-pt-0.1
6463,2,Sphere,100,4,cma-es-ppmf-dp-2-pt-0.1
10049,2,Sphere,200,4,cma-es-ppmf-dp-2-pt-0.1
13845,2,Sphere,300,4,cma-es-ppmf-dp-2-pt-0.1
16841,2,Sphere,400,4,cma-es-ppmf-dp-2-pt-0.1
20039,2,Sphere,500,4,cma-es-ppmf-dp-2-pt-0.1
13045,5,Sphere,10,4,cma-es-ppmf-dp-2-pt-0.1
12953,5,Sphere,50,4,cma-es-ppmf-dp-2-pt-0.1
15755,5,Sphere,100,4,cma-es-ppmf-dp-2-pt-0.1
21305,5,Sphere,200,4,cma-es-ppmf-dp-2-pt-0.1
27390,5,Sphere,300,4,cma-es-ppmf-dp-2-pt-0.1
33282,5,Sphere,400,4,cma-es-ppmf-dp-2-pt-0.1
39077,5,Sphere,500,4,cma-es-ppmf-dp-2-pt-0.1
50148,10,Sphere,10,4,cma-es-ppmf-dp-2-pt-0.1
41003,10,Sphere,50,4,cma-es-ppmf-dp-2-pt-0.1
43328,10,Sphere,100,4,cma-es-ppmf-dp-2-pt-0.1
51254,10,Sphere,200,4,cma-es-ppmf-dp-2-pt-0.1
59898,10,Sphere,300,4,cma-es-ppmf-dp-2-pt-0.1
69372,10,Sphere,400,4,cma-es-ppmf-dp-2-pt-0.1
78155,10,Sphere,500,4,cma-es-ppmf-dp-2-pt-0.1
22032,30,Sphere,10,4,cma-es-ppmf-dp-2-pt-0.1
300032,30,Sphere,50,4,cma-es-ppmf-dp-2-pt-0.1
300070,30,Sphere,100,4,cma-es-ppmf-dp-2-pt-0.1
300092,30,Sphere,200,4,cma-es-ppmf-dp-2-pt-0.1
300096,30,Sphere,300,4,cma-es-ppmf-dp-2-pt-0.1
300348,30,Sphere,400,4,cma-es-ppmf-dp-2-pt-0.1
300098,30,Sphere,500,4,cma-es-ppmf-dp-2-pt-0.1
3420,2,Ellips10,10,4,cma-es-ppmf-dp-2-pt-0.1
4691,2,Ellips10,50,4,cma-es-ppmf-dp-2-pt-0.1
6564,2,Ellips10,100,4,cma-es-ppmf-dp-2-pt-0.1
10250,2,Ellips10,200,4,cma-es-ppmf-dp-2-pt-0.1
14146,2,Ellips10,300,4,cma-es-ppmf-dp-2-pt-0.1
17643,2,Ellips10,400,4,cma-es-ppmf-dp-2-pt-0.1
20039,2,Ellips10,500,4,cma-es-ppmf-dp-2-pt-0.1
12935,5,Ellips10,10,4,cma-es-ppmf-dp-2-pt-0.1
13004,5,Ellips10,50,4,cma-es-ppmf-dp-2-pt-0.1
15856,5,Ellips10,100,4,cma-es-ppmf-dp-2-pt-0.1
21908,5,Ellips10,200,4,cma-es-ppmf-dp-2-pt-0.1
27992,5,Ellips10,300,4,cma-es-ppmf-dp-2-pt-0.1
34084,5,Ellips10,400,4,cma-es-ppmf-dp-2-pt-0.1
40079,5,Ellips10,500,4,cma-es-ppmf-dp-2-pt-0.1
50632,10,Ellips10,10,4,cma-es-ppmf-dp-2-pt-0.1
41819,10,Ellips10,50,4,cma-es-ppmf-dp-2-pt-0.1
44136,10,Ellips10,100,4,cma-es-ppmf-dp-2-pt-0.1
52460,10,Ellips10,200,4,cma-es-ppmf-dp-2-pt-0.1
61403,10,Ellips10,300,4,cma-es-ppmf-dp-2-pt-0.1
70575,10,Ellips10,400,4,cma-es-ppmf-dp-2-pt-0.1
78656,10,Ellips10,500,4,cma-es-ppmf-dp-2-pt-0.1
300002,30,Ellips10,10,4,cma-es-ppmf-dp-2-pt-0.1
300032,30,Ellips10,50,4,cma-es-ppmf-dp-2-pt-0.1
300070,30,Ellips10,100,4,cma-es-ppmf-dp-2-pt-0.1
300092,30,Ellips10,200,4,cma-es-ppmf-dp-2-pt-0.1
300096,30,Ellips10,300,4,cma-es-ppmf-dp-2-pt-0.1
300348,30,Ellips10,400,4,cma-es-ppmf-dp-2-pt-0.1
300098,30,Ellips10,500,4,cma-es-ppmf-dp-2-pt-0.1
3684,2,Ellips100,10,4,cma-es-ppmf-dp-2-pt-0.1
4844,2,Ellips100,50,4,cma-es-ppmf-dp-2-pt-0.1
6867,2,Ellips100,100,4,cma-es-ppmf-dp-2-pt-0.1
10451,2,Ellips100,200,4,cma-es-ppmf-dp-2-pt-0.1
14146,2,Ellips100,300,4,cma-es-ppmf-dp-2-pt-0.1
18445,2,Ellips100,400,4,cma-es-ppmf-dp-2-pt-0.1
20039,2,Ellips100,500,4,cma-es-ppmf-dp-2-pt-0.1
13551,5,Ellips100,10,4,cma-es-ppmf-dp-2-pt-0.1
13310,5,Ellips100,50,4,cma-es-ppmf-dp-2-pt-0.1
16159,5,Ellips100,100,4,cma-es-ppmf-dp-2-pt-0.1
22310,5,Ellips100,200,4,cma-es-ppmf-dp-2-pt-0.1
28594,5,Ellips100,300,4,cma-es-ppmf-dp-2-pt-0.1
34886,5,Ellips100,400,4,cma-es-ppmf-dp-2-pt-0.1
41081,5,Ellips100,500,4,cma-es-ppmf-dp-2-pt-0.1
52205,10,Ellips100,10,4,cma-es-ppmf-dp-2-pt-0.1
44165,10,Ellips100,50,4,cma-es-ppmf-dp-2-pt-0.1
45449,10,Ellips100,100,4,cma-es-ppmf-dp-2-pt-0.1
53666,10,Ellips100,200,4,cma-es-ppmf-dp-2-pt-0.1
63209,10,Ellips100,300,4,cma-es-ppmf-dp-2-pt-0.1
73382,10,Ellips100,400,4,cma-es-ppmf-dp-2-pt-0.1
81161,10,Ellips100,500,4,cma-es-ppmf-dp-2-pt-0.1
300002,30,Ellips100,10,4,cma-es-ppmf-dp-2-pt-0.1
300032,30,Ellips100,50,4,cma-es-ppmf-dp-2-pt-0.1
300070,30,Ellips100,100,4,cma-es-ppmf-dp-2-pt-0.1
300092,30,Ellips100,200,4,cma-es-ppmf-dp-2-pt-0.1
300096,30,Ellips100,300,4,cma-es-ppmf-dp-2-pt-0.1
300348,30,Ellips100,400,4,cma-es-ppmf-dp-2-pt-0.1
300098,30,Ellips100,500,4,cma-es-ppmf-dp-2-pt-0.1
3288,2,Sphere,10,5,cma-es-ppmf-dp-2-pt-0.1
4640,2,Sphere,50,5,cma-es-ppmf-dp-2-pt-0.1
6463,2,Sphere,100,5,cma-es-ppmf-dp-2-pt-0.1
10250,2,Sphere,200,5,cma-es-ppmf-dp-2-pt-0.1
14447,2,Sphere,300,5,cma-es-ppmf-dp-2-pt-0.1
16841,2,Sphere,400,5,cma-es-ppmf-dp-2-pt-0.1
20039,2,Sphere,500,5,cma-es-ppmf-dp-2-pt-0.1
12979,5,Sphere,10,5,cma-es-ppmf-dp-2-pt-0.1
12596,5,Sphere,50,5,cma-es-ppmf-dp-2-pt-0.1
15553,5,Sphere,100,5,cma-es-ppmf-dp-2-pt-0.1
21908,5,Sphere,200,5,cma-es-ppmf-dp-2-pt-0.1
27390,5,Sphere,300,5,cma-es-ppmf-dp-2-pt-0.1
33683,5,Sphere,400,5,cma-es-ppmf-dp-2-pt-0.1
39077,5,Sphere,500,5,cma-es-ppmf-dp-2-pt-0.1
50214,10,Sphere,10,5,cma-es-ppmf-dp-2-pt-0.1
41411,10,Sphere,50,5,cma-es-ppmf-dp-2-pt-0.1
43530,10,Sphere,100,5,cma-es-ppmf-dp-2-pt-0.1
52058,10,Sphere,200,5,cma-es-ppmf-dp-2-pt-0.1
59898,10,Sphere,300,5,cma-es-ppmf-dp-2-pt-0.1
68971,10,Sphere,400,5,cma-es-ppmf-dp-2-pt-0.1
77654,10,Sphere,500,5,cma-es-ppmf-dp-2-pt-0.1
300002,30,Sphere,10,5,cma-es-ppmf-dp-2-pt-0.1
300032,30,Sphere,50,5,cma-es-ppmf-dp-2-pt-0.1
300070,30,Sphere,100,5,cma-es-ppmf-dp-2-pt-0.1
300092,30,Sphere,200,5,cma-es-ppmf-dp-2-pt-0.1
300096,30,Sphere,300,5,cma-es-ppmf-dp-2-pt-0.1
300348,30,Sphere,400,5,cma-es-ppmf-dp-2-pt-0.1
300098,30,Sphere,500,5,cma-es-ppmf-dp-2-pt-0.1
3585,2,Ellips10,10,5,cma-es-ppmf-dp-2-pt-0.1
4742,2,Ellips10,50,5,cma-es-ppmf-dp-2-pt-0.1
6665,2,Ellips10,100,5,cma-es-ppmf-dp-2-pt-0.1
10451,2,Ellips10,200,5,cma-es-ppmf-dp-2-pt-0.1
13845,2,Ellips10,300,5,cma-es-ppmf-dp-2-pt-0.1
17643,2,Ellips10,400,5,cma-es-ppmf-dp-2-pt-0.1
20039,2,Ellips10,500,5,cma-es-ppmf-dp-2-pt-0.1
13133,5,Ellips10,10,5,cma-es-ppmf-dp-2-pt-0.1
12953,5,Ellips10,50,5,cma-es-ppmf-dp-2-pt-0.1
15957,5,Ellips10,100,5,cma-es-ppmf-dp-2-pt-0.1
22310,5,Ellips10,200,5,cma-es-ppmf-dp-2-pt-0.1
27691,5,Ellips10,300,5,cma-es-ppmf-dp-2-pt-0.1
34084,5,Ellips10,400,5,cma-es-ppmf-dp-2-pt-0.1
40079,5,Ellips10,500,5,cma-es-ppmf-dp-2-pt-0.1
50863,10,Ellips10,10,5,cma-es-ppmf-dp-2-pt-0.1
41921,10,Ellips10,50,5,cma-es-ppmf-dp-2-pt-0.1
43934,10,Ellips10,100,5,cma-es-ppmf-dp-2-pt-0.1
52661,10,Ellips10,200,5,cma-es-ppmf-dp-2-pt-0.1
60801,10,Ellips10,300,5,cma-es-ppmf-dp-2-pt-0.1
69372,10,Ellips10,400,5,cma-es-ppmf-dp-2-pt-0.1
78656,10,Ellips10,500,5,cma-es-ppmf-dp-2-pt-0.1
300002,30,Ellips10,10,5,cma-es-ppmf-dp-2-pt-0.1
300032,30,Ellips10,50,5,cma-es-ppmf-dp-2-pt-0.1
300070,30,Ellips10,100,5,cma-es-ppmf-dp-2-pt-0.1
300092,30,Ellips10,200,5,cma-es-ppmf-dp-2-pt-0.1
300096,30,Ellips10,300,5,cma-es-ppmf-dp-2-pt-0.1
300348,30,Ellips10,400,5,cma-es-ppmf-dp-2-pt-0.1
300098,30,Ellips10,500,5,cma-es-ppmf-dp-2-pt-0.1
3618,2,Ellips100,10,5,cma-es-ppmf-dp-2-pt-0.1
4844,2,Ellips100,50,5,cma-es-ppmf-dp-2-pt-0.1
6766,2,Ellips100,100,5,cma-es-ppmf-dp-2-pt-0.1
10451,2,Ellips100,200,5,cma-es-ppmf-dp-2-pt-0.1
14447,2,Ellips100,300,5,cma-es-ppmf-dp-2-pt-0.1
18044,2,Ellips100,400,5,cma-es-ppmf-dp-2-pt-0.1
20039,2,Ellips100,500,5,cma-es-ppmf-dp-2-pt-0.1
13562,5,Ellips100,10,5,cma-es-ppmf-dp-2-pt-0.1
13259,5,Ellips100,50,5,cma-es-ppmf-dp-2-pt-0.1
16058,5,Ellips100,100,5,cma-es-ppmf-dp-2-pt-0.1
22310,5,Ellips100,200,5,cma-es-ppmf-dp-2-pt-0.1
29196,5,Ellips100,300,5,cma-es-ppmf-dp-2-pt-0.1
34886,5,Ellips100,400,5,cma-es-ppmf-dp-2-pt-0.1
41081,5,Ellips100,500,5,cma-es-ppmf-dp-2-pt-0.1
51391,10,Ellips100,10,5,cma-es-ppmf-dp-2-pt-0.1
43808,10,Ellips100,50,5,cma-es-ppmf-dp-2-pt-0.1
45651,10,Ellips100,100,5,cma-es-ppmf-dp-2-pt-0.1
53264,10,Ellips100,200,5,cma-es-ppmf-dp-2-pt-0.1
62908,10,Ellips100,300,5,cma-es-ppmf-dp-2-pt-0.1
71778,10,Ellips100,400,5,cma-es-ppmf-dp-2-pt-0.1
80660,10,Ellips100,500,5,cma-es-ppmf-dp-2-pt-0.1
300002,30,Ellips100,10,5,cma-es-ppmf-dp-2-pt-0.1
300032,30,Ellips100,50,5,cma-es-ppmf-dp-2-pt-0.1
300070,30,Ellips100,100,5,cma-es-ppmf-dp-2-pt-0.1
300092,30,Ellips100,200,5,cma-es-ppmf-dp-2-pt-0.1
300096,30,Ellips100,300,5,cma-es-ppmf-dp-2-pt-0.1
300348,30,Ellips100,400,5,cma-es-ppmf-dp-2-pt-0.1
300098,30,Ellips100,500,5,cma-es-ppmf-dp-2-pt-0.1
3464,2,Sphere,10,6,cma-es-ppmf-dp-2-pt-0.1
4589,2,Sphere,50,6,cma-es-ppmf-dp-2-pt-0.1
6463,2,Sphere,100,6,cma-es-ppmf-dp-2-pt-0.1
10250,2,Sphere,200,6,cma-es-ppmf-dp-2-pt-0.1
14146,2,Sphere,300,6,cma-es-ppmf-dp-2-pt-0.1
17242,2,Sphere,400,6,cma-es-ppmf-dp-2-pt-0.1
20039,2,Sphere,500,6,cma-es-ppmf-dp-2-pt-0.1
13199,5,Sphere,10,6,cma-es-ppmf-dp-2-pt-0.1
12698,5,Sphere,50,6,cma-es-ppmf-dp-2-pt-0.1
15654,5,Sphere,100,6,cma-es-ppmf-dp-2-pt-0.1
21305,5,Sphere,200,6,cma-es-ppmf-dp-2-pt-0.1
27390,5,Sphere,300,6,cma-es-ppmf-dp-2-pt-0.1
33282,5,Sphere,400,6,cma-es-ppmf-dp-2-pt-0.1
39578,5,Sphere,500,6,cma-es-ppmf-dp-2-pt-0.1
50126,10,Sphere,10,6,cma-es-ppmf-dp-2-pt-0.1
41870,10,Sphere,50,6,cma-es-ppmf-dp-2-pt-0.1
43530,10,Sphere,100,6,cma-es-ppmf-dp-2-pt-0.1
51455,10,Sphere,200,6,cma-es-ppmf-dp-2-pt-0.1
60199,10,Sphere,300,6,cma-es-ppmf-dp-2-pt-0.1
68570,10,Sphere,400,6,cma-es-ppmf-dp-2-pt-0.1
78656,10,Sphere,500,6,cma-es-ppmf-dp-2-pt-0.1
300002,30,Sphere,10,6,cma-es-ppmf-dp-2-pt-0.1
300032,30,Sphere,50,6,cma-es-ppmf-dp-2-pt-0.1
300070,30,Sphere,100,6,cma-es-ppmf-dp-2-pt-0.1
300092,30,Sphere,200,6,cma-es-ppmf-dp-2-pt-0.1
300096,30,Sphere,300,6,cma-es-ppmf-dp-2-pt-0.1
300348,30,Sphere,400,6,cma-es-ppmf-dp-2-pt-0.1
300098,30,Sphere,500,6,cma-es-ppmf-dp-2-pt-0.1
3530,2,Ellips10,10,6,cma-es-ppmf-dp-2-pt-0.1
4640,2,Ellips10,50,6,cma-es-ppmf-dp-2-pt-0.1
6564,2,Ellips10,100,6,cma-es-ppmf-dp-2-pt-0.1
10250,2,Ellips10,200,6,cma-es-ppmf-dp-2-pt-0.1
13845,2,Ellips10,300,6,cma-es-ppmf-dp-2-pt-0.1
17643,2,Ellips10,400,6,cma-es-ppmf-dp-2-pt-0.1
20039,2,Ellips10,500,6,cma-es-ppmf-dp-2-pt-0.1
13672,5,Ellips10,10,6,cma-es-ppmf-dp-2-pt-0.1
13208,5,Ellips10,50,6,cma-es-ppmf-dp-2-pt-0.1
15957,5,Ellips10,100,6,cma-es-ppmf-dp-2-pt-0.1
21908,5,Ellips10,200,6,cma-es-ppmf-dp-2-pt-0.1
28293,5,Ellips10,300,6,cma-es-ppmf-dp-2-pt-0.1
34084,5,Ellips10,400,6,cma-es-ppmf-dp-2-pt-0.1
40079,5,Ellips10,500,6,cma-es-ppmf-dp-2-pt-0.1
50181,10,Ellips10,10,6,cma-es-ppmf-dp-2-pt-0.1
42278,10,Ellips10,50,6,cma-es-ppmf-dp-2-pt-0.1
44641,10,Ellips10,100,6,cma-es-ppmf-dp-2-pt-0.1
52661,10,Ellips10,200,6,cma-es-ppmf-dp-2-pt-0.1
61102,10,Ellips10,300,6,cma-es-ppmf-dp-2-pt-0.1
70575,10,Ellips10,400,6,cma-es-ppmf-dp-2-pt-0.1
78656,10,Ellips10,500,6,cma-es-ppmf-dp-2-pt-0.1
300002,30,Ellips10,10,6,cma-es-ppmf-dp-2-pt-0.1
300032,30,Ellips10,50,6,cma-es-ppmf-dp-2-pt-0.1
300070,30,Ellips10,100,6,cma-es-ppmf-dp-2-pt-0.1
300092,30,Ellips10,200,6,cma-es-ppmf-dp-2-pt-0.1
300096,30,Ellips10,300,6,cma-es-ppmf-dp-2-pt-0.1
300348,30,Ellips10,400,6,cma-es-ppmf-dp-2-pt-0.1
300098,30,Ellips10,500,6,cma-es-ppmf-dp-2-pt-0.1
3596,2,Ellips100,10,6,cma-es-ppmf-dp-2-pt-0.1
4895,2,Ellips100,50,6,cma-es-ppmf-dp-2-pt-0.1
6766,2,Ellips100,100,6,cma-es-ppmf-dp-2-pt-0.1
10451,2,Ellips100,200,6,cma-es-ppmf-dp-2-pt-0.1
14447,2,Ellips100,300,6,cma-es-ppmf-dp-2-pt-0.1
18445,2,Ellips100,400,6,cma-es-ppmf-dp-2-pt-0.1
20039,2,Ellips100,500,6,cma-es-ppmf-dp-2-pt-0.1
13562,5,Ellips100,10,6,cma-es-ppmf-dp-2-pt-0.1
13361,5,Ellips100,50,6,cma-es-ppmf-dp-2-pt-0.1
16159,5,Ellips100,100,6,cma-es-ppmf-dp-2-pt-0.1
22310,5,Ellips100,200,6,cma-es-ppmf-dp-2-pt-0.1
28895,5,Ellips100,300,6,cma-es-ppmf-dp-2-pt-0.1
34886,5,Ellips100,400,6,cma-es-ppmf-dp-2-pt-0.1
41081,5,Ellips100,500,6,cma-es-ppmf-dp-2-pt-0.1
51468,10,Ellips100,10,6,cma-es-ppmf-dp-2-pt-0.1
43706,10,Ellips100,50,6,cma-es-ppmf-dp-2-pt-0.1
45651,10,Ellips100,100,6,cma-es-ppmf-dp-2-pt-0.1
53867,10,Ellips100,200,6,cma-es-ppmf-dp-2-pt-0.1
62306,10,Ellips100,300,6,cma-es-ppmf-dp-2-pt-0.1
72981,10,Ellips100,400,6,cma-es-ppmf-dp-2-pt-0.1
81662,10,Ellips100,500,6,cma-es-ppmf-dp-2-pt-0.1
300002,30,Ellips100,10,6,cma-es-ppmf-dp-2-pt-0.1
300032,30,Ellips100,50,6,cma-es-ppmf-dp-2-pt-0.1
300070,30,Ellips100,100,6,cma-es-ppmf-dp-2-pt-0.1
300092,30,Ellips100,200,6,cma-es-ppmf-dp-2-pt-0.1
300096,30,Ellips100,300,6,cma-es-ppmf-dp-2-pt-0.1
300348,30,Ellips100,400,6,cma-es-ppmf-dp-2-pt-0.1
300098,30,Ellips100,500,6,cma-es-ppmf-dp-2-pt-0.1
3387,2,Sphere,10,7,cma-es-ppmf-dp-2-pt-0.1
4589,2,Sphere,50,7,cma-es-ppmf-dp-2-pt-0.1
6463,2,Sphere,100,7,cma-es-ppmf-dp-2-pt-0.1
10049,2,Sphere,200,7,cma-es-ppmf-dp-2-pt-0.1
13845,2,Sphere,300,7,cma-es-ppmf-dp-2-pt-0.1
17242,2,Sphere,400,7,cma-es-ppmf-dp-2-pt-0.1
20039,2,Sphere,500,7,cma-es-ppmf-dp-2-pt-0.1
12979,5,Sphere,10,7,cma-es-ppmf-dp-2-pt-0.1
12749,5,Sphere,50,7,cma-es-ppmf-dp-2-pt-0.1
15553,5,Sphere,100,7,cma-es-ppmf-dp-2-pt-0.1
21305,5,Sphere,200,7,cma-es-ppmf-dp-2-pt-0.1
27390,5,Sphere,300,7,cma-es-ppmf-dp-2-pt-0.1
33282,5,Sphere,400,7,cma-es-ppmf-dp-2-pt-0.1
40079,5,Sphere,500,7,cma-es-ppmf-dp-2-pt-0.1
50137,10,Sphere,10,7,cma-es-ppmf-dp-2-pt-0.1
41615,10,Sphere,50,7,cma-es-ppmf-dp-2-pt-0.1
43429,10,Sphere,100,7,cma-es-ppmf-dp-2-pt-0.1
51656,10,Sphere,200,7,cma-es-ppmf-dp-2-pt-0.1
60199,10,Sphere,300,7,cma-es-ppmf-dp-2-pt-0.1
69773,10,Sphere,400,7,cma-es-ppmf-dp-2-pt-0.1
77153,10,Sphere,500,7,cma-es-ppmf-dp-2-pt-0.1
300002,30,Sphere,10,7,cma-es-ppmf-dp-2-pt-0.1
300032,30,Sphere,50,7,cma-es-ppmf-dp-2-pt-0.1
300070,30,Sphere,100,7,cma-es-ppmf-dp-2-pt-0.1
300092,30,Sphere,200,7,cma-es-ppmf-dp-2-pt-0.1
300096,30,Sphere,300,7,cma-es-ppmf-dp-2-pt-0.1
300348,30,Sphere,400,7,cma-es-ppmf-dp-2-pt-0.1
300098,30,Sphere,500,7,cma-es-ppmf-dp-2-pt-0.1
3431,2,Ellips10,10,7,cma-es-ppmf-dp-2-pt-0.1
4691,2,Ellips10,50,7,cma-es-ppmf-dp-2-pt-0.1
6564,2,Ellips10,100,7,cma-es-ppmf-dp-2-pt-0.1
10250,2,Ellips10,200,7,cma-es-ppmf-dp-2-pt-0.1
13845,2,Ellips10,300,7,cma-es-ppmf-dp-2-pt-0.1
17643,2,Ellips10,400,7,cma-es-ppmf-dp-2-pt-0.1
20039,2,Ellips10,500,7,cma-es-ppmf-dp-2-pt-0.1
13606,5,Ellips10,10,7,cma-es-ppmf-dp-2-pt-0.1
12953,5,Ellips10,50,7,cma-es-ppmf-dp-2-pt-0.1
15755,5,Ellips10,100,7,cma-es-ppmf-dp-2-pt-0.1
22109,5,Ellips10,200,7,cma-es-ppmf-dp-2-pt-0.1
28293,5,Ellips10,300,7,cma-es-ppmf-dp-2-pt-0.1
33683,5,Ellips10,400,7,cma-es-ppmf-dp-2-pt-0.1
40079,5,Ellips10,500,7,cma-es-ppmf-dp-2-pt-0.1
50214,10,Ellips10,10,7,cma-es-ppmf-dp-2-pt-0.1
42176,10,Ellips10,50,7,cma-es-ppmf-dp-2-pt-0.1
44338,10,Ellips10,100,7,cma-es-ppmf-dp-2-pt-0.1
53063,10,Ellips10,200,7,cma-es-ppmf-dp-2-pt-0.1
61102,10,Ellips10,300,7,cma-es-ppmf-dp-2-pt-0.1
70575,10,Ellips10,400,7,cma-es-ppmf-dp-2-pt-0.1
79157,10,Ellips10,500,7,cma-es-ppmf-dp-2-pt-0.1
300002,30,Ellips10,10,7,cma-es-ppmf-dp-2-pt-0.1
300032,30,Ellips10,50,7,cma-es-ppmf-dp-2-pt-0.1
300070,30,Ellips10,100,7,cma-es-ppmf-dp-2-pt-0.1
300092,30,Ellips10,200,7,cma-es-ppmf-dp-2-pt-0.1
300096,30,Ellips10,300,7,cma-es-ppmf-dp-2-pt-0.1
300348,30,Ellips10,400,7,cma-es-ppmf-dp-2-pt-0.1
300098,30,Ellips10,500,7,cma-es-ppmf-dp-2-pt-0.1
3629,2,Ellips100,10,7,cma-es-ppmf-dp-2-pt-0.1
4946,2,Ellips100,50,7,cma-es-ppmf-dp-2-pt-0.1
6766,2,Ellips100,100,7,cma-es-ppmf-dp-2-pt-0.1
10652,2,Ellips100,200,7,cma-es-ppmf-dp-2-pt-0.1
14447,2,Ellips100,300,7,cma-es-ppmf-dp-2-pt-0.1
18445,2,Ellips100,400,7,cma-es-ppmf-dp-2-pt-0.1
20039,2,Ellips100,500,7,cma-es-ppmf-dp-2-pt-0.1
13496,5,Ellips100,10,7,cma-es-ppmf-dp-2-pt-0.1
13361,5,Ellips100,50,7,cma-es-ppmf-dp-2-pt-0.1
16159,5,Ellips100,100,7,cma-es-ppmf-dp-2-pt-0.1
22511,5,Ellips100,200,7,cma-es-ppmf-dp-2-pt-0.1
28895,5,Ellips100,300,7,cma-es-ppmf-dp-2-pt-0.1
34485,5,Ellips100,400,7,cma-es-ppmf-dp-2-pt-0.1
41081,5,Ellips100,500,7,cma-es-ppmf-dp-2-pt-0.1
51699,10,Ellips100,10,7,cma-es-ppmf-dp-2-pt-0.1
43145,10,Ellips100,50,7,cma-es-ppmf-dp-2-pt-0.1
46055,10,Ellips100,100,7,cma-es-ppmf-dp-2-pt-0.1
53666,10,Ellips100,200,7,cma-es-ppmf-dp-2-pt-0.1
62607,10,Ellips100,300,7,cma-es-ppmf-dp-2-pt-0.1
72580,10,Ellips100,400,7,cma-es-ppmf-dp-2-pt-0.1
81161,10,Ellips100,500,7,cma-es-ppmf-dp-2-pt-0.1
300002,30,Ellips100,10,7,cma-es-ppmf-dp-2-pt-0.1
300032,30,Ellips100,50,7,cma-es-ppmf-dp-2-pt-0.1
300070,30,Ellips100,100,7,cma-es-ppmf-dp-2-pt-0.1
300092,30,Ellips100,200,7,cma-es-ppmf-dp-2-pt-0.1
300096,30,Ellips100,300,7,cma-es-ppmf-dp-2-pt-0.1
300348,30,Ellips100,400,7,cma-es-ppmf-dp-2-pt-0.1
300098,30,Ellips100,500,7,cma-es-ppmf-dp-2-pt-0.1
3343,2,Sphere,10,8,cma-es-ppmf-dp-2-pt-0.1
4589,2,Sphere,50,8,cma-es-ppmf-dp-2-pt-0.1
6463,2,Sphere,100,8,cma-es-ppmf-dp-2-pt-0.1
10250,2,Sphere,200,8,cma-es-ppmf-dp-2-pt-0.1
13845,2,Sphere,300,8,cma-es-ppmf-dp-2-pt-0.1
16841,2,Sphere,400,8,cma-es-ppmf-dp-2-pt-0.1
20039,2,Sphere,500,8,cma-es-ppmf-dp-2-pt-0.1
13133,5,Sphere,10,8,cma-es-ppmf-dp-2-pt-0.1
12902,5,Sphere,50,8,cma-es-ppmf-dp-2-pt-0.1
15553,5,Sphere,100,8,cma-es-ppmf-dp-2-pt-0.1
21506,5,Sphere,200,8,cma-es-ppmf-dp-2-pt-0.1
27390,5,Sphere,300,8,cma-es-ppmf-dp-2-pt-0.1
33282,5,Sphere,400,8,cma-es-ppmf-dp-2-pt-0.1
39578,5,Sphere,500,8,cma-es-ppmf-dp-2-pt-0.1
49774,10,Sphere,10,8,cma-es-ppmf-dp-2-pt-0.1
41156,10,Sphere,50,8,cma-es-ppmf-dp-2-pt-0.1
43328,10,Sphere,100,8,cma-es-ppmf-dp-2-pt-0.1
51455,10,Sphere,200,8,cma-es-ppmf-dp-2-pt-0.1
59898,10,Sphere,300,8,cma-es-ppmf-dp-2-pt-0.1
69372,10,Sphere,400,8,cma-es-ppmf-dp-2-pt-0.1
78155,10,Sphere,500,8,cma-es-ppmf-dp-2-pt-0.1
300002,30,Sphere,10,8,cma-es-ppmf-dp-2-pt-0.1
300032,30,Sphere,50,8,cma-es-ppmf-dp-2-pt-0.1
300070,30,Sphere,100,8,cma-es-ppmf-dp-2-pt-0.1
300092,30,Sphere,200,8,cma-es-ppmf-dp-2-pt-0.1
300096,30,Sphere,300,8,cma-es-ppmf-dp-2-pt-0.1
300348,30,Sphere,400,8,cma-es-ppmf-dp-2-pt-0.1
300098,30,Sphere,500,8,cma-es-ppmf-dp-2-pt-0.1
3596,2,Ellips10,10,8,cma-es-ppmf-dp-2-pt-0.1
4691,2,Ellips10,50,8,cma-es-ppmf-dp-2-pt-0.1
6564,2,Ellips10,100,8,cma-es-ppmf-dp-2-pt-0.1
10451,2,Ellips10,200,8,cma-es-ppmf-dp-2-pt-0.1
14146,2,Ellips10,300,8,cma-es-ppmf-dp-2-pt-0.1
17643,2,Ellips10,400,8,cma-es-ppmf-dp-2-pt-0.1
20039,2,Ellips10,500,8,cma-es-ppmf-dp-2-pt-0.1
12979,5,Ellips10,10,8,cma-es-ppmf-dp-2-pt-0.1
12851,5,Ellips10,50,8,cma-es-ppmf-dp-2-pt-0.1
15755,5,Ellips10,100,8,cma-es-ppmf-dp-2-pt-0.1
21707,5,Ellips10,200,8,cma-es-ppmf-dp-2-pt-0.1
27992,5,Ellips10,300,8,cma-es-ppmf-dp-2-pt-0.1
34084,5,Ellips10,400,8,cma-es-ppmf-dp-2-pt-0.1
39578,5,Ellips10,500,8,cma-es-ppmf-dp-2-pt-0.1
50115,10,Ellips10,10,8,cma-es-ppmf-dp-2-pt-0.1
42023,10,Ellips10,50,8,cma-es-ppmf-dp-2-pt-0.1
43934,10,Ellips10,100,8,cma-es-ppmf-dp-2-pt-0.1
52259,10,Ellips10,200,8,cma-es-ppmf-dp-2-pt-0.1
60801,10,Ellips10,300,8,cma-es-ppmf-dp-2-pt-0.1
70575,10,Ellips10,400,8,cma-es-ppmf-dp-2-pt-0.1
79157,10,Ellips10,500,8,cma-es-ppmf-dp-2-pt-0.1
23033,30,Ellips10,10,8,cma-es-ppmf-dp-2-pt-0.1
300032,30,Ellips10,50,8,cma-es-ppmf-dp-2-pt-0.1
300070,30,Ellips10,100,8,cma-es-ppmf-dp-2-pt-0.1
300092,30,Ellips10,200,8,cma-es-ppmf-dp-2-pt-0.1
300096,30,Ellips10,300,8,cma-es-ppmf-dp-2-pt-0.1
300348,30,Ellips10,400,8,cma-es-ppmf-dp-2-pt-0.1
300098,30,Ellips10,500,8,cma-es-ppmf-dp-2-pt-0.1
3662,2,Ellips100,10,8,cma-es-ppmf-dp-2-pt-0.1
4844,2,Ellips100,50,8,cma-es-ppmf-dp-2-pt-0.1
6766,2,Ellips100,100,8,cma-es-ppmf-dp-2-pt-0.1
10652,2,Ellips100,200,8,cma-es-ppmf-dp-2-pt-0.1
14447,2,Ellips100,300,8,cma-es-ppmf-dp-2-pt-0.1
18445,2,Ellips100,400,8,cma-es-ppmf-dp-2-pt-0.1
20039,2,Ellips100,500,8,cma-es-ppmf-dp-2-pt-0.1
13441,5,Ellips100,10,8,cma-es-ppmf-dp-2-pt-0.1
13310,5,Ellips100,50,8,cma-es-ppmf-dp-2-pt-0.1
16159,5,Ellips100,100,8,cma-es-ppmf-dp-2-pt-0.1
22511,5,Ellips100,200,8,cma-es-ppmf-dp-2-pt-0.1
28594,5,Ellips100,300,8,cma-es-ppmf-dp-2-pt-0.1
35688,5,Ellips100,400,8,cma-es-ppmf-dp-2-pt-0.1
41081,5,Ellips100,500,8,cma-es-ppmf-dp-2-pt-0.1
51215,10,Ellips100,10,8,cma-es-ppmf-dp-2-pt-0.1
43196,10,Ellips100,50,8,cma-es-ppmf-dp-2-pt-0.1
45651,10,Ellips100,100,8,cma-es-ppmf-dp-2-pt-0.1
53867,10,Ellips100,200,8,cma-es-ppmf-dp-2-pt-0.1
63510,10,Ellips100,300,8,cma-es-ppmf-dp-2-pt-0.1
72179,10,Ellips100,400,8,cma-es-ppmf-dp-2-pt-0.1
81161,10,Ellips100,500,8,cma-es-ppmf-dp-2-pt-0.1
300002,30,Ellips100,10,8,cma-es-ppmf-dp-2-pt-0.1
300032,30,Ellips100,50,8,cma-es-ppmf-dp-2-pt-0.1
300070,30,Ellips100,100,8,cma-es-ppmf-dp-2-pt-0.1
300092,30,Ellips100,200,8,cma-es-ppmf-dp-2-pt-0.1
300096,30,Ellips100,300,8,cma-es-ppmf-dp-2-pt-0.1
300348,30,Ellips100,400,8,cma-es-ppmf-dp-2-pt-0.1
300098,30,Ellips100,500,8,cma-es-ppmf-dp-2-pt-0.1
3332,2,Sphere,10,9,cma-es-ppmf-dp-2-pt-0.1
4538,2,Sphere,50,9,cma-es-ppmf-dp-2-pt-0.1
6463,2,Sphere,100,9,cma-es-ppmf-dp-2-pt-0.1
10049,2,Sphere,200,9,cma-es-ppmf-dp-2-pt-0.1
13544,2,Sphere,300,9,cma-es-ppmf-dp-2-pt-0.1
17242,2,Sphere,400,9,cma-es-ppmf-dp-2-pt-0.1
20039,2,Sphere,500,9,cma-es-ppmf-dp-2-pt-0.1
13012,5,Sphere,10,9,cma-es-ppmf-dp-2-pt-0.1
12851,5,Sphere,50,9,cma-es-ppmf-dp-2-pt-0.1
15452,5,Sphere,100,9,cma-es-ppmf-dp-2-pt-0.1
21305,5,Sphere,200,9,cma-es-ppmf-dp-2-pt-0.1
27691,5,Sphere,300,9,cma-es-ppmf-dp-2-pt-0.1
33282,5,Sphere,400,9,cma-es-ppmf-dp-2-pt-0.1
39077,5,Sphere,500,9,cma-es-ppmf-dp-2-pt-0.1
49488,10,Sphere,10,9,cma-es-ppmf-dp-2-pt-0.1
41717,10,Sphere,50,9,cma-es-ppmf-dp-2-pt-0.1
43227,10,Sphere,100,9,cma-es-ppmf-dp-2-pt-0.1
51254,10,Sphere,200,9,cma-es-ppmf-dp-2-pt-0.1
59898,10,Sphere,300,9,cma-es-ppmf-dp-2-pt-0.1
69372,10,Sphere,400,9,cma-es-ppmf-dp-2-pt-0.1
78656,10,Sphere,500,9,cma-es-ppmf-dp-2-pt-0.1
300002,30,Sphere,10,9,cma-es-ppmf-dp-2-pt-0.1
300032,30,Sphere,50,9,cma-es-ppmf-dp-2-pt-0.1
300070,30,Sphere,100,9,cma-es-ppmf-dp-2-pt-0.1
300092,30,Sphere,200,9,cma-es-ppmf-dp-2-pt-0.1
300096,30,Sphere,300,9,cma-es-ppmf-dp-2-pt-0.1
300348,30,Sphere,400,9,cma-es-ppmf-dp-2-pt-0.1
300098,30,Sphere,500,9,cma-es-ppmf-dp-2-pt-0.1
3332,2,Ellips10,10,9,cma-es-ppmf-dp-2-pt-0.1
4742,2,Ellips10,50,9,cma-es-ppmf-dp-2-pt-0.1
6665,2,Ellips10,100,9,cma-es-ppmf-dp-2-pt-0.1
10250,2,Ellips10,200,9,cma-es-ppmf-dp-2-pt-0.1
13845,2,Ellips10,300,9,cma-es-ppmf-dp-2-pt-0.1
17242,2,Ellips10,400,9,cma-es-ppmf-dp-2-pt-0.1
20039,2,Ellips10,500,9,cma-es-ppmf-dp-2-pt-0.1
13562,5,Ellips10,10,9,cma-es-ppmf-dp-2-pt-0.1
13055,5,Ellips10,50,9,cma-es-ppmf-dp-2-pt-0.1
15654,5,Ellips10,100,9,cma-es-ppmf-dp-2-pt-0.1
21908,5,Ellips10,200,9,cma-es-ppmf-dp-2-pt-0.1
27992,5,Ellips10,300,9,cma-es-ppmf-dp-2-pt-0.1
34084,5,Ellips10,400,9,cma-es-ppmf-dp-2-pt-0.1
40580,5,Ellips10,500,9,cma-es-ppmf-dp-2-pt-0.1
50104,10,Ellips10,10,9,cma-es-ppmf-dp-2-pt-0.1
42380,10,Ellips10,50,9,cma-es-ppmf-dp-2-pt-0.1
44237,10,Ellips10,100,9,cma-es-ppmf-dp-2-pt-0.1
52259,10,Ellips10,200,9,cma-es-ppmf-dp-2-pt-0.1
60801,10,Ellips10,300,9,cma-es-ppmf-dp-2-pt-0.1
70575,10,Ellips10,400,9,cma-es-ppmf-dp-2-pt-0.1
79157,10,Ellips10,500,9,cma-es-ppmf-dp-2-pt-0.1
300002,30,Ellips10,10,9,cma-es-ppmf-dp-2-pt-0.1
300032,30,Ellips10,50,9,cma-es-ppmf-dp-2-pt-0.1
300070,30,Ellips10,100,9,cma-es-ppmf-dp-2-pt-0.1
300092,30,Ellips10,200,9,cma-es-ppmf-dp-2-pt-0.1
300096,30,Ellips10,300,9,cma-es-ppmf-dp-2-pt-0.1
300348,30,Ellips10,400,9,cma-es-ppmf-dp-2-pt-0.1
300098,30,Ellips10,500,9,cma-es-ppmf-dp-2-pt-0.1
3552,2,Ellips100,10,9,cma-es-ppmf-dp-2-pt-0.1
4844,2,Ellips100,50,9,cma-es-ppmf-dp-2-pt-0.1
6968,2,Ellips100,100,9,cma-es-ppmf-dp-2-pt-0.1
10451,2,Ellips100,200,9,cma-es-ppmf-dp-2-pt-0.1
14146,2,Ellips100,300,9,cma-es-ppmf-dp-2-pt-0.1
18044,2,Ellips100,400,9,cma-es-ppmf-dp-2-pt-0.1
20039,2,Ellips100,500,9,cma-es-ppmf-dp-2-pt-0.1
13540,5,Ellips100,10,9,cma-es-ppmf-dp-2-pt-0.1
13310,5,Ellips100,50,9,cma-es-ppmf-dp-2-pt-0.1
16361,5,Ellips100,100,9,cma-es-ppmf-dp-2-pt-0.1
22310,5,Ellips100,200,9,cma-es-ppmf-dp-2-pt-0.1
28895,5,Ellips100,300,9,cma-es-ppmf-dp-2-pt-0.1
34485,5,Ellips100,400,9,cma-es-ppmf-dp-2-pt-0.1
41582,5,Ellips100,500,9,cma-es-ppmf-dp-2-pt-0.1
50610,10,Ellips100,10,9,cma-es-ppmf-dp-2-pt-0.1
43247,10,Ellips100,50,9,cma-es-ppmf-dp-2-pt-0.1
45247,10,Ellips100,100,9,cma-es-ppmf-dp-2-pt-0.1
54470,10,Ellips100,200,9,cma-es-ppmf-dp-2-pt-0.1
63209,10,Ellips100,300,9,cma-es-ppmf-dp-2-pt-0.1
72179,10,Ellips100,400,9,cma-es-ppmf-dp-2-pt-0.1
81662,10,Ellips100,500,9,cma-es-ppmf-dp-2-pt-0.1
300002,30,Ellips100,10,9,cma-es-ppmf-dp-2-pt-0.1
300032,30,Ellips100,50,9,cma-es-ppmf-dp-2-pt-0.1
300070,30,Ellips100,100,9,cma-es-ppmf-dp-2-pt-0.1
300092,30,Ellips100,200,9,cma-es-ppmf-dp-2-pt-0.1
300096,30,Ellips100,300,9,cma-es-ppmf-dp-2-pt-0.1
300348,30,Ellips100,400,9,cma-es-ppmf-dp-2-pt-0.1
300098,30,Ellips100,500,9,cma-es-ppmf-dp-2-pt-0.1
3398,2,Sphere,10,10,cma-es-ppmf-dp-2-pt-0.1
4640,2,Sphere,50,10,cma-es-ppmf-dp-2-pt-0.1
6463,2,Sphere,100,10,cma-es-ppmf-dp-2-pt-0.1
10250,2,Sphere,200,10,cma-es-ppmf-dp-2-pt-0.1
13544,2,Sphere,300,10,cma-es-ppmf-dp-2-pt-0.1
17242,2,Sphere,400,10,cma-es-ppmf-dp-2-pt-0.1
20039,2,Sphere,500,10,cma-es-ppmf-dp-2-pt-0.1
13155,5,Sphere,10,10,cma-es-ppmf-dp-2-pt-0.1
12749,5,Sphere,50,10,cma-es-ppmf-dp-2-pt-0.1
15452,5,Sphere,100,10,cma-es-ppmf-dp-2-pt-0.1
21506,5,Sphere,200,10,cma-es-ppmf-dp-2-pt-0.1
27390,5,Sphere,300,10,cma-es-ppmf-dp-2-pt-0.1
33683,5,Sphere,400,10,cma-es-ppmf-dp-2-pt-0.1
39578,5,Sphere,500,10,cma-es-ppmf-dp-2-pt-0.1
49642,10,Sphere,10,10,cma-es-ppmf-dp-2-pt-0.1
41258,10,Sphere,50,10,cma-es-ppmf-dp-2-pt-0.1
43328,10,Sphere,100,10,cma-es-ppmf-dp-2-pt-0.1
51857,10,Sphere,200,10,cma-es-ppmf-dp-2-pt-0.1
60199,10,Sphere,300,10,cma-es-ppmf-dp-2-pt-0.1
68971,10,Sphere,400,10,cma-es-ppmf-dp-2-pt-0.1
78155,10,Sphere,500,10,cma-es-ppmf-dp-2-pt-0.1
300002,30,Sphere,10,10,cma-es-ppmf-dp-2-pt-0.1
300032,30,Sphere,50,10,cma-es-ppmf-dp-2-pt-0.1
300070,30,Sphere,100,10,cma-es-ppmf-dp-2-pt-0.1
300092,30,Sphere,200,10,cma-es-ppmf-dp-2-pt-0.1
300096,30,Sphere,300,10,cma-es-ppmf-dp-2-pt-0.1
300348,30,Sphere,400,10,cma-es-ppmf-dp-2-pt-0.1
300098,30,Sphere,500,10,cma-es-ppmf-dp-2-pt-0.1
3486,2,Ellips10,10,10,cma-es-ppmf-dp-2-pt-0.1
4793,2,Ellips10,50,10,cma-es-ppmf-dp-2-pt-0.1
6665,2,Ellips10,100,10,cma-es-ppmf-dp-2-pt-0.1
10451,2,Ellips10,200,10,cma-es-ppmf-dp-2-pt-0.1
14146,2,Ellips10,300,10,cma-es-ppmf-dp-2-pt-0.1
17643,2,Ellips10,400,10,cma-es-ppmf-dp-2-pt-0.1
20039,2,Ellips10,500,10,cma-es-ppmf-dp-2-pt-0.1
12913,5,Ellips10,10,10,cma-es-ppmf-dp-2-pt-0.1
13208,5,Ellips10,50,10,cma-es-ppmf-dp-2-pt-0.1
15856,5,Ellips10,100,10,cma-es-ppmf-dp-2-pt-0.1
22109,5,Ellips10,200,10,cma-es-ppmf-dp-2-pt-0.1
27992,5,Ellips10,300,10,cma-es-ppmf-dp-2-pt-0.1
34084,5,Ellips10,400,10,cma-es-ppmf-dp-2-pt-0.1
40580,5,Ellips10,500,10,cma-es-ppmf-dp-2-pt-0.1
50544,10,Ellips10,10,10,cma-es-ppmf-dp-2-pt-0.1
42635,10,Ellips10,50,10,cma-es-ppmf-dp-2-pt-0.1
44237,10,Ellips10,100,10,cma-es-ppmf-dp-2-pt-0.1
52259,10,Ellips10,200,10,cma-es-ppmf-dp-2-pt-0.1
61102,10,Ellips10,300,10,cma-es-ppmf-dp-2-pt-0.1
69773,10,Ellips10,400,10,cma-es-ppmf-dp-2-pt-0.1
79658,10,Ellips10,500,10,cma-es-ppmf-dp-2-pt-0.1
300002,30,Ellips10,10,10,cma-es-ppmf-dp-2-pt-0.1
300032,30,Ellips10,50,10,cma-es-ppmf-dp-2-pt-0.1
300070,30,Ellips10,100,10,cma-es-ppmf-dp-2-pt-0.1
300092,30,Ellips10,200,10,cma-es-ppmf-dp-2-pt-0.1
300096,30,Ellips10,300,10,cma-es-ppmf-dp-2-pt-0.1
300348,30,Ellips10,400,10,cma-es-ppmf-dp-2-pt-0.1
300098,30,Ellips10,500,10,cma-es-ppmf-dp-2-pt-0.1
3695,2,Ellips100,10,10,cma-es-ppmf-dp-2-pt-0.1
4946,2,Ellips100,50,10,cma-es-ppmf-dp-2-pt-0.1
6766,2,Ellips100,100,10,cma-es-ppmf-dp-2-pt-0.1
10652,2,Ellips100,200,10,cma-es-ppmf-dp-2-pt-0.1
14447,2,Ellips100,300,10,cma-es-ppmf-dp-2-pt-0.1
18044,2,Ellips100,400,10,cma-es-ppmf-dp-2-pt-0.1
20039,2,Ellips100,500,10,cma-es-ppmf-dp-2-pt-0.1
13683,5,Ellips100,10,10,cma-es-ppmf-dp-2-pt-0.1
13361,5,Ellips100,50,10,cma-es-ppmf-dp-2-pt-0.1
16159,5,Ellips100,100,10,cma-es-ppmf-dp-2-pt-0.1
22310,5,Ellips100,200,10,cma-es-ppmf-dp-2-pt-0.1
28895,5,Ellips100,300,10,cma-es-ppmf-dp-2-pt-0.1
34886,5,Ellips100,400,10,cma-es-ppmf-dp-2-pt-0.1
41081,5,Ellips100,500,10,cma-es-ppmf-dp-2-pt-0.1
52469,10,Ellips100,10,10,cma-es-ppmf-dp-2-pt-0.1
43553,10,Ellips100,50,10,cma-es-ppmf-dp-2-pt-0.1
45853,10,Ellips100,100,10,cma-es-ppmf-dp-2-pt-0.1
54068,10,Ellips100,200,10,cma-es-ppmf-dp-2-pt-0.1
62607,10,Ellips100,300,10,cma-es-ppmf-dp-2-pt-0.1
72179,10,Ellips100,400,10,cma-es-ppmf-dp-2-pt-0.1
80660,10,Ellips100,500,10,cma-es-ppmf-dp-2-pt-0.1
21724,30,Ellips100,10,10,cma-es-ppmf-dp-2-pt-0.1
300032,30,Ellips100,50,10,cma-es-ppmf-dp-2-pt-0.1
300070,30,Ellips100,100,10,cma-es-ppmf-dp-2-pt-0.1
300092,30,Ellips100,200,10,cma-es-ppmf-dp-2-pt-0.1
300096,30,Ellips100,300,10,cma-es-ppmf-dp-2-pt-0.1
300348,30,Ellips100,400,10,cma-es-ppmf-dp-2-pt-0.1
300098,30,Ellips100,500,10,cma-es-ppmf-dp-2-pt-0.1
3266,2,Sphere,10,11,cma-es-ppmf-dp-2-pt-0.1
4589,2,Sphere,50,11,cma-es-ppmf-dp-2-pt-0.1
6362,2,Sphere,100,11,cma-es-ppmf-dp-2-pt-0.1
10049,2,Sphere,200,11,cma-es-ppmf-dp-2-pt-0.1
13544,2,Sphere,300,11,cma-es-ppmf-dp-2-pt-0.1
17242,2,Sphere,400,11,cma-es-ppmf-dp-2-pt-0.1
20039,2,Sphere,500,11,cma-es-ppmf-dp-2-pt-0.1
12902,5,Sphere,10,11,cma-es-ppmf-dp-2-pt-0.1
12902,5,Sphere,50,11,cma-es-ppmf-dp-2-pt-0.1
15553,5,Sphere,100,11,cma-es-ppmf-dp-2-pt-0.1
21506,5,Sphere,200,11,cma-es-ppmf-dp-2-pt-0.1
27992,5,Sphere,300,11,cma-es-ppmf-dp-2-pt-0.1
33683,5,Sphere,400,11,cma-es-ppmf-dp-2-pt-0.1
39578,5,Sphere,500,11,cma-es-ppmf-dp-2-pt-0.1
50269,10,Sphere,10,11,cma-es-ppmf-dp-2-pt-0.1
41360,10,Sphere,50,11,cma-es-ppmf-dp-2-pt-0.1
43732,10,Sphere,100,11,cma-es-ppmf-dp-2-pt-0.1
51455,10,Sphere,200,11,cma-es-ppmf-dp-2-pt-0.1
60199,10,Sphere,300,11,cma-es-ppmf-dp-2-pt-0.1
68971,10,Sphere,400,11,cma-es-ppmf-dp-2-pt-0.1
78155,10,Sphere,500,11,cma-es-ppmf-dp-2-pt-0.1
21471,30,Sphere,10,11,cma-es-ppmf-dp-2-pt-0.1
300032,30,Sphere,50,11,cma-es-ppmf-dp-2-pt-0.1
300070,30,Sphere,100,11,cma-es-ppmf-dp-2-pt-0.1
300092,30,Sphere,200,11,cma-es-ppmf-dp-2-pt-0.1
300096,30,Sphere,300,11,cma-es-ppmf-dp-2-pt-0.1
300348,30,Sphere,400,11,cma-es-ppmf-dp-2-pt-0.1
300098,30,Sphere,500,11,cma-es-ppmf-dp-2-pt-0.1
3409,2,Ellips10,10,11,cma-es-ppmf-dp-2-pt-0.1
4742,2,Ellips10,50,11,cma-es-ppmf-dp-2-pt-0.1
6665,2,Ellips10,100,11,cma-es-ppmf-dp-2-pt-0.1
10451,2,Ellips10,200,11,cma-es-ppmf-dp-2-pt-0.1
13845,2,Ellips10,300,11,cma-es-ppmf-dp-2-pt-0.1
17643,2,Ellips10,400,11,cma-es-ppmf-dp-2-pt-0.1
20039,2,Ellips10,500,11,cma-es-ppmf-dp-2-pt-0.1
12880,5,Ellips10,10,11,cma-es-ppmf-dp-2-pt-0.1
13004,5,Ellips10,50,11,cma-es-ppmf-dp-2-pt-0.1
15856,5,Ellips10,100,11,cma-es-ppmf-dp-2-pt-0.1
21908,5,Ellips10,200,11,cma-es-ppmf-dp-2-pt-0.1
27691,5,Ellips10,300,11,cma-es-ppmf-dp-2-pt-0.1
34084,5,Ellips10,400,11,cma-es-ppmf-dp-2-pt-0.1
40580,5,Ellips10,500,11,cma-es-ppmf-dp-2-pt-0.1
49752,10,Ellips10,10,11,cma-es-ppmf-dp-2-pt-0.1
42533,10,Ellips10,50,11,cma-es-ppmf-dp-2-pt-0.1
44338,10,Ellips10,100,11,cma-es-ppmf-dp-2-pt-0.1
52259,10,Ellips10,200,11,cma-es-ppmf-dp-2-pt-0.1
61102,10,Ellips10,300,11,cma-es-ppmf-dp-2-pt-0.1
70174,10,Ellips10,400,11,cma-es-ppmf-dp-2-pt-0.1
80660,10,Ellips10,500,11,cma-es-ppmf-dp-2-pt-0.1
300002,30,Ellips10,10,11,cma-es-ppmf-dp-2-pt-0.1
300032,30,Ellips10,50,11,cma-es-ppmf-dp-2-pt-0.1
300070,30,Ellips10,100,11,cma-es-ppmf-dp-2-pt-0.1
300092,30,Ellips10,200,11,cma-es-ppmf-dp-2-pt-0.1
300096,30,Ellips10,300,11,cma-es-ppmf-dp-2-pt-0.1
300348,30,Ellips10,400,11,cma-es-ppmf-dp-2-pt-0.1
300098,30,Ellips10,500,11,cma-es-ppmf-dp-2-pt-0.1
3464,2,Ellips100,10,11,cma-es-ppmf-dp-2-pt-0.1
4895,2,Ellips100,50,11,cma-es-ppmf-dp-2-pt-0.1
6867,2,Ellips100,100,11,cma-es-ppmf-dp-2-pt-0.1
10652,2,Ellips100,200,11,cma-es-ppmf-dp-2-pt-0.1
14447,2,Ellips100,300,11,cma-es-ppmf-dp-2-pt-0.1
18445,2,Ellips100,400,11,cma-es-ppmf-dp-2-pt-0.1
20039,2,Ellips100,500,11,cma-es-ppmf-dp-2-pt-0.1
13595,5,Ellips100,10,11,cma-es-ppmf-dp-2-pt-0.1
13361,5,Ellips100,50,11,cma-es-ppmf-dp-2-pt-0.1
16260,5,Ellips100,100,11,cma-es-ppmf-dp-2-pt-0.1
22511,5,Ellips100,200,11,cma-es-ppmf-dp-2-pt-0.1
28895,5,Ellips100,300,11,cma-es-ppmf-dp-2-pt-0.1
34886,5,Ellips100,400,11,cma-es-ppmf-dp-2-pt-0.1
41081,5,Ellips100,500,11,cma-es-ppmf-dp-2-pt-0.1
51677,10,Ellips100,10,11,cma-es-ppmf-dp-2-pt-0.1
43655,10,Ellips100,50,11,cma-es-ppmf-dp-2-pt-0.1
45550,10,Ellips100,100,11,cma-es-ppmf-dp-2-pt-0.1
53666,10,Ellips100,200,11,cma-es-ppmf-dp-2-pt-0.1
62908,10,Ellips100,300,11,cma-es-ppmf-dp-2-pt-0.1
72179,10,Ellips100,400,11,cma-es-ppmf-dp-2-pt-0.1
81161,10,Ellips100,500,11,cma-es-ppmf-dp-2-pt-0.1
300002,30,Ellips100,10,11,cma-es-ppmf-dp-2-pt-0.1
300032,30,Ellips100,50,11,cma-es-ppmf-dp-2-pt-0.1
300070,30,Ellips100,100,11,cma-es-ppmf-dp-2-pt-0.1
300092,30,Ellips100,200,11,cma-es-ppmf-dp-2-pt-0.1
300096,30,Ellips100,300,11,cma-es-ppmf-dp-2-pt-0.1
300348,30,Ellips100,400,11,cma-es-ppmf-dp-2-pt-0.1
300098,30,Ellips100,500,11,cma-es-ppmf-dp-2-pt-0.1
3475,2,Sphere,10,12,cma-es-ppmf-dp-2-pt-0.1
4589,2,Sphere,50,12,cma-es-ppmf-dp-2-pt-0.1
6463,2,Sphere,100,12,cma-es-ppmf-dp-2-pt-0.1
10049,2,Sphere,200,12,cma-es-ppmf-dp-2-pt-0.1
13544,2,Sphere,300,12,cma-es-ppmf-dp-2-pt-0.1
17242,2,Sphere,400,12,cma-es-ppmf-dp-2-pt-0.1
20039,2,Sphere,500,12,cma-es-ppmf-dp-2-pt-0.1
12946,5,Sphere,10,12,cma-es-ppmf-dp-2-pt-0.1
12749,5,Sphere,50,12,cma-es-ppmf-dp-2-pt-0.1
15553,5,Sphere,100,12,cma-es-ppmf-dp-2-pt-0.1
21707,5,Sphere,200,12,cma-es-ppmf-dp-2-pt-0.1
27089,5,Sphere,300,12,cma-es-ppmf-dp-2-pt-0.1
34084,5,Sphere,400,12,cma-es-ppmf-dp-2-pt-0.1
39578,5,Sphere,500,12,cma-es-ppmf-dp-2-pt-0.1
49796,10,Sphere,10,12,cma-es-ppmf-dp-2-pt-0.1
41462,10,Sphere,50,12,cma-es-ppmf-dp-2-pt-0.1
43530,10,Sphere,100,12,cma-es-ppmf-dp-2-pt-0.1
51254,10,Sphere,200,12,cma-es-ppmf-dp-2-pt-0.1
60199,10,Sphere,300,12,cma-es-ppmf-dp-2-pt-0.1
68971,10,Sphere,400,12,cma-es-ppmf-dp-2-pt-0.1
77654,10,Sphere,500,12,cma-es-ppmf-dp-2-pt-0.1
300002,30,Sphere,10,12,cma-es-ppmf-dp-2-pt-0.1
300032,30,Sphere,50,12,cma-es-ppmf-dp-2-pt-0.1
300070,30,Sphere,100,12,cma-es-ppmf-dp-2-pt-0.1
300092,30,Sphere,200,12,cma-es-ppmf-dp-2-pt-0.1
300096,30,Sphere,300,12,cma-es-ppmf-dp-2-pt-0.1
300348,30,Sphere,400,12,cma-es-ppmf-dp-2-pt-0.1
300098,30,Sphere,500,12,cma-es-ppmf-dp-2-pt-0.1
3541,2,Ellips10,10,12,cma-es-ppmf-dp-2-pt-0.1
4742,2,Ellips10,50,12,cma-es-ppmf-dp-2-pt-0.1
6564,2,Ellips10,100,12,cma-es-ppmf-dp-2-pt-0.1
10652,2,Ellips10,200,12,cma-es-ppmf-dp-2-pt-0.1
13845,2,Ellips10,300,12,cma-es-ppmf-dp-2-pt-0.1
17643,2,Ellips10,400,12,cma-es-ppmf-dp-2-pt-0.1
20039,2,Ellips10,500,12,cma-es-ppmf-dp-2-pt-0.1
13243,5,Ellips10,10,12,cma-es-ppmf-dp-2-pt-0.1
13004,5,Ellips10,50,12,cma-es-ppmf-dp-2-pt-0.1
15755,5,Ellips10,100,12,cma-es-ppmf-dp-2-pt-0.1
21908,5,Ellips10,200,12,cma-es-ppmf-dp-2-pt-0.1
28293,5,Ellips10,300,12,cma-es-ppmf-dp-2-pt-0.1
34485,5,Ellips10,400,12,cma-es-ppmf-dp-2-pt-0.1
39578,5,Ellips10,500,12,cma-es-ppmf-dp-2-pt-0.1
50533,10,Ellips10,10,12,cma-es-ppmf-dp-2-pt-0.1
42482,10,Ellips10,50,12,cma-es-ppmf-dp-2-pt-0.1
44439,10,Ellips10,100,12,cma-es-ppmf-dp-2-pt-0.1
52460,10,Ellips10,200,12,cma-es-ppmf-dp-2-pt-0.1
60801,10,Ellips10,300,12,cma-es-ppmf-dp-2-pt-0.1
70575,10,Ellips10,400,12,cma-es-ppmf-dp-2-pt-0.1
78155,10,Ellips10,500,12,cma-es-ppmf-dp-2-pt-0.1
22989,30,Ellips10,10,12,cma-es-ppmf-dp-2-pt-0.1
300032,30,Ellips10,50,12,cma-es-ppmf-dp-2-pt-0.1
300070,30,Ellips10,100,12,cma-es-ppmf-dp-2-pt-0.1
300092,30,Ellips10,200,12,cma-es-ppmf-dp-2-pt-0.1
300096,30,Ellips10,300,12,cma-es-ppmf-dp-2-pt-0.1
300348,30,Ellips10,400,12,cma-es-ppmf-dp-2-pt-0.1
300098,30,Ellips10,500,12,cma-es-ppmf-dp-2-pt-0.1
3629,2,Ellips100,10,12,cma-es-ppmf-dp-2-pt-0.1
4793,2,Ellips100,50,12,cma-es-ppmf-dp-2-pt-0.1
6766,2,Ellips100,100,12,cma-es-ppmf-dp-2-pt-0.1
10652,2,Ellips100,200,12,cma-es-ppmf-dp-2-pt-0.1
14146,2,Ellips100,300,12,cma-es-ppmf-dp-2-pt-0.1
18044,2,Ellips100,400,12,cma-es-ppmf-dp-2-pt-0.1
20039,2,Ellips100,500,12,cma-es-ppmf-dp-2-pt-0.1
13529,5,Ellips100,10,12,cma-es-ppmf-dp-2-pt-0.1
13310,5,Ellips100,50,12,cma-es-ppmf-dp-2-pt-0.1
16260,5,Ellips100,100,12,cma-es-ppmf-dp-2-pt-0.1
22310,5,Ellips100,200,12,cma-es-ppmf-dp-2-pt-0.1
28594,5,Ellips100,300,12,cma-es-ppmf-dp-2-pt-0.1
34886,5,Ellips100,400,12,cma-es-ppmf-dp-2-pt-0.1
41081,5,Ellips100,500,12,cma-es-ppmf-dp-2-pt-0.1
51325,10,Ellips100,10,12,cma-es-ppmf-dp-2-pt-0.1
44063,10,Ellips100,50,12,cma-es-ppmf-dp-2-pt-0.1
45853,10,Ellips100,100,12,cma-es-ppmf-dp-2-pt-0.1
53666,10,Ellips100,200,12,cma-es-ppmf-dp-2-pt-0.1
63209,10,Ellips100,300,12,cma-es-ppmf-dp-2-pt-0.1
71778,10,Ellips100,400,12,cma-es-ppmf-dp-2-pt-0.1
81161,10,Ellips100,500,12,cma-es-ppmf-dp-2-pt-0.1
21427,30,Ellips100,10,12,cma-es-ppmf-dp-2-pt-0.1
300032,30,Ellips100,50,12,cma-es-ppmf-dp-2-pt-0.1
300070,30,Ellips100,100,12,cma-es-ppmf-dp-2-pt-0.1
300092,30,Ellips100,200,12,cma-es-ppmf-dp-2-pt-0.1
300096,30,Ellips100,300,12,cma-es-ppmf-dp-2-pt-0.1
300348,30,Ellips100,400,12,cma-es-ppmf-dp-2-pt-0.1
300098,30,Ellips100,500,12,cma-es-ppmf-dp-2-pt-0.1
3354,2,Sphere,10,13,cma-es-ppmf-dp-2-pt-0.1
4538,2,Sphere,50,13,cma-es-ppmf-dp-2-pt-0.1
6564,2,Sphere,100,13,cma-es-ppmf-dp-2-pt-0.1
10250,2,Sphere,200,13,cma-es-ppmf-dp-2-pt-0.1
13544,2,Sphere,300,13,cma-es-ppmf-dp-2-pt-0.1
17242,2,Sphere,400,13,cma-es-ppmf-dp-2-pt-0.1
20039,2,Sphere,500,13,cma-es-ppmf-dp-2-pt-0.1
13100,5,Sphere,10,13,cma-es-ppmf-dp-2-pt-0.1
12902,5,Sphere,50,13,cma-es-ppmf-dp-2-pt-0.1
15452,5,Sphere,100,13,cma-es-ppmf-dp-2-pt-0.1
21305,5,Sphere,200,13,cma-es-ppmf-dp-2-pt-0.1
27992,5,Sphere,300,13,cma-es-ppmf-dp-2-pt-0.1
33282,5,Sphere,400,13,cma-es-ppmf-dp-2-pt-0.1
39578,5,Sphere,500,13,cma-es-ppmf-dp-2-pt-0.1
49400,10,Sphere,10,13,cma-es-ppmf-dp-2-pt-0.1
41717,10,Sphere,50,13,cma-es-ppmf-dp-2-pt-0.1
43429,10,Sphere,100,13,cma-es-ppmf-dp-2-pt-0.1
51455,10,Sphere,200,13,cma-es-ppmf-dp-2-pt-0.1
60199,10,Sphere,300,13,cma-es-ppmf-dp-2-pt-0.1
69372,10,Sphere,400,13,cma-es-ppmf-dp-2-pt-0.1
78656,10,Sphere,500,13,cma-es-ppmf-dp-2-pt-0.1
300002,30,Sphere,10,13,cma-es-ppmf-dp-2-pt-0.1
300032,30,Sphere,50,13,cma-es-ppmf-dp-2-pt-0.1
300070,30,Sphere,100,13,cma-es-ppmf-dp-2-pt-0.1
300092,30,Sphere,200,13,cma-es-ppmf-dp-2-pt-0.1
300096,30,Sphere,300,13,cma-es-ppmf-dp-2-pt-0.1
300348,30,Sphere,400,13,cma-es-ppmf-dp-2-pt-0.1
300098,30,Sphere,500,13,cma-es-ppmf-dp-2-pt-0.1
3376,2,Ellips10,10,13,cma-es-ppmf-dp-2-pt-0.1
4691,2,Ellips10,50,13,cma-es-ppmf-dp-2-pt-0.1
6665,2,Ellips10,100,13,cma-es-ppmf-dp-2-pt-0.1
10652,2,Ellips10,200,13,cma-es-ppmf-dp-2-pt-0.1
14146,2,Ellips10,300,13,cma-es-ppmf-dp-2-pt-0.1
17242,2,Ellips10,400,13,cma-es-ppmf-dp-2-pt-0.1
20039,2,Ellips10,500,13,cma-es-ppmf-dp-2-pt-0.1
13276,5,Ellips10,10,13,cma-es-ppmf-dp-2-pt-0.1
12953,5,Ellips10,50,13,cma-es-ppmf-dp-2-pt-0.1
15856,5,Ellips10,100,13,cma-es-ppmf-dp-2-pt-0.1
21908,5,Ellips10,200,13,cma-es-ppmf-dp-2-pt-0.1
28293,5,Ellips10,300,13,cma-es-ppmf-dp-2-pt-0.1
34084,5,Ellips10,400,13,cma-es-ppmf-dp-2-pt-0.1
40580,5,Ellips10,500,13,cma-es-ppmf-dp-2-pt-0.1
50049,10,Ellips10,10,13,cma-es-ppmf-dp-2-pt-0.1
42278,10,Ellips10,50,13,cma-es-ppmf-dp-2-pt-0.1
43833,10,Ellips10,100,13,cma-es-ppmf-dp-2-pt-0.1
52862,10,Ellips10,200,13,cma-es-ppmf-dp-2-pt-0.1
61403,10,Ellips10,300,13,cma-es-ppmf-dp-2-pt-0.1
70174,10,Ellips10,400,13,cma-es-ppmf-dp-2-pt-0.1
78656,10,Ellips10,500,13,cma-es-ppmf-dp-2-pt-0.1
300002,30,Ellips10,10,13,cma-es-ppmf-dp-2-pt-0.1
300032,30,Ellips10,50,13,cma-es-ppmf-dp-2-pt-0.1
300070,30,Ellips10,100,13,cma-es-ppmf-dp-2-pt-0.1
300092,30,Ellips10,200,13,cma-es-ppmf-dp-2-pt-0.1
300096,30,Ellips10,300,13,cma-es-ppmf-dp-2-pt-0.1
300348,30,Ellips10,400,13,cma-es-ppmf-dp-2-pt-0.1
300098,30,Ellips10,500,13,cma-es-ppmf-dp-2-pt-0.1
3706,2,Ellips100,10,13,cma-es-ppmf-dp-2-pt-0.1
4793,2,Ellips100,50,13,cma-es-ppmf-dp-2-pt-0.1
6766,2,Ellips100,100,13,cma-es-ppmf-dp-2-pt-0.1
10652,2,Ellips100,200,13,cma-es-ppmf-dp-2-pt-0.1
15049,2,Ellips100,300,13,cma-es-ppmf-dp-2-pt-0.1
18044,2,Ellips100,400,13,cma-es-ppmf-dp-2-pt-0.1
20039,2,Ellips100,500,13,cma-es-ppmf-dp-2-pt-0.1
13386,5,Ellips100,10,13,cma-es-ppmf-dp-2-pt-0.1
13361,5,Ellips100,50,13,cma-es-ppmf-dp-2-pt-0.1
16058,5,Ellips100,100,13,cma-es-ppmf-dp-2-pt-0.1
22511,5,Ellips100,200,13,cma-es-ppmf-dp-2-pt-0.1
28594,5,Ellips100,300,13,cma-es-ppmf-dp-2-pt-0.1
35287,5,Ellips100,400,13,cma-es-ppmf-dp-2-pt-0.1
41081,5,Ellips100,500,13,cma-es-ppmf-dp-2-pt-0.1
52018,10,Ellips100,10,13,cma-es-ppmf-dp-2-pt-0.1
42839,10,Ellips100,50,13,cma-es-ppmf-dp-2-pt-0.1
46055,10,Ellips100,100,13,cma-es-ppmf-dp-2-pt-0.1
54269,10,Ellips100,200,13,cma-es-ppmf-dp-2-pt-0.1
62607,10,Ellips100,300,13,cma-es-ppmf-dp-2-pt-0.1
71778,10,Ellips100,400,13,cma-es-ppmf-dp-2-pt-0.1
80660,10,Ellips100,500,13,cma-es-ppmf-dp-2-pt-0.1
22791,30,Ellips100,10,13,cma-es-ppmf-dp-2-pt-0.1
300032,30,Ellips100,50,13,cma-es-ppmf-dp-2-pt-0.1
300070,30,Ellips100,100,13,cma-es-ppmf-dp-2-pt-0.1
300092,30,Ellips100,200,13,cma-es-ppmf-dp-2-pt-0.1
300096,30,Ellips100,300,13,cma-es-ppmf-dp-2-pt-0.1
300348,30,Ellips100,400,13,cma-es-ppmf-dp-2-pt-0.1
300098,30,Ellips100,500,13,cma-es-ppmf-dp-2-pt-0.1
3354,2,Sphere,10,14,cma-es-ppmf-dp-2-pt-0.1
4691,2,Sphere,50,14,cma-es-ppmf-dp-2-pt-0.1
6463,2,Sphere,100,14,cma-es-ppmf-dp-2-pt-0.1
10049,2,Sphere,200,14,cma-es-ppmf-dp-2-pt-0.1
13544,2,Sphere,300,14,cma-es-ppmf-dp-2-pt-0.1
17242,2,Sphere,400,14,cma-es-ppmf-dp-2-pt-0.1
20039,2,Sphere,500,14,cma-es-ppmf-dp-2-pt-0.1
13243,5,Sphere,10,14,cma-es-ppmf-dp-2-pt-0.1
12647,5,Sphere,50,14,cma-es-ppmf-dp-2-pt-0.1
15654,5,Sphere,100,14,cma-es-ppmf-dp-2-pt-0.1
21707,5,Sphere,200,14,cma-es-ppmf-dp-2-pt-0.1
27390,5,Sphere,300,14,cma-es-ppmf-dp-2-pt-0.1
33282,5,Sphere,400,14,cma-es-ppmf-dp-2-pt-0.1
39578,5,Sphere,500,14,cma-es-ppmf-dp-2-pt-0.1
49928,10,Sphere,10,14,cma-es-ppmf-dp-2-pt-0.1
41309,10,Sphere,50,14,cma-es-ppmf-dp-2-pt-0.1
43631,10,Sphere,100,14,cma-es-ppmf-dp-2-pt-0.1
51857,10,Sphere,200,14,cma-es-ppmf-dp-2-pt-0.1
59898,10,Sphere,300,14,cma-es-ppmf-dp-2-pt-0.1
68570,10,Sphere,400,14,cma-es-ppmf-dp-2-pt-0.1
77654,10,Sphere,500,14,cma-es-ppmf-dp-2-pt-0.1
19964,30,Sphere,10,14,cma-es-ppmf-dp-2-pt-0.1
300032,30,Sphere,50,14,cma-es-ppmf-dp-2-pt-0.1
300070,30,Sphere,100,14,cma-es-ppmf-dp-2-pt-0.1
300092,30,Sphere,200,14,cma-es-ppmf-dp-2-pt-0.1
300096,30,Sphere,300,14,cma-es-ppmf-dp-2-pt-0.1
300348,30,Sphere,400,14,cma-es-ppmf-dp-2-pt-0.1
300098,30,Sphere,500,14,cma-es-ppmf-dp-2-pt-0.1
3475,2,Ellips10,10,14,cma-es-ppmf-dp-2-pt-0.1
4742,2,Ellips10,50,14,cma-es-ppmf-dp-2-pt-0.1
6564,2,Ellips10,100,14,cma-es-ppmf-dp-2-pt-0.1
10250,2,Ellips10,200,14,cma-es-ppmf-dp-2-pt-0.1
13845,2,Ellips10,300,14,cma-es-ppmf-dp-2-pt-0.1
17643,2,Ellips10,400,14,cma-es-ppmf-dp-2-pt-0.1
20039,2,Ellips10,500,14,cma-es-ppmf-dp-2-pt-0.1
13067,5,Ellips10,10,14,cma-es-ppmf-dp-2-pt-0.1
12953,5,Ellips10,50,14,cma-es-ppmf-dp-2-pt-0.1
15957,5,Ellips10,100,14,cma-es-ppmf-dp-2-pt-0.1
21707,5,Ellips10,200,14,cma-es-ppmf-dp-2-pt-0.1
27992,5,Ellips10,300,14,cma-es-ppmf-dp-2-pt-0.1
34084,5,Ellips10,400,14,cma-es-ppmf-dp-2-pt-0.1
39578,5,Ellips10,500,14,cma-es-ppmf-dp-2-pt-0.1
50478,10,Ellips10,10,14,cma-es-ppmf-dp-2-pt-0.1
42584,10,Ellips10,50,14,cma-es-ppmf-dp-2-pt-0.1
44439,10,Ellips10,100,14,cma-es-ppmf-dp-2-pt-0.1
52862,10,Ellips10,200,14,cma-es-ppmf-dp-2-pt-0.1
61704,10,Ellips10,300,14,cma-es-ppmf-dp-2-pt-0.1
70174,10,Ellips10,400,14,cma-es-ppmf-dp-2-pt-0.1
79658,10,Ellips10,500,14,cma-es-ppmf-dp-2-pt-0.1
300002,30,Ellips10,10,14,cma-es-ppmf-dp-2-pt-0.1
300032,30,Ellips10,50,14,cma-es-ppmf-dp-2-pt-0.1
300070,30,Ellips10,100,14,cma-es-ppmf-dp-2-pt-0.1
300092,30,Ellips10,200,14,cma-es-ppmf-dp-2-pt-0.1
300096,30,Ellips10,300,14,cma-es-ppmf-dp-2-pt-0.1
300348,30,Ellips10,400,14,cma-es-ppmf-dp-2-pt-0.1
300098,30,Ellips10,500,14,cma-es-ppmf-dp-2-pt-0.1
3684,2,Ellips100,10,14,cma-es-ppmf-dp-2-pt-0.1
4844,2,Ellips100,50,14,cma-es-ppmf-dp-2-pt-0.1
6867,2,Ellips100,100,14,cma-es-ppmf-dp-2-pt-0.1
10451,2,Ellips100,200,14,cma-es-ppmf-dp-2-pt-0.1
14146,2,Ellips100,300,14,cma-es-ppmf-dp-2-pt-0.1
17643,2,Ellips100,400,14,cma-es-ppmf-dp-2-pt-0.1
20039,2,Ellips100,500,14,cma-es-ppmf-dp-2-pt-0.1
13606,5,Ellips100,10,14,cma-es-ppmf-dp-2-pt-0.1
13412,5,Ellips100,50,14,cma-es-ppmf-dp-2-pt-0.1
16260,5,Ellips100,100,14,cma-es-ppmf-dp-2-pt-0.1
22511,5,Ellips100,200,14,cma-es-ppmf-dp-2-pt-0.1
28895,5,Ellips100,300,14,cma-es-ppmf-dp-2-pt-0.1
35287,5,Ellips100,400,14,cma-es-ppmf-dp-2-pt-0.1
41081,5,Ellips100,500,14,cma-es-ppmf-dp-2-pt-0.1
51226,10,Ellips100,10,14,cma-es-ppmf-dp-2-pt-0.1
43400,10,Ellips100,50,14,cma-es-ppmf-dp-2-pt-0.1
45348,10,Ellips100,100,14,cma-es-ppmf-dp-2-pt-0.1
53867,10,Ellips100,200,14,cma-es-ppmf-dp-2-pt-0.1
62607,10,Ellips100,300,14,cma-es-ppmf-dp-2-pt-0.1
72580,10,Ellips100,400,14,cma-es-ppmf-dp-2-pt-0.1
81161,10,Ellips100,500,14,cma-es-ppmf-dp-2-pt-0.1
19315,30,Ellips100,10,14,cma-es-ppmf-dp-2-pt-0.1
300032,30,Ellips100,50,14,cma-es-ppmf-dp-2-pt-0.1
300070,30,Ellips100,100,14,cma-es-ppmf-dp-2-pt-0.1
300092,30,Ellips100,200,14,cma-es-ppmf-dp-2-pt-0.1
300096,30,Ellips100,300,14,cma-es-ppmf-dp-2-pt-0.1
300348,30,Ellips100,400,14,cma-es-ppmf-dp-2-pt-0.1
300098,30,Ellips100,500,14,cma-es-ppmf-dp-2-pt-0.1
3288,2,Sphere,10,15,cma-es-ppmf-dp-2-pt-0.1
4640,2,Sphere,50,15,cma-es-ppmf-dp-2-pt-0.1
6362,2,Sphere,100,15,cma-es-ppmf-dp-2-pt-0.1
10049,2,Sphere,200,15,cma-es-ppmf-dp-2-pt-0.1
13845,2,Sphere,300,15,cma-es-ppmf-dp-2-pt-0.1
17242,2,Sphere,400,15,cma-es-ppmf-dp-2-pt-0.1
20039,2,Sphere,500,15,cma-es-ppmf-dp-2-pt-0.1
13034,5,Sphere,10,15,cma-es-ppmf-dp-2-pt-0.1
12851,5,Sphere,50,15,cma-es-ppmf-dp-2-pt-0.1
15351,5,Sphere,100,15,cma-es-ppmf-dp-2-pt-0.1
21707,5,Sphere,200,15,cma-es-ppmf-dp-2-pt-0.1
27089,5,Sphere,300,15,cma-es-ppmf-dp-2-pt-0.1
33282,5,Sphere,400,15,cma-es-ppmf-dp-2-pt-0.1
39578,5,Sphere,500,15,cma-es-ppmf-dp-2-pt-0.1
49070,10,Sphere,10,15,cma-es-ppmf-dp-2-pt-0.1
41411,10,Sphere,50,15,cma-es-ppmf-dp-2-pt-0.1
43631,10,Sphere,100,15,cma-es-ppmf-dp-2-pt-0.1
51053,10,Sphere,200,15,cma-es-ppmf-dp-2-pt-0.1
60199,10,Sphere,300,15,cma-es-ppmf-dp-2-pt-0.1
68570,10,Sphere,400,15,cma-es-ppmf-dp-2-pt-0.1
78656,10,Sphere,500,15,cma-es-ppmf-dp-2-pt-0.1
300002,30,Sphere,10,15,cma-es-ppmf-dp-2-pt-0.1
300032,30,Sphere,50,15,cma-es-ppmf-dp-2-pt-0.1
300070,30,Sphere,100,15,cma-es-ppmf-dp-2-pt-0.1
300092,30,Sphere,200,15,cma-es-ppmf-dp-2-pt-0.1
300096,30,Sphere,300,15,cma-es-ppmf-dp-2-pt-0.1
300348,30,Sphere,400,15,cma-es-ppmf-dp-2-pt-0.1
300098,30,Sphere,500,15,cma-es-ppmf-dp-2-pt-0.1
3453,2,Ellips10,10,15,cma-es-ppmf-dp-2-pt-0.1
4793,2,Ellips10,50,15,cma-es-ppmf-dp-2-pt-0.1
6665,2,Ellips10,100,15,cma-es-ppmf-dp-2-pt-0.1
10451,2,Ellips10,200,15,cma-es-ppmf-dp-2-pt-0.1
13845,2,Ellips10,300,15,cma-es-ppmf-dp-2-pt-0.1
17242,2,Ellips10,400,15,cma-es-ppmf-dp-2-pt-0.1
20039,2,Ellips10,500,15,cma-es-ppmf-dp-2-pt-0.1
13155,5,Ellips10,10,15,cma-es-ppmf-dp-2-pt-0.1
13259,5,Ellips10,50,15,cma-es-ppmf-dp-2-pt-0.1
15957,5,Ellips10,100,15,cma-es-ppmf-dp-2-pt-0.1
21707,5,Ellips10,200,15,cma-es-ppmf-dp-2-pt-0.1
28293,5,Ellips10,300,15,cma-es-ppmf-dp-2-pt-0.1
33683,5,Ellips10,400,15,cma-es-ppmf-dp-2-pt-0.1
39578,5,Ellips10,500,15,cma-es-ppmf-dp-2-pt-0.1
50082,10,Ellips10,10,15,cma-es-ppmf-dp-2-pt-0.1
42788,10,Ellips10,50,15,cma-es-ppmf-dp-2-pt-0.1
44035,10,Ellips10,100,15,cma-es-ppmf-dp-2-pt-0.1
52058,10,Ellips10,200,15,cma-es-ppmf-dp-2-pt-0.1
61403,10,Ellips10,300,15,cma-es-ppmf-dp-2-pt-0.1
70174,10,Ellips10,400,15,cma-es-ppmf-dp-2-pt-0.1
79658,10,Ellips10,500,15,cma-es-ppmf-dp-2-pt-0.1
300002,30,Ellips10,10,15,cma-es-ppmf-dp-2-pt-0.1
300032,30,Ellips10,50,15,cma-es-ppmf-dp-2-pt-0.1
300070,30,Ellips10,100,15,cma-es-ppmf-dp-2-pt-0.1
300092,30,Ellips10,200,15,cma-es-ppmf-dp-2-pt-0.1
300096,30,Ellips10,300,15,cma-es-ppmf-dp-2-pt-0.1
300348,30,Ellips10,400,15,cma-es-ppmf-dp-2-pt-0.1
300098,30,Ellips10,500,15,cma-es-ppmf-dp-2-pt-0.1
3596,2,Ellips100,10,15,cma-es-ppmf-dp-2-pt-0.1
4895,2,Ellips100,50,15,cma-es-ppmf-dp-2-pt-0.1
6766,2,Ellips100,100,15,cma-es-ppmf-dp-2-pt-0.1
10451,2,Ellips100,200,15,cma-es-ppmf-dp-2-pt-0.1
14447,2,Ellips100,300,15,cma-es-ppmf-dp-2-pt-0.1
18044,2,Ellips100,400,15,cma-es-ppmf-dp-2-pt-0.1
20039,2,Ellips100,500,15,cma-es-ppmf-dp-2-pt-0.1
13760,5,Ellips100,10,15,cma-es-ppmf-dp-2-pt-0.1
13361,5,Ellips100,50,15,cma-es-ppmf-dp-2-pt-0.1
16361,5,Ellips100,100,15,cma-es-ppmf-dp-2-pt-0.1
22310,5,Ellips100,200,15,cma-es-ppmf-dp-2-pt-0.1
28594,5,Ellips100,300,15,cma-es-ppmf-dp-2-pt-0.1
34485,5,Ellips100,400,15,cma-es-ppmf-dp-2-pt-0.1
41582,5,Ellips100,500,15,cma-es-ppmf-dp-2-pt-0.1
51809,10,Ellips100,10,15,cma-es-ppmf-dp-2-pt-0.1
43400,10,Ellips100,50,15,cma-es-ppmf-dp-2-pt-0.1
45853,10,Ellips100,100,15,cma-es-ppmf-dp-2-pt-0.1
53666,10,Ellips100,200,15,cma-es-ppmf-dp-2-pt-0.1
63209,10,Ellips100,300,15,cma-es-ppmf-dp-2-pt-0.1
72179,10,Ellips100,400,15,cma-es-ppmf-dp-2-pt-0.1
81161,10,Ellips100,500,15,cma-es-ppmf-dp-2-pt-0.1
300002,30,Ellips100,10,15,cma-es-ppmf-dp-2-pt-0.1
300032,30,Ellips100,50,15,cma-es-ppmf-dp-2-pt-0.1
300070,30,Ellips100,100,15,cma-es-ppmf-dp-2-pt-0.1
300092,30,Ellips100,200,15,cma-es-ppmf-dp-2-pt-0.1
300096,30,Ellips100,300,15,cma-es-ppmf-dp-2-pt-0.1
300348,30,Ellips100,400,15,cma-es-ppmf-dp-2-pt-0.1
300098,30,Ellips100,500,15,cma-es-ppmf-dp-2-pt-0.1
3310,2,Sphere,10,16,cma-es-ppmf-dp-2-pt-0.1
4589,2,Sphere,50,16,cma-es-ppmf-dp-2-pt-0.1
6463,2,Sphere,100,16,cma-es-ppmf-dp-2-pt-0.1
10250,2,Sphere,200,16,cma-es-ppmf-dp-2-pt-0.1
13544,2,Sphere,300,16,cma-es-ppmf-dp-2-pt-0.1
16841,2,Sphere,400,16,cma-es-ppmf-dp-2-pt-0.1
20039,2,Sphere,500,16,cma-es-ppmf-dp-2-pt-0.1
13221,5,Sphere,10,16,cma-es-ppmf-dp-2-pt-0.1
12749,5,Sphere,50,16,cma-es-ppmf-dp-2-pt-0.1
15553,5,Sphere,100,16,cma-es-ppmf-dp-2-pt-0.1
21506,5,Sphere,200,16,cma-es-ppmf-dp-2-pt-0.1
27390,5,Sphere,300,16,cma-es-ppmf-dp-2-pt-0.1
33282,5,Sphere,400,16,cma-es-ppmf-dp-2-pt-0.1
39077,5,Sphere,500,16,cma-es-ppmf-dp-2-pt-0.1
49312,10,Sphere,10,16,cma-es-ppmf-dp-2-pt-0.1
41360,10,Sphere,50,16,cma-es-ppmf-dp-2-pt-0.1
44035,10,Sphere,100,16,cma-es-ppmf-dp-2-pt-0.1
51656,10,Sphere,200,16,cma-es-ppmf-dp-2-pt-0.1
59597,10,Sphere,300,16,cma-es-ppmf-dp-2-pt-0.1
68169,10,Sphere,400,16,cma-es-ppmf-dp-2-pt-0.1
77153,10,Sphere,500,16,cma-es-ppmf-dp-2-pt-0.1
300002,30,Sphere,10,16,cma-es-ppmf-dp-2-pt-0.1
300032,30,Sphere,50,16,cma-es-ppmf-dp-2-pt-0.1
300070,30,Sphere,100,16,cma-es-ppmf-dp-2-pt-0.1
300092,30,Sphere,200,16,cma-es-ppmf-dp-2-pt-0.1
300096,30,Sphere,300,16,cma-es-ppmf-dp-2-pt-0.1
300348,30,Sphere,400,16,cma-es-ppmf-dp-2-pt-0.1
300098,30,Sphere,500,16,cma-es-ppmf-dp-2-pt-0.1
3453,2,Ellips10,10,16,cma-es-ppmf-dp-2-pt-0.1
4742,2,Ellips10,50,16,cma-es-ppmf-dp-2-pt-0.1
6564,2,Ellips10,100,16,cma-es-ppmf-dp-2-pt-0.1
10250,2,Ellips10,200,16,cma-es-ppmf-dp-2-pt-0.1
13845,2,Ellips10,300,16,cma-es-ppmf-dp-2-pt-0.1
17643,2,Ellips10,400,16,cma-es-ppmf-dp-2-pt-0.1
20039,2,Ellips10,500,16,cma-es-ppmf-dp-2-pt-0.1
13441,5,Ellips10,10,16,cma-es-ppmf-dp-2-pt-0.1
13208,5,Ellips10,50,16,cma-es-ppmf-dp-2-pt-0.1
15856,5,Ellips10,100,16,cma-es-ppmf-dp-2-pt-0.1
21908,5,Ellips10,200,16,cma-es-ppmf-dp-2-pt-0.1
28293,5,Ellips10,300,16,cma-es-ppmf-dp-2-pt-0.1
34084,5,Ellips10,400,16,cma-es-ppmf-dp-2-pt-0.1
40580,5,Ellips10,500,16,cma-es-ppmf-dp-2-pt-0.1
50368,10,Ellips10,10,16,cma-es-ppmf-dp-2-pt-0.1
42737,10,Ellips10,50,16,cma-es-ppmf-dp-2-pt-0.1
44035,10,Ellips10,100,16,cma-es-ppmf-dp-2-pt-0.1
52259,10,Ellips10,200,16,cma-es-ppmf-dp-2-pt-0.1
60801,10,Ellips10,300,16,cma-es-ppmf-dp-2-pt-0.1
70174,10,Ellips10,400,16,cma-es-ppmf-dp-2-pt-0.1
79157,10,Ellips10,500,16,cma-es-ppmf-dp-2-pt-0.1
300002,30,Ellips10,10,16,cma-es-ppmf-dp-2-pt-0.1
300032,30,Ellips10,50,16,cma-es-ppmf-dp-2-pt-0.1
300070,30,Ellips10,100,16,cma-es-ppmf-dp-2-pt-0.1
300092,30,Ellips10,200,16,cma-es-ppmf-dp-2-pt-0.1
300096,30,Ellips10,300,16,cma-es-ppmf-dp-2-pt-0.1
300348,30,Ellips10,400,16,cma-es-ppmf-dp-2-pt-0.1
300098,30,Ellips10,500,16,cma-es-ppmf-dp-2-pt-0.1
3717,2,Ellips100,10,16,cma-es-ppmf-dp-2-pt-0.1
4946,2,Ellips100,50,16,cma-es-ppmf-dp-2-pt-0.1
6968,2,Ellips100,100,16,cma-es-ppmf-dp-2-pt-0.1
10652,2,Ellips100,200,16,cma-es-ppmf-dp-2-pt-0.1
15049,2,Ellips100,300,16,cma-es-ppmf-dp-2-pt-0.1
18044,2,Ellips100,400,16,cma-es-ppmf-dp-2-pt-0.1
20039,2,Ellips100,500,16,cma-es-ppmf-dp-2-pt-0.1
13859,5,Ellips100,10,16,cma-es-ppmf-dp-2-pt-0.1
13361,5,Ellips100,50,16,cma-es-ppmf-dp-2-pt-0.1
16260,5,Ellips100,100,16,cma-es-ppmf-dp-2-pt-0.1
22511,5,Ellips100,200,16,cma-es-ppmf-dp-2-pt-0.1
28594,5,Ellips100,300,16,cma-es-ppmf-dp-2-pt-0.1
34886,5,Ellips100,400,16,cma-es-ppmf-dp-2-pt-0.1
40580,5,Ellips100,500,16,cma-es-ppmf-dp-2-pt-0.1
51732,10,Ellips100,10,16,cma-es-ppmf-dp-2-pt-0.1
43604,10,Ellips100,50,16,cma-es-ppmf-dp-2-pt-0.1
45449,10,Ellips100,100,16,cma-es-ppmf-dp-2-pt-0.1
53465,10,Ellips100,200,16,cma-es-ppmf-dp-2-pt-0.1
62908,10,Ellips100,300,16,cma-es-ppmf-dp-2-pt-0.1
72179,10,Ellips100,400,16,cma-es-ppmf-dp-2-pt-0.1
81161,10,Ellips100,500,16,cma-es-ppmf-dp-2-pt-0.1
300002,30,Ellips100,10,16,cma-es-ppmf-dp-2-pt-0.1
300032,30,Ellips100,50,16,cma-es-ppmf-dp-2-pt-0.1
300070,30,Ellips100,100,16,cma-es-ppmf-dp-2-pt-0.1
300092,30,Ellips100,200,16,cma-es-ppmf-dp-2-pt-0.1
300096,30,Ellips100,300,16,cma-es-ppmf-dp-2-pt-0.1
300348,30,Ellips100,400,16,cma-es-ppmf-dp-2-pt-0.1
300098,30,Ellips100,500,16,cma-es-ppmf-dp-2-pt-0.1
3431,2,Sphere,10,17,cma-es-ppmf-dp-2-pt-0.1
4640,2,Sphere,50,17,cma-es-ppmf-dp-2-pt-0.1
6463,2,Sphere,100,17,cma-es-ppmf-dp-2-pt-0.1
10049,2,Sphere,200,17,cma-es-ppmf-dp-2-pt-0.1
13544,2,Sphere,300,17,cma-es-ppmf-dp-2-pt-0.1
17643,2,Sphere,400,17,cma-es-ppmf-dp-2-pt-0.1
20039,2,Sphere,500,17,cma-es-ppmf-dp-2-pt-0.1
13078,5,Sphere,10,17,cma-es-ppmf-dp-2-pt-0.1
12698,5,Sphere,50,17,cma-es-ppmf-dp-2-pt-0.1
15452,5,Sphere,100,17,cma-es-ppmf-dp-2-pt-0.1
21104,5,Sphere,200,17,cma-es-ppmf-dp-2-pt-0.1
27691,5,Sphere,300,17,cma-es-ppmf-dp-2-pt-0.1
32881,5,Sphere,400,17,cma-es-ppmf-dp-2-pt-0.1
39578,5,Sphere,500,17,cma-es-ppmf-dp-2-pt-0.1
49411,10,Sphere,10,17,cma-es-ppmf-dp-2-pt-0.1
41462,10,Sphere,50,17,cma-es-ppmf-dp-2-pt-0.1
43429,10,Sphere,100,17,cma-es-ppmf-dp-2-pt-0.1
51254,10,Sphere,200,17,cma-es-ppmf-dp-2-pt-0.1
60199,10,Sphere,300,17,cma-es-ppmf-dp-2-pt-0.1
68570,10,Sphere,400,17,cma-es-ppmf-dp-2-pt-0.1
78155,10,Sphere,500,17,cma-es-ppmf-dp-2-pt-0.1
21735,30,Sphere,10,17,cma-es-ppmf-dp-2-pt-0.1
300032,30,Sphere,50,17,cma-es-ppmf-dp-2-pt-0.1
300070,30,Sphere,100,17,cma-es-ppmf-dp-2-pt-0.1
300092,30,Sphere,200,17,cma-es-ppmf-dp-2-pt-0.1
300096,30,Sphere,300,17,cma-es-ppmf-dp-2-pt-0.1
300348,30,Sphere,400,17,cma-es-ppmf-dp-2-pt-0.1
300098,30,Sphere,500,17,cma-es-ppmf-dp-2-pt-0.1
3365,2,Ellips10,10,17,cma-es-ppmf-dp-2-pt-0.1
4691,2,Ellips10,50,17,cma-es-ppmf-dp-2-pt-0.1
6564,2,Ellips10,100,17,cma-es-ppmf-dp-2-pt-0.1
10451,2,Ellips10,200,17,cma-es-ppmf-dp-2-pt-0.1
14146,2,Ellips10,300,17,cma-es-ppmf-dp-2-pt-0.1
17643,2,Ellips10,400,17,cma-es-ppmf-dp-2-pt-0.1
20039,2,Ellips10,500,17,cma-es-ppmf-dp-2-pt-0.1
12869,5,Ellips10,10,17,cma-es-ppmf-dp-2-pt-0.1
12800,5,Ellips10,50,17,cma-es-ppmf-dp-2-pt-0.1
15856,5,Ellips10,100,17,cma-es-ppmf-dp-2-pt-0.1
21908,5,Ellips10,200,17,cma-es-ppmf-dp-2-pt-0.1
27992,5,Ellips10,300,17,cma-es-ppmf-dp-2-pt-0.1
33683,5,Ellips10,400,17,cma-es-ppmf-dp-2-pt-0.1
40079,5,Ellips10,500,17,cma-es-ppmf-dp-2-pt-0.1
50027,10,Ellips10,10,17,cma-es-ppmf-dp-2-pt-0.1
42227,10,Ellips10,50,17,cma-es-ppmf-dp-2-pt-0.1
44641,10,Ellips10,100,17,cma-es-ppmf-dp-2-pt-0.1
52862,10,Ellips10,200,17,cma-es-ppmf-dp-2-pt-0.1
61403,10,Ellips10,300,17,cma-es-ppmf-dp-2-pt-0.1
70174,10,Ellips10,400,17,cma-es-ppmf-dp-2-pt-0.1
78656,10,Ellips10,500,17,cma-es-ppmf-dp-2-pt-0.1
300002,30,Ellips10,10,17,cma-es-ppmf-dp-2-pt-0.1
300032,30,Ellips10,50,17,cma-es-ppmf-dp-2-pt-0.1
300070,30,Ellips10,100,17,cma-es-ppmf-dp-2-pt-0.1
300092,30,Ellips10,200,17,cma-es-ppmf-dp-2-pt-0.1
300096,30,Ellips10,300,17,cma-es-ppmf-dp-2-pt-0.1
300348,30,Ellips10,400,17,cma-es-ppmf-dp-2-pt-0.1
300098,30,Ellips10,500,17,cma-es-ppmf-dp-2-pt-0.1
3497,2,Ellips100,10,17,cma-es-ppmf-dp-2-pt-0.1
4844,2,Ellips100,50,17,cma-es-ppmf-dp-2-pt-0.1
6867,2,Ellips100,100,17,cma-es-ppmf-dp-2-pt-0.1
10451,2,Ellips100,200,17,cma-es-ppmf-dp-2-pt-0.1
14447,2,Ellips100,300,17,cma-es-ppmf-dp-2-pt-0.1
18445,2,Ellips100,400,17,cma-es-ppmf-dp-2-pt-0.1
20039,2,Ellips100,500,17,cma-es-ppmf-dp-2-pt-0.1
13463,5,Ellips100,10,17,cma-es-ppmf-dp-2-pt-0.1
13259,5,Ellips100,50,17,cma-es-ppmf-dp-2-pt-0.1
16260,5,Ellips100,100,17,cma-es-ppmf-dp-2-pt-0.1
22310,5,Ellips100,200,17,cma-es-ppmf-dp-2-pt-0.1
28895,5,Ellips100,300,17,cma-es-ppmf-dp-2-pt-0.1
34886,5,Ellips100,400,17,cma-es-ppmf-dp-2-pt-0.1
41582,5,Ellips100,500,17,cma-es-ppmf-dp-2-pt-0.1
51072,10,Ellips100,10,17,cma-es-ppmf-dp-2-pt-0.1
43502,10,Ellips100,50,17,cma-es-ppmf-dp-2-pt-0.1
45853,10,Ellips100,100,17,cma-es-ppmf-dp-2-pt-0.1
54671,10,Ellips100,200,17,cma-es-ppmf-dp-2-pt-0.1
62908,10,Ellips100,300,17,cma-es-ppmf-dp-2-pt-0.1
72179,10,Ellips100,400,17,cma-es-ppmf-dp-2-pt-0.1
80660,10,Ellips100,500,17,cma-es-ppmf-dp-2-pt-0.1
300002,30,Ellips100,10,17,cma-es-ppmf-dp-2-pt-0.1
300032,30,Ellips100,50,17,cma-es-ppmf-dp-2-pt-0.1
300070,30,Ellips100,100,17,cma-es-ppmf-dp-2-pt-0.1
300092,30,Ellips100,200,17,cma-es-ppmf-dp-2-pt-0.1
300096,30,Ellips100,300,17,cma-es-ppmf-dp-2-pt-0.1
300348,30,Ellips100,400,17,cma-es-ppmf-dp-2-pt-0.1
300098,30,Ellips100,500,17,cma-es-ppmf-dp-2-pt-0.1
3321,2,Sphere,10,18,cma-es-ppmf-dp-2-pt-0.1
4589,2,Sphere,50,18,cma-es-ppmf-dp-2-pt-0.1
6362,2,Sphere,100,18,cma-es-ppmf-dp-2-pt-0.1
10049,2,Sphere,200,18,cma-es-ppmf-dp-2-pt-0.1
13845,2,Sphere,300,18,cma-es-ppmf-dp-2-pt-0.1
17643,2,Sphere,400,18,cma-es-ppmf-dp-2-pt-0.1
20039,2,Sphere,500,18,cma-es-ppmf-dp-2-pt-0.1
12957,5,Sphere,10,18,cma-es-ppmf-dp-2-pt-0.1
12647,5,Sphere,50,18,cma-es-ppmf-dp-2-pt-0.1
15452,5,Sphere,100,18,cma-es-ppmf-dp-2-pt-0.1
21707,5,Sphere,200,18,cma-es-ppmf-dp-2-pt-0.1
27390,5,Sphere,300,18,cma-es-ppmf-dp-2-pt-0.1
33282,5,Sphere,400,18,cma-es-ppmf-dp-2-pt-0.1
39578,5,Sphere,500,18,cma-es-ppmf-dp-2-pt-0.1
50335,10,Sphere,10,18,cma-es-ppmf-dp-2-pt-0.1
41105,10,Sphere,50,18,cma-es-ppmf-dp-2-pt-0.1
43530,10,Sphere,100,18,cma-es-ppmf-dp-2-pt-0.1
51857,10,Sphere,200,18,cma-es-ppmf-dp-2-pt-0.1
60199,10,Sphere,300,18,cma-es-ppmf-dp-2-pt-0.1
68971,10,Sphere,400,18,cma-es-ppmf-dp-2-pt-0.1
78155,10,Sphere,500,18,cma-es-ppmf-dp-2-pt-0.1
300002,30,Sphere,10,18,cma-es-ppmf-dp-2-pt-0.1
300032,30,Sphere,50,18,cma-es-ppmf-dp-2-pt-0.1
300070,30,Sphere,100,18,cma-es-ppmf-dp-2-pt-0.1
300092,30,Sphere,200,18,cma-es-ppmf-dp-2-pt-0.1
300096,30,Sphere,300,18,cma-es-ppmf-dp-2-pt-0.1
300348,30,Sphere,400,18,cma-es-ppmf-dp-2-pt-0.1
300098,30,Sphere,500,18,cma-es-ppmf-dp-2-pt-0.1
3409,2,Ellips10,10,18,cma-es-ppmf-dp-2-pt-0.1
4793,2,Ellips10,50,18,cma-es-ppmf-dp-2-pt-0.1
6564,2,Ellips10,100,18,cma-es-ppmf-dp-2-pt-0.1
10049,2,Ellips10,200,18,cma-es-ppmf-dp-2-pt-0.1
14146,2,Ellips10,300,18,cma-es-ppmf-dp-2-pt-0.1
17242,2,Ellips10,400,18,cma-es-ppmf-dp-2-pt-0.1
20039,2,Ellips10,500,18,cma-es-ppmf-dp-2-pt-0.1
13188,5,Ellips10,10,18,cma-es-ppmf-dp-2-pt-0.1
13157,5,Ellips10,50,18,cma-es-ppmf-dp-2-pt-0.1
15755,5,Ellips10,100,18,cma-es-ppmf-dp-2-pt-0.1
21908,5,Ellips10,200,18,cma-es-ppmf-dp-2-pt-0.1
27992,5,Ellips10,300,18,cma-es-ppmf-dp-2-pt-0.1
34084,5,Ellips10,400,18,cma-es-ppmf-dp-2-pt-0.1
40079,5,Ellips10,500,18,cma-es-ppmf-dp-2-pt-0.1
50324,10,Ellips10,10,18,cma-es-ppmf-dp-2-pt-0.1
42125,10,Ellips10,50,18,cma-es-ppmf-dp-2-pt-0.1
44035,10,Ellips10,100,18,cma-es-ppmf-dp-2-pt-0.1
51656,10,Ellips10,200,18,cma-es-ppmf-dp-2-pt-0.1
61102,10,Ellips10,300,18,cma-es-ppmf-dp-2-pt-0.1
70575,10,Ellips10,400,18,cma-es-ppmf-dp-2-pt-0.1
79157,10,Ellips10,500,18,cma-es-ppmf-dp-2-pt-0.1
300002,30,Ellips10,10,18,cma-es-ppmf-dp-2-pt-0.1
300032,30,Ellips10,50,18,cma-es-ppmf-dp-2-pt-0.1
300070,30,Ellips10,100,18,cma-es-ppmf-dp-2-pt-0.1
300092,30,Ellips10,200,18,cma-es-ppmf-dp-2-pt-0.1
300096,30,Ellips10,300,18,cma-es-ppmf-dp-2-pt-0.1
300348,30,Ellips10,400,18,cma-es-ppmf-dp-2-pt-0.1
300098,30,Ellips10,500,18,cma-es-ppmf-dp-2-pt-0.1
3728,2,Ellips100,10,18,cma-es-ppmf-dp-2-pt-0.1
4793,2,Ellips100,50,18,cma-es-ppmf-dp-2-pt-0.1
6766,2,Ellips100,100,18,cma-es-ppmf-dp-2-pt-0.1
10652,2,Ellips100,200,18,cma-es-ppmf-dp-2-pt-0.1
14447,2,Ellips100,300,18,cma-es-ppmf-dp-2-pt-0.1
18044,2,Ellips100,400,18,cma-es-ppmf-dp-2-pt-0.1
20039,2,Ellips100,500,18,cma-es-ppmf-dp-2-pt-0.1
13606,5,Ellips100,10,18,cma-es-ppmf-dp-2-pt-0.1
13361,5,Ellips100,50,18,cma-es-ppmf-dp-2-pt-0.1
16159,5,Ellips100,100,18,cma-es-ppmf-dp-2-pt-0.1
22511,5,Ellips100,200,18,cma-es-ppmf-dp-2-pt-0.1
28594,5,Ellips100,300,18,cma-es-ppmf-dp-2-pt-0.1
35287,5,Ellips100,400,18,cma-es-ppmf-dp-2-pt-0.1
41081,5,Ellips100,500,18,cma-es-ppmf-dp-2-pt-0.1
52458,10,Ellips100,10,18,cma-es-ppmf-dp-2-pt-0.1
43400,10,Ellips100,50,18,cma-es-ppmf-dp-2-pt-0.1
45853,10,Ellips100,100,18,cma-es-ppmf-dp-2-pt-0.1
53465,10,Ellips100,200,18,cma-es-ppmf-dp-2-pt-0.1
62908,10,Ellips100,300,18,cma-es-ppmf-dp-2-pt-0.1
71778,10,Ellips100,400,18,cma-es-ppmf-dp-2-pt-0.1
81161,10,Ellips100,500,18,cma-es-ppmf-dp-2-pt-0.1
300002,30,Ellips100,10,18,cma-es-ppmf-dp-2-pt-0.1
300032,30,Ellips100,50,18,cma-es-ppmf-dp-2-pt-0.1
300070,30,Ellips100,100,18,cma-es-ppmf-dp-2-pt-0.1
300092,30,Ellips100,200,18,cma-es-ppmf-dp-2-pt-0.1
300096,30,Ellips100,300,18,cma-es-ppmf-dp-2-pt-0.1
300348,30,Ellips100,400,18,cma-es-ppmf-dp-2-pt-0.1
300098,30,Ellips100,500,18,cma-es-ppmf-dp-2-pt-0.1
3420,2,Sphere,10,19,cma-es-ppmf-dp-2-pt-0.1
4589,2,Sphere,50,19,cma-es-ppmf-dp-2-pt-0.1
6362,2,Sphere,100,19,cma-es-ppmf-dp-2-pt-0.1
10250,2,Sphere,200,19,cma-es-ppmf-dp-2-pt-0.1
13544,2,Sphere,300,19,cma-es-ppmf-dp-2-pt-0.1
17242,2,Sphere,400,19,cma-es-ppmf-dp-2-pt-0.1
20039,2,Sphere,500,19,cma-es-ppmf-dp-2-pt-0.1
13287,5,Sphere,10,19,cma-es-ppmf-dp-2-pt-0.1
12851,5,Sphere,50,19,cma-es-ppmf-dp-2-pt-0.1
15553,5,Sphere,100,19,cma-es-ppmf-dp-2-pt-0.1
21305,5,Sphere,200,19,cma-es-ppmf-dp-2-pt-0.1
27691,5,Sphere,300,19,cma-es-ppmf-dp-2-pt-0.1
33282,5,Sphere,400,19,cma-es-ppmf-dp-2-pt-0.1
39578,5,Sphere,500,19,cma-es-ppmf-dp-2-pt-0.1
49455,10,Sphere,10,19,cma-es-ppmf-dp-2-pt-0.1
41462,10,Sphere,50,19,cma-es-ppmf-dp-2-pt-0.1
43328,10,Sphere,100,19,cma-es-ppmf-dp-2-pt-0.1
51254,10,Sphere,200,19,cma-es-ppmf-dp-2-pt-0.1
60199,10,Sphere,300,19,cma-es-ppmf-dp-2-pt-0.1
68169,10,Sphere,400,19,cma-es-ppmf-dp-2-pt-0.1
78155,10,Sphere,500,19,cma-es-ppmf-dp-2-pt-0.1
23143,30,Sphere,10,19,cma-es-ppmf-dp-2-pt-0.1
300032,30,Sphere,50,19,cma-es-ppmf-dp-2-pt-0.1
300070,30,Sphere,100,19,cma-es-ppmf-dp-2-pt-0.1
300092,30,Sphere,200,19,cma-es-ppmf-dp-2-pt-0.1
300096,30,Sphere,300,19,cma-es-ppmf-dp-2-pt-0.1
300348,30,Sphere,400,19,cma-es-ppmf-dp-2-pt-0.1
300098,30,Sphere,500,19,cma-es-ppmf-dp-2-pt-0.1
3365,2,Ellips10,10,19,cma-es-ppmf-dp-2-pt-0.1
4742,2,Ellips10,50,19,cma-es-ppmf-dp-2-pt-0.1
6564,2,Ellips10,100,19,cma-es-ppmf-dp-2-pt-0.1
10451,2,Ellips10,200,19,cma-es-ppmf-dp-2-pt-0.1
14146,2,Ellips10,300,19,cma-es-ppmf-dp-2-pt-0.1
17242,2,Ellips10,400,19,cma-es-ppmf-dp-2-pt-0.1
20039,2,Ellips10,500,19,cma-es-ppmf-dp-2-pt-0.1
13342,5,Ellips10,10,19,cma-es-ppmf-dp-2-pt-0.1
12953,5,Ellips10,50,19,cma-es-ppmf-dp-2-pt-0.1
15957,5,Ellips10,100,19,cma-es-ppmf-dp-2-pt-0.1
21908,5,Ellips10,200,19,cma-es-ppmf-dp-2-pt-0.1
27992,5,Ellips10,300,19,cma-es-ppmf-dp-2-pt-0.1
34084,5,Ellips10,400,19,cma-es-ppmf-dp-2-pt-0.1
40079,5,Ellips10,500,19,cma-es-ppmf-dp-2-pt-0.1
49983,10,Ellips10,10,19,cma-es-ppmf-dp-2-pt-0.1
42125,10,Ellips10,50,19,cma-es-ppmf-dp-2-pt-0.1
44439,10,Ellips10,100,19,cma-es-ppmf-dp-2-pt-0.1
52259,10,Ellips10,200,19,cma-es-ppmf-dp-2-pt-0.1
60801,10,Ellips10,300,19,cma-es-ppmf-dp-2-pt-0.1
70174,10,Ellips10,400,19,cma-es-ppmf-dp-2-pt-0.1
79157,10,Ellips10,500,19,cma-es-ppmf-dp-2-pt-0.1
300002,30,Ellips10,10,19,cma-es-ppmf-dp-2-pt-0.1
300032,30,Ellips10,50,19,cma-es-ppmf-dp-2-pt-0.1
300070,30,Ellips10,100,19,cma-es-ppmf-dp-2-pt-0.1
300092,30,Ellips10,200,19,cma-es-ppmf-dp-2-pt-0.1
300096,30,Ellips10,300,19,cma-es-ppmf-dp-2-pt-0.1
300348,30,Ellips10,400,19,cma-es-ppmf-dp-2-pt-0.1
300098,30,Ellips10,500,19,cma-es-ppmf-dp-2-pt-0.1
3640,2,Ellips100,10,19,cma-es-ppmf-dp-2-pt-0.1
4844,2,Ellips100,50,19,cma-es-ppmf-dp-2-pt-0.1
6766,2,Ellips100,100,19,cma-es-ppmf-dp-2-pt-0.1
10451,2,Ellips100,200,19,cma-es-ppmf-dp-2-pt-0.1
14447,2,Ellips100,300,19,cma-es-ppmf-dp-2-pt-0.1
18044,2,Ellips100,400,19,cma-es-ppmf-dp-2-pt-0.1
20039,2,Ellips100,500,19,cma-es-ppmf-dp-2-pt-0.1
13474,5,Ellips100,10,19,cma-es-ppmf-dp-2-pt-0.1
13310,5,Ellips100,50,19,cma-es-ppmf-dp-2-pt-0.1
16361,5,Ellips100,100,19,cma-es-ppmf-dp-2-pt-0.1
22511,5,Ellips100,200,19,cma-es-ppmf-dp-2-pt-0.1
28594,5,Ellips100,300,19,cma-es-ppmf-dp-2-pt-0.1
35287,5,Ellips100,400,19,cma-es-ppmf-dp-2-pt-0.1
41081,5,Ellips100,500,19,cma-es-ppmf-dp-2-pt-0.1
51369,10,Ellips100,10,19,cma-es-ppmf-dp-2-pt-0.1
43145,10,Ellips100,50,19,cma-es-ppmf-dp-2-pt-0.1
45348,10,Ellips100,100,19,cma-es-ppmf-dp-2-pt-0.1
53666,10,Ellips100,200,19,cma-es-ppmf-dp-2-pt-0.1
63209,10,Ellips100,300,19,cma-es-ppmf-dp-2-pt-0.1
72981,10,Ellips100,400,19,cma-es-ppmf-dp-2-pt-0.1
80660,10,Ellips100,500,19,cma-es-ppmf-dp-2-pt-0.1
300002,30,Ellips100,10,19,cma-es-ppmf-dp-2-pt-0.1
300032,30,Ellips100,50,19,cma-es-ppmf-dp-2-pt-0.1
300070,30,Ellips100,100,19,cma-es-ppmf-dp-2-pt-0.1
300092,30,Ellips100,200,19,cma-es-ppmf-dp-2-pt-0.1
300096,30,Ellips100,300,19,cma-es-ppmf-dp-2-pt-0.1
300348,30,Ellips100,400,19,cma-es-ppmf-dp-2-pt-0.1
300098,30,Ellips100,500,19,cma-es-ppmf-dp-2-pt-0.1
3497,2,Sphere,10,20,cma-es-ppmf-dp-2-pt-0.1
4640,2,Sphere,50,20,cma-es-ppmf-dp-2-pt-0.1
6362,2,Sphere,100,20,cma-es-ppmf-dp-2-pt-0.1
10049,2,Sphere,200,20,cma-es-ppmf-dp-2-pt-0.1
13544,2,Sphere,300,20,cma-es-ppmf-dp-2-pt-0.1
17242,2,Sphere,400,20,cma-es-ppmf-dp-2-pt-0.1
20039,2,Sphere,500,20,cma-es-ppmf-dp-2-pt-0.1
13001,5,Sphere,10,20,cma-es-ppmf-dp-2-pt-0.1
12749,5,Sphere,50,20,cma-es-ppmf-dp-2-pt-0.1
15755,5,Sphere,100,20,cma-es-ppmf-dp-2-pt-0.1
21305,5,Sphere,200,20,cma-es-ppmf-dp-2-pt-0.1
27691,5,Sphere,300,20,cma-es-ppmf-dp-2-pt-0.1
33282,5,Sphere,400,20,cma-es-ppmf-dp-2-pt-0.1
39077,5,Sphere,500,20,cma-es-ppmf-dp-2-pt-0.1
49730,10,Sphere,10,20,cma-es-ppmf-dp-2-pt-0.1
41513,10,Sphere,50,20,cma-es-ppmf-dp-2-pt-0.1
43530,10,Sphere,100,20,cma-es-ppmf-dp-2-pt-0.1
51254,10,Sphere,200,20,cma-es-ppmf-dp-2-pt-0.1
60500,10,Sphere,300,20,cma-es-ppmf-dp-2-pt-0.1
69372,10,Sphere,400,20,cma-es-ppmf-dp-2-pt-0.1
77153,10,Sphere,500,20,cma-es-ppmf-dp-2-pt-0.1
300002,30,Sphere,10,20,cma-es-ppmf-dp-2-pt-0.1
300032,30,Sphere,50,20,cma-es-ppmf-dp-2-pt-0.1
300070,30,Sphere,100,20,cma-es-ppmf-dp-2-pt-0.1
300092,30,Sphere,200,20,cma-es-ppmf-dp-2-pt-0.1
300096,30,Sphere,300,20,cma-es-ppmf-dp-2-pt-0.1
300348,30,Sphere,400,20,cma-es-ppmf-dp-2-pt-0.1
300098,30,Sphere,500,20,cma-es-ppmf-dp-2-pt-0.1
3563,2,Ellips10,10,20,cma-es-ppmf-dp-2-pt-0.1
4793,2,Ellips10,50,20,cma-es-ppmf-dp-2-pt-0.1
6564,2,Ellips10,100,20,cma-es-ppmf-dp-2-pt-0.1
10250,2,Ellips10,200,20,cma-es-ppmf-dp-2-pt-0.1
14146,2,Ellips10,300,20,cma-es-ppmf-dp-2-pt-0.1
18044,2,Ellips10,400,20,cma-es-ppmf-dp-2-pt-0.1
20039,2,Ellips10,500,20,cma-es-ppmf-dp-2-pt-0.1
13276,5,Ellips10,10,20,cma-es-ppmf-dp-2-pt-0.1
12953,5,Ellips10,50,20,cma-es-ppmf-dp-2-pt-0.1
15957,5,Ellips10,100,20,cma-es-ppmf-dp-2-pt-0.1
21506,5,Ellips10,200,20,cma-es-ppmf-dp-2-pt-0.1
27691,5,Ellips10,300,20,cma-es-ppmf-dp-2-pt-0.1
34084,5,Ellips10,400,20,cma-es-ppmf-dp-2-pt-0.1
40580,5,Ellips10,500,20,cma-es-ppmf-dp-2-pt-0.1
50368,10,Ellips10,10,20,cma-es-ppmf-dp-2-pt-0.1
41972,10,Ellips10,50,20,cma-es-ppmf-dp-2-pt-0.1
44136,10,Ellips10,100,20,cma-es-ppmf-dp-2-pt-0.1
52661,10,Ellips10,200,20,cma-es-ppmf-dp-2-pt-0.1
61102,10,Ellips10,300,20,cma-es-ppmf-dp-2-pt-0.1
69773,10,Ellips10,400,20,cma-es-ppmf-dp-2-pt-0.1
79157,10,Ellips10,500,20,cma-es-ppmf-dp-2-pt-0.1
300002,30,Ellips10,10,20,cma-es-ppmf-dp-2-pt-0.1
300032,30,Ellips10,50,20,cma-es-ppmf-dp-2-pt-0.1
300070,30,Ellips10,100,20,cma-es-ppmf-dp-2-pt-0.1
300092,30,Ellips10,200,20,cma-es-ppmf-dp-2-pt-0.1
300096,30,Ellips10,300,20,cma-es-ppmf-dp-2-pt-0.1
300348,30,Ellips10,400,20,cma-es-ppmf-dp-2-pt-0.1
300098,30,Ellips10,500,20,cma-es-ppmf-dp-2-pt-0.1
3585,2,Ellips100,10,20,cma-es-ppmf-dp-2-pt-0.1
4895,2,Ellips100,50,20,cma-es-ppmf-dp-2-pt-0.1
6867,2,Ellips100,100,20,cma-es-ppmf-dp-2-pt-0.1
10451,2,Ellips100,200,20,cma-es-ppmf-dp-2-pt-0.1
14447,2,Ellips100,300,20,cma-es-ppmf-dp-2-pt-0.1
18044,2,Ellips100,400,20,cma-es-ppmf-dp-2-pt-0.1
20039,2,Ellips100,500,20,cma-es-ppmf-dp-2-pt-0.1
13529,5,Ellips100,10,20,cma-es-ppmf-dp-2-pt-0.1
13361,5,Ellips100,50,20,cma-es-ppmf-dp-2-pt-0.1
16260,5,Ellips100,100,20,cma-es-ppmf-dp-2-pt-0.1
22511,5,Ellips100,200,20,cma-es-ppmf-dp-2-pt-0.1
28594,5,Ellips100,300,20,cma-es-ppmf-dp-2-pt-0.1
34886,5,Ellips100,400,20,cma-es-ppmf-dp-2-pt-0.1
41582,5,Ellips100,500,20,cma-es-ppmf-dp-2-pt-0.1
52073,10,Ellips100,10,20,cma-es-ppmf-dp-2-pt-0.1
43298,10,Ellips100,50,20,cma-es-ppmf-dp-2-pt-0.1
44843,10,Ellips100,100,20,cma-es-ppmf-dp-2-pt-0.1
54269,10,Ellips100,200,20,cma-es-ppmf-dp-2-pt-0.1
62908,10,Ellips100,300,20,cma-es-ppmf-dp-2-pt-0.1
72179,10,Ellips100,400,20,cma-es-ppmf-dp-2-pt-0.1
81662,10,Ellips100,500,20,cma-es-ppmf-dp-2-pt-0.1
300002,30,Ellips100,10,20,cma-es-ppmf-dp-2-pt-0.1
300032,30,Ellips100,50,20,cma-es-ppmf-dp-2-pt-0.1
300070,30,Ellips100,100,20,cma-es-ppmf-dp-2-pt-0.1
300092,30,Ellips100,200,20,cma-es-ppmf-dp-2-pt-0.1
300096,30,Ellips100,300,20,cma-es-ppmf-dp-2-pt-0.1
300348,30,Ellips100,400,20,cma-es-ppmf-dp-2-pt-0.1
300098,30,Ellips100,500,20,cma-es-ppmf-dp-2-pt-0.1
