FE,N,Eval,sigma,Iteration,Alg
4415,2,Sphere,0.001,1,cma-es-ppmf-dp-2-pt-0.1
4039,2,Sphere,0.01,1,cma-es-ppmf-dp-2-pt-0.1
3831,2,Sphere,0.1,1,cma-es-ppmf-dp-2-pt-0.1
3503,2,Sphere,1,1,cma-es-ppmf-dp-2-pt-0.1
3263,2,Sphere,10,1,cma-es-ppmf-dp-2-pt-0.1
3023,2,Sphere,100,1,cma-es-ppmf-dp-2-pt-0.1
2671,2,Sphere,1000,1,cma-es-ppmf-dp-2-pt-0.1
15859,5,Sphere,0.001,1,cma-es-ppmf-dp-2-pt-0.1
14539,5,Sphere,0.01,1,cma-es-ppmf-dp-2-pt-0.1
13719,5,Sphere,0.1,1,cma-es-ppmf-dp-2-pt-0.1
12319,5,Sphere,1,1,cma-es-ppmf-dp-2-pt-0.1
11539,5,Sphere,10,1,cma-es-ppmf-dp-2-pt-0.1
10519,5,Sphere,100,1,cma-es-ppmf-dp-2-pt-0.1
9259,5,Sphere,1000,1,cma-es-ppmf-dp-2-pt-0.1
53079,10,Sphere,0.001,1,cma-es-ppmf-dp-2-pt-0.1
49679,10,Sphere,0.01,1,cma-es-ppmf-dp-2-pt-0.1
46319,10,Sphere,0.1,1,cma-es-ppmf-dp-2-pt-0.1
42599,10,Sphere,1,1,cma-es-ppmf-dp-2-pt-0.1
38159,10,Sphere,10,1,cma-es-ppmf-dp-2-pt-0.1
34799,10,Sphere,100,1,cma-es-ppmf-dp-2-pt-0.1
31359,10,Sphere,1000,1,cma-es-ppmf-dp-2-pt-0.1
300119,30,Sphere,0.001,1,cma-es-ppmf-dp-2-pt-0.1
300119,30,Sphere,0.01,1,cma-es-ppmf-dp-2-pt-0.1
300119,30,Sphere,0.1,1,cma-es-ppmf-dp-2-pt-0.1
300119,30,Sphere,1,1,cma-es-ppmf-dp-2-pt-0.1
300119,30,Sphere,10,1,cma-es-ppmf-dp-2-pt-0.1
300119,30,Sphere,100,1,cma-es-ppmf-dp-2-pt-0.1
300119,30,Sphere,1000,1,cma-es-ppmf-dp-2-pt-0.1
4663,2,Ellips10,0.001,1,cma-es-ppmf-dp-2-pt-0.1
4239,2,Ellips10,0.01,1,cma-es-ppmf-dp-2-pt-0.1
3911,2,Ellips10,0.1,1,cma-es-ppmf-dp-2-pt-0.1
3415,2,Ellips10,1,1,cma-es-ppmf-dp-2-pt-0.1
3303,2,Ellips10,10,1,cma-es-ppmf-dp-2-pt-0.1
2975,2,Ellips10,100,1,cma-es-ppmf-dp-2-pt-0.1
2703,2,Ellips10,1000,1,cma-es-ppmf-dp-2-pt-0.1
16119,5,Ellips10,0.001,1,cma-es-ppmf-dp-2-pt-0.1
14839,5,Ellips10,0.01,1,cma-es-ppmf-dp-2-pt-0.1
13799,5,Ellips10,0.1,1,cma-es-ppmf-dp-2-pt-0.1
12679,5,Ellips10,1,1,cma-es-ppmf-dp-2-pt-0.1
11499,5,Ellips10,10,1,cma-es-ppmf-dp-2-pt-0.1
10459,5,Ellips10,100,1,cma-es-ppmf-dp-2-pt-0.1
9699,5,Ellips10,1000,1,cma-es-ppmf-dp-2-pt-0.1
53879,10,Ellips10,0.001,1,cma-es-ppmf-dp-2-pt-0.1
50999,10,Ellips10,0.01,1,cma-es-ppmf-dp-2-pt-0.1
46519,10,Ellips10,0.1,1,cma-es-ppmf-dp-2-pt-0.1
43439,10,Ellips10,1,1,cma-es-ppmf-dp-2-pt-0.1
39799,10,Ellips10,10,1,cma-es-ppmf-dp-2-pt-0.1
35799,10,Ellips10,100,1,cma-es-ppmf-dp-2-pt-0.1
32399,10,Ellips10,1000,1,cma-es-ppmf-dp-2-pt-0.1
300119,30,Ellips10,0.001,1,cma-es-ppmf-dp-2-pt-0.1
300119,30,Ellips10,0.01,1,cma-es-ppmf-dp-2-pt-0.1
300119,30,Ellips10,0.1,1,cma-es-ppmf-dp-2-pt-0.1
300119,30,Ellips10,1,1,cma-es-ppmf-dp-2-pt-0.1
300119,30,Ellips10,10,1,cma-es-ppmf-dp-2-pt-0.1
300119,30,Ellips10,100,1,cma-es-ppmf-dp-2-pt-0.1
300119,30,Ellips10,1000,1,cma-es-ppmf-dp-2-pt-0.1
4711,2,Ellips100,0.001,1,cma-es-ppmf-dp-2-pt-0.1
4423,2,Ellips100,0.01,1,cma-es-ppmf-dp-2-pt-0.1
4023,2,Ellips100,0.1,1,cma-es-ppmf-dp-2-pt-0.1
3871,2,Ellips100,1,1,cma-es-ppmf-dp-2-pt-0.1
3511,2,Ellips100,10,1,cma-es-ppmf-dp-2-pt-0.1
3135,2,Ellips100,100,1,cma-es-ppmf-dp-2-pt-0.1
2831,2,Ellips100,1000,1,cma-es-ppmf-dp-2-pt-0.1
16319,5,Ellips100,0.001,1,cma-es-ppmf-dp-2-pt-0.1
15219,5,Ellips100,0.01,1,cma-es-ppmf-dp-2-pt-0.1
14379,5,Ellips100,0.1,1,cma-es-ppmf-dp-2-pt-0.1
12879,5,Ellips100,1,1,cma-es-ppmf-dp-2-pt-0.1
11959,5,Ellips100,10,1,cma-es-ppmf-dp-2-pt-0.1
10799,5,Ellips100,100,1,cma-es-ppmf-dp-2-pt-0.1
9679,5,Ellips100,1000,1,cma-es-ppmf-dp-2-pt-0.1
55519,10,Ellips100,0.001,1,cma-es-ppmf-dp-2-pt-0.1
51279,10,Ellips100,0.01,1,cma-es-ppmf-dp-2-pt-0.1
48199,10,Ellips100,0.1,1,cma-es-ppmf-dp-2-pt-0.1
44159,10,Ellips100,1,1,cma-es-ppmf-dp-2-pt-0.1
40879,10,Ellips100,10,1,cma-es-ppmf-dp-2-pt-0.1
37319,10,Ellips100,100,1,cma-es-ppmf-dp-2-pt-0.1
33799,10,Ellips100,1000,1,cma-es-ppmf-dp-2-pt-0.1
300119,30,Ellips100,0.001,1,cma-es-ppmf-dp-2-pt-0.1
300119,30,Ellips100,0.01,1,cma-es-ppmf-dp-2-pt-0.1
300119,30,Ellips100,0.1,1,cma-es-ppmf-dp-2-pt-0.1
300119,30,Ellips100,1,1,cma-es-ppmf-dp-2-pt-0.1
300119,30,Ellips100,10,1,cma-es-ppmf-dp-2-pt-0.1
300119,30,Ellips100,100,1,cma-es-ppmf-dp-2-pt-0.1
300119,30,Ellips100,1000,1,cma-es-ppmf-dp-2-pt-0.1
4359,2,Sphere,0.001,2,cma-es-ppmf-dp-2-pt-0.1
4335,2,Sphere,0.01,2,cma-es-ppmf-dp-2-pt-0.1
3807,2,Sphere,0.1,2,cma-es-ppmf-dp-2-pt-0.1
3391,2,Sphere,1,2,cma-es-ppmf-dp-2-pt-0.1
3191,2,Sphere,10,2,cma-es-ppmf-dp-2-pt-0.1
2863,2,Sphere,100,2,cma-es-ppmf-dp-2-pt-0.1
2679,2,Sphere,1000,2,cma-es-ppmf-dp-2-pt-0.1
15819,5,Sphere,0.001,2,cma-es-ppmf-dp-2-pt-0.1
14539,5,Sphere,0.01,2,cma-es-ppmf-dp-2-pt-0.1
13779,5,Sphere,0.1,2,cma-es-ppmf-dp-2-pt-0.1
12139,5,Sphere,1,2,cma-es-ppmf-dp-2-pt-0.1
11439,5,Sphere,10,2,cma-es-ppmf-dp-2-pt-0.1
10379,5,Sphere,100,2,cma-es-ppmf-dp-2-pt-0.1
9299,5,Sphere,1000,2,cma-es-ppmf-dp-2-pt-0.1
52879,10,Sphere,0.001,2,cma-es-ppmf-dp-2-pt-0.1
49839,10,Sphere,0.01,2,cma-es-ppmf-dp-2-pt-0.1
45879,10,Sphere,0.1,2,cma-es-ppmf-dp-2-pt-0.1
42479,10,Sphere,1,2,cma-es-ppmf-dp-2-pt-0.1
38999,10,Sphere,10,2,cma-es-ppmf-dp-2-pt-0.1
35359,10,Sphere,100,2,cma-es-ppmf-dp-2-pt-0.1
31599,10,Sphere,1000,2,cma-es-ppmf-dp-2-pt-0.1
300119,30,Sphere,0.001,2,cma-es-ppmf-dp-2-pt-0.1
300119,30,Sphere,0.01,2,cma-es-ppmf-dp-2-pt-0.1
300119,30,Sphere,0.1,2,cma-es-ppmf-dp-2-pt-0.1
300119,30,Sphere,1,2,cma-es-ppmf-dp-2-pt-0.1
300119,30,Sphere,10,2,cma-es-ppmf-dp-2-pt-0.1
300119,30,Sphere,100,2,cma-es-ppmf-dp-2-pt-0.1
300119,30,Sphere,1000,2,cma-es-ppmf-dp-2-pt-0.1
4655,2,Ellips10,0.001,2,cma-es-ppmf-dp-2-pt-0.1
4327,2,Ellips10,0.01,2,cma-es-ppmf-dp-2-pt-0.1
3991,2,Ellips10,0.1,2,cma-es-ppmf-dp-2-pt-0.1
3567,2,Ellips10,1,2,cma-es-ppmf-dp-2-pt-0.1
3263,2,Ellips10,10,2,cma-es-ppmf-dp-2-pt-0.1
3103,2,Ellips10,100,2,cma-es-ppmf-dp-2-pt-0.1
2751,2,Ellips10,1000,2,cma-es-ppmf-dp-2-pt-0.1
15679,5,Ellips10,0.001,2,cma-es-ppmf-dp-2-pt-0.1
14839,5,Ellips10,0.01,2,cma-es-ppmf-dp-2-pt-0.1
13599,5,Ellips10,0.1,2,cma-es-ppmf-dp-2-pt-0.1
12619,5,Ellips10,1,2,cma-es-ppmf-dp-2-pt-0.1
11779,5,Ellips10,10,2,cma-es-ppmf-dp-2-pt-0.1
10639,5,Ellips10,100,2,cma-es-ppmf-dp-2-pt-0.1
9399,5,Ellips10,1000,2,cma-es-ppmf-dp-2-pt-0.1
54039,10,Ellips10,0.001,2,cma-es-ppmf-dp-2-pt-0.1
50199,10,Ellips10,0.01,2,cma-es-ppmf-dp-2-pt-0.1
47159,10,Ellips10,0.1,2,cma-es-ppmf-dp-2-pt-0.1
43279,10,Ellips10,1,2,cma-es-ppmf-dp-2-pt-0.1
40319,10,Ellips10,10,2,cma-es-ppmf-dp-2-pt-0.1
35839,10,Ellips10,100,2,cma-es-ppmf-dp-2-pt-0.1
32559,10,Ellips10,1000,2,cma-es-ppmf-dp-2-pt-0.1
300119,30,Ellips10,0.001,2,cma-es-ppmf-dp-2-pt-0.1
300119,30,Ellips10,0.01,2,cma-es-ppmf-dp-2-pt-0.1
300119,30,Ellips10,0.1,2,cma-es-ppmf-dp-2-pt-0.1
300119,30,Ellips10,1,2,cma-es-ppmf-dp-2-pt-0.1
300119,30,Ellips10,10,2,cma-es-ppmf-dp-2-pt-0.1
300119,30,Ellips10,100,2,cma-es-ppmf-dp-2-pt-0.1
300119,30,Ellips10,1000,2,cma-es-ppmf-dp-2-pt-0.1
4671,2,Ellips100,0.001,2,cma-es-ppmf-dp-2-pt-0.1
4623,2,Ellips100,0.01,2,cma-es-ppmf-dp-2-pt-0.1
4039,2,Ellips100,0.1,2,cma-es-ppmf-dp-2-pt-0.1
3687,2,Ellips100,1,2,cma-es-ppmf-dp-2-pt-0.1
3503,2,Ellips100,10,2,cma-es-ppmf-dp-2-pt-0.1
2919,2,Ellips100,100,2,cma-es-ppmf-dp-2-pt-0.1
2879,2,Ellips100,1000,2,cma-es-ppmf-dp-2-pt-0.1
16299,5,Ellips100,0.001,2,cma-es-ppmf-dp-2-pt-0.1
15199,5,Ellips100,0.01,2,cma-es-ppmf-dp-2-pt-0.1
14079,5,Ellips100,0.1,2,cma-es-ppmf-dp-2-pt-0.1
12819,5,Ellips100,1,2,cma-es-ppmf-dp-2-pt-0.1
11859,5,Ellips100,10,2,cma-es-ppmf-dp-2-pt-0.1
10899,5,Ellips100,100,2,cma-es-ppmf-dp-2-pt-0.1
9899,5,Ellips100,1000,2,cma-es-ppmf-dp-2-pt-0.1
55839,10,Ellips100,0.001,2,cma-es-ppmf-dp-2-pt-0.1
52199,10,Ellips100,0.01,2,cma-es-ppmf-dp-2-pt-0.1
48519,10,Ellips100,0.1,2,cma-es-ppmf-dp-2-pt-0.1
44759,10,Ellips100,1,2,cma-es-ppmf-dp-2-pt-0.1
40639,10,Ellips100,10,2,cma-es-ppmf-dp-2-pt-0.1
37559,10,Ellips100,100,2,cma-es-ppmf-dp-2-pt-0.1
33879,10,Ellips100,1000,2,cma-es-ppmf-dp-2-pt-0.1
300119,30,Ellips100,0.001,2,cma-es-ppmf-dp-2-pt-0.1
300119,30,Ellips100,0.01,2,cma-es-ppmf-dp-2-pt-0.1
300119,30,Ellips100,0.1,2,cma-es-ppmf-dp-2-pt-0.1
300119,30,Ellips100,1,2,cma-es-ppmf-dp-2-pt-0.1
300119,30,Ellips100,10,2,cma-es-ppmf-dp-2-pt-0.1
300119,30,Ellips100,100,2,cma-es-ppmf-dp-2-pt-0.1
300119,30,Ellips100,1000,2,cma-es-ppmf-dp-2-pt-0.1
4463,2,Sphere,0.001,3,cma-es-ppmf-dp-2-pt-0.1
4159,2,Sphere,0.01,3,cma-es-ppmf-dp-2-pt-0.1
4023,2,Sphere,0.1,3,cma-es-ppmf-dp-2-pt-0.1
3495,2,Sphere,1,3,cma-es-ppmf-dp-2-pt-0.1
3207,2,Sphere,10,3,cma-es-ppmf-dp-2-pt-0.1
2959,2,Sphere,100,3,cma-es-ppmf-dp-2-pt-0.1
2511,2,Sphere,1000,3,cma-es-ppmf-dp-2-pt-0.1
15699,5,Sphere,0.001,3,cma-es-ppmf-dp-2-pt-0.1
14419,5,Sphere,0.01,3,cma-es-ppmf-dp-2-pt-0.1
13779,5,Sphere,0.1,3,cma-es-ppmf-dp-2-pt-0.1
12499,5,Sphere,1,3,cma-es-ppmf-dp-2-pt-0.1
11479,5,Sphere,10,3,cma-es-ppmf-dp-2-pt-0.1
10259,5,Sphere,100,3,cma-es-ppmf-dp-2-pt-0.1
9339,5,Sphere,1000,3,cma-es-ppmf-dp-2-pt-0.1
53519,10,Sphere,0.001,3,cma-es-ppmf-dp-2-pt-0.1
50079,10,Sphere,0.01,3,cma-es-ppmf-dp-2-pt-0.1
46159,10,Sphere,0.1,3,cma-es-ppmf-dp-2-pt-0.1
42959,10,Sphere,1,3,cma-es-ppmf-dp-2-pt-0.1
38999,10,Sphere,10,3,cma-es-ppmf-dp-2-pt-0.1
35119,10,Sphere,100,3,cma-es-ppmf-dp-2-pt-0.1
31639,10,Sphere,1000,3,cma-es-ppmf-dp-2-pt-0.1
300119,30,Sphere,0.001,3,cma-es-ppmf-dp-2-pt-0.1
300119,30,Sphere,0.01,3,cma-es-ppmf-dp-2-pt-0.1
300119,30,Sphere,0.1,3,cma-es-ppmf-dp-2-pt-0.1
300119,30,Sphere,1,3,cma-es-ppmf-dp-2-pt-0.1
300119,30,Sphere,10,3,cma-es-ppmf-dp-2-pt-0.1
300119,30,Sphere,100,3,cma-es-ppmf-dp-2-pt-0.1
300119,30,Sphere,1000,3,cma-es-ppmf-dp-2-pt-0.1
4575,2,Ellips10,0.001,3,cma-es-ppmf-dp-2-pt-0.1
4215,2,Ellips10,0.01,3,cma-es-ppmf-dp-2-pt-0.1
3991,2,Ellips10,0.1,3,cma-es-ppmf-dp-2-pt-0.1
3671,2,Ellips10,1,3,cma-es-ppmf-dp-2-pt-0.1
3159,2,Ellips10,10,3,cma-es-ppmf-dp-2-pt-0.1
3023,2,Ellips10,100,3,cma-es-ppmf-dp-2-pt-0.1
2767,2,Ellips10,1000,3,cma-es-ppmf-dp-2-pt-0.1
16099,5,Ellips10,0.001,3,cma-es-ppmf-dp-2-pt-0.1
14579,5,Ellips10,0.01,3,cma-es-ppmf-dp-2-pt-0.1
13859,5,Ellips10,0.1,3,cma-es-ppmf-dp-2-pt-0.1
12979,5,Ellips10,1,3,cma-es-ppmf-dp-2-pt-0.1
11479,5,Ellips10,10,3,cma-es-ppmf-dp-2-pt-0.1
10499,5,Ellips10,100,3,cma-es-ppmf-dp-2-pt-0.1
9579,5,Ellips10,1000,3,cma-es-ppmf-dp-2-pt-0.1
54399,10,Ellips10,0.001,3,cma-es-ppmf-dp-2-pt-0.1
51119,10,Ellips10,0.01,3,cma-es-ppmf-dp-2-pt-0.1
46559,10,Ellips10,0.1,3,cma-es-ppmf-dp-2-pt-0.1
43799,10,Ellips10,1,3,cma-es-ppmf-dp-2-pt-0.1
39519,10,Ellips10,10,3,cma-es-ppmf-dp-2-pt-0.1
35999,10,Ellips10,100,3,cma-es-ppmf-dp-2-pt-0.1
32599,10,Ellips10,1000,3,cma-es-ppmf-dp-2-pt-0.1
300119,30,Ellips10,0.001,3,cma-es-ppmf-dp-2-pt-0.1
300119,30,Ellips10,0.01,3,cma-es-ppmf-dp-2-pt-0.1
300119,30,Ellips10,0.1,3,cma-es-ppmf-dp-2-pt-0.1
300119,30,Ellips10,1,3,cma-es-ppmf-dp-2-pt-0.1
300119,30,Ellips10,10,3,cma-es-ppmf-dp-2-pt-0.1
300119,30,Ellips10,100,3,cma-es-ppmf-dp-2-pt-0.1
300119,30,Ellips10,1000,3,cma-es-ppmf-dp-2-pt-0.1
4727,2,Ellips100,0.001,3,cma-es-ppmf-dp-2-pt-0.1
4351,2,Ellips100,0.01,3,cma-es-ppmf-dp-2-pt-0.1
3983,2,Ellips100,0.1,3,cma-es-ppmf-dp-2-pt-0.1
3679,2,Ellips100,1,3,cma-es-ppmf-dp-2-pt-0.1
3551,2,Ellips100,10,3,cma-es-ppmf-dp-2-pt-0.1
3047,2,Ellips100,100,3,cma-es-ppmf-dp-2-pt-0.1
2887,2,Ellips100,1000,3,cma-es-ppmf-dp-2-pt-0.1
16359,5,Ellips100,0.001,3,cma-es-ppmf-dp-2-pt-0.1
15179,5,Ellips100,0.01,3,cma-es-ppmf-dp-2-pt-0.1
14139,5,Ellips100,0.1,3,cma-es-ppmf-dp-2-pt-0.1
12959,5,Ellips100,1,3,cma-es-ppmf-dp-2-pt-0.1
11899,5,Ellips100,10,3,cma-es-ppmf-dp-2-pt-0.1
10999,5,Ellips100,100,3,cma-es-ppmf-dp-2-pt-0.1
9799,5,Ellips100,1000,3,cma-es-ppmf-dp-2-pt-0.1
55919,10,Ellips100,0.001,3,cma-es-ppmf-dp-2-pt-0.1
51879,10,Ellips100,0.01,3,cma-es-ppmf-dp-2-pt-0.1
47759,10,Ellips100,0.1,3,cma-es-ppmf-dp-2-pt-0.1
44799,10,Ellips100,1,3,cma-es-ppmf-dp-2-pt-0.1
40959,10,Ellips100,10,3,cma-es-ppmf-dp-2-pt-0.1
37239,10,Ellips100,100,3,cma-es-ppmf-dp-2-pt-0.1
33919,10,Ellips100,1000,3,cma-es-ppmf-dp-2-pt-0.1
300119,30,Ellips100,0.001,3,cma-es-ppmf-dp-2-pt-0.1
300119,30,Ellips100,0.01,3,cma-es-ppmf-dp-2-pt-0.1
300119,30,Ellips100,0.1,3,cma-es-ppmf-dp-2-pt-0.1
300119,30,Ellips100,1,3,cma-es-ppmf-dp-2-pt-0.1
300119,30,Ellips100,10,3,cma-es-ppmf-dp-2-pt-0.1
300119,30,Ellips100,100,3,cma-es-ppmf-dp-2-pt-0.1
300119,30,Ellips100,1000,3,cma-es-ppmf-dp-2-pt-0.1
4543,2,Sphere,0.001,4,cma-es-ppmf-dp-2-pt-0.1
4215,2,Sphere,0.01,4,cma-es-ppmf-dp-2-pt-0.1
3767,2,Sphere,0.1,4,cma-es-ppmf-dp-2-pt-0.1
3479,2,Sphere,1,4,cma-es-ppmf-dp-2-pt-0.1
3207,2,Sphere,10,4,cma-es-ppmf-dp-2-pt-0.1
2935,2,Sphere,100,4,cma-es-ppmf-dp-2-pt-0.1
2543,2,Sphere,1000,4,cma-es-ppmf-dp-2-pt-0.1
15699,5,Sphere,0.001,4,cma-es-ppmf-dp-2-pt-0.1
14499,5,Sphere,0.01,4,cma-es-ppmf-dp-2-pt-0.1
13559,5,Sphere,0.1,4,cma-es-ppmf-dp-2-pt-0.1
12439,5,Sphere,1,4,cma-es-ppmf-dp-2-pt-0.1
11319,5,Sphere,10,4,cma-es-ppmf-dp-2-pt-0.1
10179,5,Sphere,100,4,cma-es-ppmf-dp-2-pt-0.1
9419,5,Sphere,1000,4,cma-es-ppmf-dp-2-pt-0.1
53079,10,Sphere,0.001,4,cma-es-ppmf-dp-2-pt-0.1
49679,10,Sphere,0.01,4,cma-es-ppmf-dp-2-pt-0.1
46079,10,Sphere,0.1,4,cma-es-ppmf-dp-2-pt-0.1
42719,10,Sphere,1,4,cma-es-ppmf-dp-2-pt-0.1
39239,10,Sphere,10,4,cma-es-ppmf-dp-2-pt-0.1
35239,10,Sphere,100,4,cma-es-ppmf-dp-2-pt-0.1
31959,10,Sphere,1000,4,cma-es-ppmf-dp-2-pt-0.1
300119,30,Sphere,0.001,4,cma-es-ppmf-dp-2-pt-0.1
300119,30,Sphere,0.01,4,cma-es-ppmf-dp-2-pt-0.1
300119,30,Sphere,0.1,4,cma-es-ppmf-dp-2-pt-0.1
300119,30,Sphere,1,4,cma-es-ppmf-dp-2-pt-0.1
300119,30,Sphere,10,4,cma-es-ppmf-dp-2-pt-0.1
300119,30,Sphere,100,4,cma-es-ppmf-dp-2-pt-0.1
300119,30,Sphere,1000,4,cma-es-ppmf-dp-2-pt-0.1
4759,2,Ellips10,0.001,4,cma-es-ppmf-dp-2-pt-0.1
4247,2,Ellips10,0.01,4,cma-es-ppmf-dp-2-pt-0.1
4119,2,Ellips10,0.1,4,cma-es-ppmf-dp-2-pt-0.1
3727,2,Ellips10,1,4,cma-es-ppmf-dp-2-pt-0.1
3391,2,Ellips10,10,4,cma-es-ppmf-dp-2-pt-0.1
3215,2,Ellips10,100,4,cma-es-ppmf-dp-2-pt-0.1
2735,2,Ellips10,1000,4,cma-es-ppmf-dp-2-pt-0.1
15839,5,Ellips10,0.001,4,cma-es-ppmf-dp-2-pt-0.1
15039,5,Ellips10,0.01,4,cma-es-ppmf-dp-2-pt-0.1
13779,5,Ellips10,0.1,4,cma-es-ppmf-dp-2-pt-0.1
12859,5,Ellips10,1,4,cma-es-ppmf-dp-2-pt-0.1
11799,5,Ellips10,10,4,cma-es-ppmf-dp-2-pt-0.1
10699,5,Ellips10,100,4,cma-es-ppmf-dp-2-pt-0.1
9379,5,Ellips10,1000,4,cma-es-ppmf-dp-2-pt-0.1
54359,10,Ellips10,0.001,4,cma-es-ppmf-dp-2-pt-0.1
50639,10,Ellips10,0.01,4,cma-es-ppmf-dp-2-pt-0.1
46599,10,Ellips10,0.1,4,cma-es-ppmf-dp-2-pt-0.1
42879,10,Ellips10,1,4,cma-es-ppmf-dp-2-pt-0.1
39559,10,Ellips10,10,4,cma-es-ppmf-dp-2-pt-0.1
35839,10,Ellips10,100,4,cma-es-ppmf-dp-2-pt-0.1
32519,10,Ellips10,1000,4,cma-es-ppmf-dp-2-pt-0.1
300119,30,Ellips10,0.001,4,cma-es-ppmf-dp-2-pt-0.1
300119,30,Ellips10,0.01,4,cma-es-ppmf-dp-2-pt-0.1
300119,30,Ellips10,0.1,4,cma-es-ppmf-dp-2-pt-0.1
300119,30,Ellips10,1,4,cma-es-ppmf-dp-2-pt-0.1
300119,30,Ellips10,10,4,cma-es-ppmf-dp-2-pt-0.1
300119,30,Ellips10,100,4,cma-es-ppmf-dp-2-pt-0.1
300119,30,Ellips10,1000,4,cma-es-ppmf-dp-2-pt-0.1
4631,2,Ellips100,0.001,4,cma-es-ppmf-dp-2-pt-0.1
4399,2,Ellips100,0.01,4,cma-es-ppmf-dp-2-pt-0.1
4055,2,Ellips100,0.1,4,cma-es-ppmf-dp-2-pt-0.1
3655,2,Ellips100,1,4,cma-es-ppmf-dp-2-pt-0.1
3375,2,Ellips100,10,4,cma-es-ppmf-dp-2-pt-0.1
3175,2,Ellips100,100,4,cma-es-ppmf-dp-2-pt-0.1
2895,2,Ellips100,1000,4,cma-es-ppmf-dp-2-pt-0.1
16419,5,Ellips100,0.001,4,cma-es-ppmf-dp-2-pt-0.1
15339,5,Ellips100,0.01,4,cma-es-ppmf-dp-2-pt-0.1
14099,5,Ellips100,0.1,4,cma-es-ppmf-dp-2-pt-0.1
13279,5,Ellips100,1,4,cma-es-ppmf-dp-2-pt-0.1
11799,5,Ellips100,10,4,cma-es-ppmf-dp-2-pt-0.1
11099,5,Ellips100,100,4,cma-es-ppmf-dp-2-pt-0.1
9899,5,Ellips100,1000,4,cma-es-ppmf-dp-2-pt-0.1
55799,10,Ellips100,0.001,4,cma-es-ppmf-dp-2-pt-0.1
52519,10,Ellips100,0.01,4,cma-es-ppmf-dp-2-pt-0.1
47919,10,Ellips100,0.1,4,cma-es-ppmf-dp-2-pt-0.1
44359,10,Ellips100,1,4,cma-es-ppmf-dp-2-pt-0.1
40719,10,Ellips100,10,4,cma-es-ppmf-dp-2-pt-0.1
37639,10,Ellips100,100,4,cma-es-ppmf-dp-2-pt-0.1
34039,10,Ellips100,1000,4,cma-es-ppmf-dp-2-pt-0.1
300119,30,Ellips100,0.001,4,cma-es-ppmf-dp-2-pt-0.1
300119,30,Ellips100,0.01,4,cma-es-ppmf-dp-2-pt-0.1
300119,30,Ellips100,0.1,4,cma-es-ppmf-dp-2-pt-0.1
300119,30,Ellips100,1,4,cma-es-ppmf-dp-2-pt-0.1
300119,30,Ellips100,10,4,cma-es-ppmf-dp-2-pt-0.1
300119,30,Ellips100,100,4,cma-es-ppmf-dp-2-pt-0.1
300119,30,Ellips100,1000,4,cma-es-ppmf-dp-2-pt-0.1
4655,2,Sphere,0.001,5,cma-es-ppmf-dp-2-pt-0.1
4143,2,Sphere,0.01,5,cma-es-ppmf-dp-2-pt-0.1
3823,2,Sphere,0.1,5,cma-es-ppmf-dp-2-pt-0.1
3655,2,Sphere,1,5,cma-es-ppmf-dp-2-pt-0.1
3223,2,Sphere,10,5,cma-es-ppmf-dp-2-pt-0.1
2919,2,Sphere,100,5,cma-es-ppmf-dp-2-pt-0.1
2591,2,Sphere,1000,5,cma-es-ppmf-dp-2-pt-0.1
15959,5,Sphere,0.001,5,cma-es-ppmf-dp-2-pt-0.1
14699,5,Sphere,0.01,5,cma-es-ppmf-dp-2-pt-0.1
13599,5,Sphere,0.1,5,cma-es-ppmf-dp-2-pt-0.1
12419,5,Sphere,1,5,cma-es-ppmf-dp-2-pt-0.1
11379,5,Sphere,10,5,cma-es-ppmf-dp-2-pt-0.1
10339,5,Sphere,100,5,cma-es-ppmf-dp-2-pt-0.1
9539,5,Sphere,1000,5,cma-es-ppmf-dp-2-pt-0.1
53599,10,Sphere,0.001,5,cma-es-ppmf-dp-2-pt-0.1
49759,10,Sphere,0.01,5,cma-es-ppmf-dp-2-pt-0.1
46359,10,Sphere,0.1,5,cma-es-ppmf-dp-2-pt-0.1
42199,10,Sphere,1,5,cma-es-ppmf-dp-2-pt-0.1
39159,10,Sphere,10,5,cma-es-ppmf-dp-2-pt-0.1
35359,10,Sphere,100,5,cma-es-ppmf-dp-2-pt-0.1
31919,10,Sphere,1000,5,cma-es-ppmf-dp-2-pt-0.1
300119,30,Sphere,0.001,5,cma-es-ppmf-dp-2-pt-0.1
300119,30,Sphere,0.01,5,cma-es-ppmf-dp-2-pt-0.1
300119,30,Sphere,0.1,5,cma-es-ppmf-dp-2-pt-0.1
300119,30,Sphere,1,5,cma-es-ppmf-dp-2-pt-0.1
300119,30,Sphere,10,5,cma-es-ppmf-dp-2-pt-0.1
300119,30,Sphere,100,5,cma-es-ppmf-dp-2-pt-0.1
300119,30,Sphere,1000,5,cma-es-ppmf-dp-2-pt-0.1
4623,2,Ellips10,0.001,5,cma-es-ppmf-dp-2-pt-0.1
4439,2,Ellips10,0.01,5,cma-es-ppmf-dp-2-pt-0.1
4039,2,Ellips10,0.1,5,cma-es-ppmf-dp-2-pt-0.1
3543,2,Ellips10,1,5,cma-es-ppmf-dp-2-pt-0.1
3263,2,Ellips10,10,5,cma-es-ppmf-dp-2-pt-0.1
2951,2,Ellips10,100,5,cma-es-ppmf-dp-2-pt-0.1
2559,2,Ellips10,1000,5,cma-es-ppmf-dp-2-pt-0.1
15999,5,Ellips10,0.001,5,cma-es-ppmf-dp-2-pt-0.1
14779,5,Ellips10,0.01,5,cma-es-ppmf-dp-2-pt-0.1
13879,5,Ellips10,0.1,5,cma-es-ppmf-dp-2-pt-0.1
12859,5,Ellips10,1,5,cma-es-ppmf-dp-2-pt-0.1
11659,5,Ellips10,10,5,cma-es-ppmf-dp-2-pt-0.1
10439,5,Ellips10,100,5,cma-es-ppmf-dp-2-pt-0.1
9579,5,Ellips10,1000,5,cma-es-ppmf-dp-2-pt-0.1
54719,10,Ellips10,0.001,5,cma-es-ppmf-dp-2-pt-0.1
51359,10,Ellips10,0.01,5,cma-es-ppmf-dp-2-pt-0.1
47239,10,Ellips10,0.1,5,cma-es-ppmf-dp-2-pt-0.1
43479,10,Ellips10,1,5,cma-es-ppmf-dp-2-pt-0.1
39439,10,Ellips10,10,5,cma-es-ppmf-dp-2-pt-0.1
35999,10,Ellips10,100,5,cma-es-ppmf-dp-2-pt-0.1
32639,10,Ellips10,1000,5,cma-es-ppmf-dp-2-pt-0.1
300119,30,Ellips10,0.001,5,cma-es-ppmf-dp-2-pt-0.1
300119,30,Ellips10,0.01,5,cma-es-ppmf-dp-2-pt-0.1
300119,30,Ellips10,0.1,5,cma-es-ppmf-dp-2-pt-0.1
300119,30,Ellips10,1,5,cma-es-ppmf-dp-2-pt-0.1
300119,30,Ellips10,10,5,cma-es-ppmf-dp-2-pt-0.1
300119,30,Ellips10,100,5,cma-es-ppmf-dp-2-pt-0.1
300119,30,Ellips10,1000,5,cma-es-ppmf-dp-2-pt-0.1
4695,2,Ellips100,0.001,5,cma-es-ppmf-dp-2-pt-0.1
4495,2,Ellips100,0.01,5,cma-es-ppmf-dp-2-pt-0.1
3919,2,Ellips100,0.1,5,cma-es-ppmf-dp-2-pt-0.1
3583,2,Ellips100,1,5,cma-es-ppmf-dp-2-pt-0.1
3487,2,Ellips100,10,5,cma-es-ppmf-dp-2-pt-0.1
3055,2,Ellips100,100,5,cma-es-ppmf-dp-2-pt-0.1
2855,2,Ellips100,1000,5,cma-es-ppmf-dp-2-pt-0.1
16279,5,Ellips100,0.001,5,cma-es-ppmf-dp-2-pt-0.1
15179,5,Ellips100,0.01,5,cma-es-ppmf-dp-2-pt-0.1
14159,5,Ellips100,0.1,5,cma-es-ppmf-dp-2-pt-0.1
13019,5,Ellips100,1,5,cma-es-ppmf-dp-2-pt-0.1
12159,5,Ellips100,10,5,cma-es-ppmf-dp-2-pt-0.1
10979,5,Ellips100,100,5,cma-es-ppmf-dp-2-pt-0.1
9759,5,Ellips100,1000,5,cma-es-ppmf-dp-2-pt-0.1
56199,10,Ellips100,0.001,5,cma-es-ppmf-dp-2-pt-0.1
51999,10,Ellips100,0.01,5,cma-es-ppmf-dp-2-pt-0.1
48559,10,Ellips100,0.1,5,cma-es-ppmf-dp-2-pt-0.1
44759,10,Ellips100,1,5,cma-es-ppmf-dp-2-pt-0.1
41239,10,Ellips100,10,5,cma-es-ppmf-dp-2-pt-0.1
37559,10,Ellips100,100,5,cma-es-ppmf-dp-2-pt-0.1
33799,10,Ellips100,1000,5,cma-es-ppmf-dp-2-pt-0.1
300119,30,Ellips100,0.001,5,cma-es-ppmf-dp-2-pt-0.1
300119,30,Ellips100,0.01,5,cma-es-ppmf-dp-2-pt-0.1
300119,30,Ellips100,0.1,5,cma-es-ppmf-dp-2-pt-0.1
300119,30,Ellips100,1,5,cma-es-ppmf-dp-2-pt-0.1
300119,30,Ellips100,10,5,cma-es-ppmf-dp-2-pt-0.1
300119,30,Ellips100,100,5,cma-es-ppmf-dp-2-pt-0.1
300119,30,Ellips100,1000,5,cma-es-ppmf-dp-2-pt-0.1
4487,2,Sphere,0.001,6,cma-es-ppmf-dp-2-pt-0.1
4255,2,Sphere,0.01,6,cma-es-ppmf-dp-2-pt-0.1
3679,2,Sphere,0.1,6,cma-es-ppmf-dp-2-pt-0.1
3567,2,Sphere,1,6,cma-es-ppmf-dp-2-pt-0.1
3191,2,Sphere,10,6,cma-es-ppmf-dp-2-pt-0.1
3023,2,Sphere,100,6,cma-es-ppmf-dp-2-pt-0.1
2703,2,Sphere,1000,6,cma-es-ppmf-dp-2-pt-0.1
15739,5,Sphere,0.001,6,cma-es-ppmf-dp-2-pt-0.1
14599,5,Sphere,0.01,6,cma-es-ppmf-dp-2-pt-0.1
13659,5,Sphere,0.1,6,cma-es-ppmf-dp-2-pt-0.1
12419,5,Sphere,1,6,cma-es-ppmf-dp-2-pt-0.1
11219,5,Sphere,10,6,cma-es-ppmf-dp-2-pt-0.1
10319,5,Sphere,100,6,cma-es-ppmf-dp-2-pt-0.1
9219,5,Sphere,1000,6,cma-es-ppmf-dp-2-pt-0.1
53079,10,Sphere,0.001,6,cma-es-ppmf-dp-2-pt-0.1
50239,10,Sphere,0.01,6,cma-es-ppmf-dp-2-pt-0.1
46959,10,Sphere,0.1,6,cma-es-ppmf-dp-2-pt-0.1
42879,10,Sphere,1,6,cma-es-ppmf-dp-2-pt-0.1
38799,10,Sphere,10,6,cma-es-ppmf-dp-2-pt-0.1
35239,10,Sphere,100,6,cma-es-ppmf-dp-2-pt-0.1
31599,10,Sphere,1000,6,cma-es-ppmf-dp-2-pt-0.1
300119,30,Sphere,0.001,6,cma-es-ppmf-dp-2-pt-0.1
300119,30,Sphere,0.01,6,cma-es-ppmf-dp-2-pt-0.1
300119,30,Sphere,0.1,6,cma-es-ppmf-dp-2-pt-0.1
300119,30,Sphere,1,6,cma-es-ppmf-dp-2-pt-0.1
300119,30,Sphere,10,6,cma-es-ppmf-dp-2-pt-0.1
300119,30,Sphere,100,6,cma-es-ppmf-dp-2-pt-0.1
300119,30,Sphere,1000,6,cma-es-ppmf-dp-2-pt-0.1
4671,2,Ellips10,0.001,6,cma-es-ppmf-dp-2-pt-0.1
4215,2,Ellips10,0.01,6,cma-es-ppmf-dp-2-pt-0.1
3887,2,Ellips10,0.1,6,cma-es-ppmf-dp-2-pt-0.1
3663,2,Ellips10,1,6,cma-es-ppmf-dp-2-pt-0.1
3447,2,Ellips10,10,6,cma-es-ppmf-dp-2-pt-0.1
2943,2,Ellips10,100,6,cma-es-ppmf-dp-2-pt-0.1
2719,2,Ellips10,1000,6,cma-es-ppmf-dp-2-pt-0.1
16139,5,Ellips10,0.001,6,cma-es-ppmf-dp-2-pt-0.1
15299,5,Ellips10,0.01,6,cma-es-ppmf-dp-2-pt-0.1
14079,5,Ellips10,0.1,6,cma-es-ppmf-dp-2-pt-0.1
12799,5,Ellips10,1,6,cma-es-ppmf-dp-2-pt-0.1
11799,5,Ellips10,10,6,cma-es-ppmf-dp-2-pt-0.1
10459,5,Ellips10,100,6,cma-es-ppmf-dp-2-pt-0.1
9459,5,Ellips10,1000,6,cma-es-ppmf-dp-2-pt-0.1
55079,10,Ellips10,0.001,6,cma-es-ppmf-dp-2-pt-0.1
50959,10,Ellips10,0.01,6,cma-es-ppmf-dp-2-pt-0.1
46799,10,Ellips10,0.1,6,cma-es-ppmf-dp-2-pt-0.1
43039,10,Ellips10,1,6,cma-es-ppmf-dp-2-pt-0.1
39599,10,Ellips10,10,6,cma-es-ppmf-dp-2-pt-0.1
36279,10,Ellips10,100,6,cma-es-ppmf-dp-2-pt-0.1
32799,10,Ellips10,1000,6,cma-es-ppmf-dp-2-pt-0.1
300119,30,Ellips10,0.001,6,cma-es-ppmf-dp-2-pt-0.1
300119,30,Ellips10,0.01,6,cma-es-ppmf-dp-2-pt-0.1
300119,30,Ellips10,0.1,6,cma-es-ppmf-dp-2-pt-0.1
300119,30,Ellips10,1,6,cma-es-ppmf-dp-2-pt-0.1
300119,30,Ellips10,10,6,cma-es-ppmf-dp-2-pt-0.1
300119,30,Ellips10,100,6,cma-es-ppmf-dp-2-pt-0.1
300119,30,Ellips10,1000,6,cma-es-ppmf-dp-2-pt-0.1
4743,2,Ellips100,0.001,6,cma-es-ppmf-dp-2-pt-0.1
4359,2,Ellips100,0.01,6,cma-es-ppmf-dp-2-pt-0.1
4087,2,Ellips100,0.1,6,cma-es-ppmf-dp-2-pt-0.1
3839,2,Ellips100,1,6,cma-es-ppmf-dp-2-pt-0.1
3455,2,Ellips100,10,6,cma-es-ppmf-dp-2-pt-0.1
3047,2,Ellips100,100,6,cma-es-ppmf-dp-2-pt-0.1
2919,2,Ellips100,1000,6,cma-es-ppmf-dp-2-pt-0.1
16199,5,Ellips100,0.001,6,cma-es-ppmf-dp-2-pt-0.1
15319,5,Ellips100,0.01,6,cma-es-ppmf-dp-2-pt-0.1
14199,5,Ellips100,0.1,6,cma-es-ppmf-dp-2-pt-0.1
12979,5,Ellips100,1,6,cma-es-ppmf-dp-2-pt-0.1
12039,5,Ellips100,10,6,cma-es-ppmf-dp-2-pt-0.1
10799,5,Ellips100,100,6,cma-es-ppmf-dp-2-pt-0.1
9839,5,Ellips100,1000,6,cma-es-ppmf-dp-2-pt-0.1
55559,10,Ellips100,0.001,6,cma-es-ppmf-dp-2-pt-0.1
51479,10,Ellips100,0.01,6,cma-es-ppmf-dp-2-pt-0.1
48999,10,Ellips100,0.1,6,cma-es-ppmf-dp-2-pt-0.1
44799,10,Ellips100,1,6,cma-es-ppmf-dp-2-pt-0.1
40639,10,Ellips100,10,6,cma-es-ppmf-dp-2-pt-0.1
37079,10,Ellips100,100,6,cma-es-ppmf-dp-2-pt-0.1
33519,10,Ellips100,1000,6,cma-es-ppmf-dp-2-pt-0.1
300119,30,Ellips100,0.001,6,cma-es-ppmf-dp-2-pt-0.1
300119,30,Ellips100,0.01,6,cma-es-ppmf-dp-2-pt-0.1
300119,30,Ellips100,0.1,6,cma-es-ppmf-dp-2-pt-0.1
300119,30,Ellips100,1,6,cma-es-ppmf-dp-2-pt-0.1
300119,30,Ellips100,10,6,cma-es-ppmf-dp-2-pt-0.1
300119,30,Ellips100,100,6,cma-es-ppmf-dp-2-pt-0.1
300119,30,Ellips100,1000,6,cma-es-ppmf-dp-2-pt-0.1
4439,2,Sphere,0.001,7,cma-es-ppmf-dp-2-pt-0.1
4047,2,Sphere,0.01,7,cma-es-ppmf-dp-2-pt-0.1
3863,2,Sphere,0.1,7,cma-es-ppmf-dp-2-pt-0.1
3711,2,Sphere,1,7,cma-es-ppmf-dp-2-pt-0.1
3191,2,Sphere,10,7,cma-es-ppmf-dp-2-pt-0.1
2919,2,Sphere,100,7,cma-es-ppmf-dp-2-pt-0.1
2711,2,Sphere,1000,7,cma-es-ppmf-dp-2-pt-0.1
15819,5,Sphere,0.001,7,cma-es-ppmf-dp-2-pt-0.1
14719,5,Sphere,0.01,7,cma-es-ppmf-dp-2-pt-0.1
13619,5,Sphere,0.1,7,cma-es-ppmf-dp-2-pt-0.1
12539,5,Sphere,1,7,cma-es-ppmf-dp-2-pt-0.1
11459,5,Sphere,10,7,cma-es-ppmf-dp-2-pt-0.1
10339,5,Sphere,100,7,cma-es-ppmf-dp-2-pt-0.1
9319,5,Sphere,1000,7,cma-es-ppmf-dp-2-pt-0.1
53559,10,Sphere,0.001,7,cma-es-ppmf-dp-2-pt-0.1
49759,10,Sphere,0.01,7,cma-es-ppmf-dp-2-pt-0.1
46559,10,Sphere,0.1,7,cma-es-ppmf-dp-2-pt-0.1
42119,10,Sphere,1,7,cma-es-ppmf-dp-2-pt-0.1
38999,10,Sphere,10,7,cma-es-ppmf-dp-2-pt-0.1
35119,10,Sphere,100,7,cma-es-ppmf-dp-2-pt-0.1
31479,10,Sphere,1000,7,cma-es-ppmf-dp-2-pt-0.1
300119,30,Sphere,0.001,7,cma-es-ppmf-dp-2-pt-0.1
300119,30,Sphere,0.01,7,cma-es-ppmf-dp-2-pt-0.1
300119,30,Sphere,0.1,7,cma-es-ppmf-dp-2-pt-0.1
300119,30,Sphere,1,7,cma-es-ppmf-dp-2-pt-0.1
300119,30,Sphere,10,7,cma-es-ppmf-dp-2-pt-0.1
300119,30,Sphere,100,7,cma-es-ppmf-dp-2-pt-0.1
300119,30,Sphere,1000,7,cma-es-ppmf-dp-2-pt-0.1
4655,2,Ellips10,0.001,7,cma-es-ppmf-dp-2-pt-0.1
4311,2,Ellips10,0.01,7,cma-es-ppmf-dp-2-pt-0.1
4103,2,Ellips10,0.1,7,cma-es-ppmf-dp-2-pt-0.1
3543,2,Ellips10,1,7,cma-es-ppmf-dp-2-pt-0.1
3279,2,Ellips10,10,7,cma-es-ppmf-dp-2-pt-0.1
2999,2,Ellips10,100,7,cma-es-ppmf-dp-2-pt-0.1
2695,2,Ellips10,1000,7,cma-es-ppmf-dp-2-pt-0.1
15939,5,Ellips10,0.001,7,cma-es-ppmf-dp-2-pt-0.1
14959,5,Ellips10,0.01,7,cma-es-ppmf-dp-2-pt-0.1
13579,5,Ellips10,0.1,7,cma-es-ppmf-dp-2-pt-0.1
12459,5,Ellips10,1,7,cma-es-ppmf-dp-2-pt-0.1
11559,5,Ellips10,10,7,cma-es-ppmf-dp-2-pt-0.1
10619,5,Ellips10,100,7,cma-es-ppmf-dp-2-pt-0.1
9639,5,Ellips10,1000,7,cma-es-ppmf-dp-2-pt-0.1
53919,10,Ellips10,0.001,7,cma-es-ppmf-dp-2-pt-0.1
50519,10,Ellips10,0.01,7,cma-es-ppmf-dp-2-pt-0.1
46959,10,Ellips10,0.1,7,cma-es-ppmf-dp-2-pt-0.1
43839,10,Ellips10,1,7,cma-es-ppmf-dp-2-pt-0.1
39359,10,Ellips10,10,7,cma-es-ppmf-dp-2-pt-0.1
36519,10,Ellips10,100,7,cma-es-ppmf-dp-2-pt-0.1
32399,10,Ellips10,1000,7,cma-es-ppmf-dp-2-pt-0.1
300119,30,Ellips10,0.001,7,cma-es-ppmf-dp-2-pt-0.1
300119,30,Ellips10,0.01,7,cma-es-ppmf-dp-2-pt-0.1
300119,30,Ellips10,0.1,7,cma-es-ppmf-dp-2-pt-0.1
300119,30,Ellips10,1,7,cma-es-ppmf-dp-2-pt-0.1
300119,30,Ellips10,10,7,cma-es-ppmf-dp-2-pt-0.1
300119,30,Ellips10,100,7,cma-es-ppmf-dp-2-pt-0.1
300119,30,Ellips10,1000,7,cma-es-ppmf-dp-2-pt-0.1
3999,2,Ellips100,0.001,7,cma-es-ppmf-dp-2-pt-0.1
4239,2,Ellips100,0.01,7,cma-es-ppmf-dp-2-pt-0.1
4063,2,Ellips100,0.1,7,cma-es-ppmf-dp-2-pt-0.1
3719,2,Ellips100,1,7,cma-es-ppmf-dp-2-pt-0.1
3511,2,Ellips100,10,7,cma-es-ppmf-dp-2-pt-0.1
3071,2,Ellips100,100,7,cma-es-ppmf-dp-2-pt-0.1
2863,2,Ellips100,1000,7,cma-es-ppmf-dp-2-pt-0.1
16139,5,Ellips100,0.001,7,cma-es-ppmf-dp-2-pt-0.1
15279,5,Ellips100,0.01,7,cma-es-ppmf-dp-2-pt-0.1
14339,5,Ellips100,0.1,7,cma-es-ppmf-dp-2-pt-0.1
12939,5,Ellips100,1,7,cma-es-ppmf-dp-2-pt-0.1
11759,5,Ellips100,10,7,cma-es-ppmf-dp-2-pt-0.1
10839,5,Ellips100,100,7,cma-es-ppmf-dp-2-pt-0.1
9859,5,Ellips100,1000,7,cma-es-ppmf-dp-2-pt-0.1
55079,10,Ellips100,0.001,7,cma-es-ppmf-dp-2-pt-0.1
51479,10,Ellips100,0.01,7,cma-es-ppmf-dp-2-pt-0.1
48119,10,Ellips100,0.1,7,cma-es-ppmf-dp-2-pt-0.1
44559,10,Ellips100,1,7,cma-es-ppmf-dp-2-pt-0.1
40199,10,Ellips100,10,7,cma-es-ppmf-dp-2-pt-0.1
36999,10,Ellips100,100,7,cma-es-ppmf-dp-2-pt-0.1
33679,10,Ellips100,1000,7,cma-es-ppmf-dp-2-pt-0.1
300119,30,Ellips100,0.001,7,cma-es-ppmf-dp-2-pt-0.1
300119,30,Ellips100,0.01,7,cma-es-ppmf-dp-2-pt-0.1
300119,30,Ellips100,0.1,7,cma-es-ppmf-dp-2-pt-0.1
300119,30,Ellips100,1,7,cma-es-ppmf-dp-2-pt-0.1
300119,30,Ellips100,10,7,cma-es-ppmf-dp-2-pt-0.1
300119,30,Ellips100,100,7,cma-es-ppmf-dp-2-pt-0.1
300119,30,Ellips100,1000,7,cma-es-ppmf-dp-2-pt-0.1
4527,2,Sphere,0.001,8,cma-es-ppmf-dp-2-pt-0.1
4279,2,Sphere,0.01,8,cma-es-ppmf-dp-2-pt-0.1
3855,2,Sphere,0.1,8,cma-es-ppmf-dp-2-pt-0.1
3567,2,Sphere,1,8,cma-es-ppmf-dp-2-pt-0.1
3327,2,Sphere,10,8,cma-es-ppmf-dp-2-pt-0.1
2975,2,Sphere,100,8,cma-es-ppmf-dp-2-pt-0.1
2543,2,Sphere,1000,8,cma-es-ppmf-dp-2-pt-0.1
15779,5,Sphere,0.001,8,cma-es-ppmf-dp-2-pt-0.1
14579,5,Sphere,0.01,8,cma-es-ppmf-dp-2-pt-0.1
13559,5,Sphere,0.1,8,cma-es-ppmf-dp-2-pt-0.1
12419,5,Sphere,1,8,cma-es-ppmf-dp-2-pt-0.1
11219,5,Sphere,10,8,cma-es-ppmf-dp-2-pt-0.1
10259,5,Sphere,100,8,cma-es-ppmf-dp-2-pt-0.1
9379,5,Sphere,1000,8,cma-es-ppmf-dp-2-pt-0.1
53599,10,Sphere,0.001,8,cma-es-ppmf-dp-2-pt-0.1
49439,10,Sphere,0.01,8,cma-es-ppmf-dp-2-pt-0.1
46519,10,Sphere,0.1,8,cma-es-ppmf-dp-2-pt-0.1
42239,10,Sphere,1,8,cma-es-ppmf-dp-2-pt-0.1
38479,10,Sphere,10,8,cma-es-ppmf-dp-2-pt-0.1
35039,10,Sphere,100,8,cma-es-ppmf-dp-2-pt-0.1
31919,10,Sphere,1000,8,cma-es-ppmf-dp-2-pt-0.1
300119,30,Sphere,0.001,8,cma-es-ppmf-dp-2-pt-0.1
300119,30,Sphere,0.01,8,cma-es-ppmf-dp-2-pt-0.1
300119,30,Sphere,0.1,8,cma-es-ppmf-dp-2-pt-0.1
300119,30,Sphere,1,8,cma-es-ppmf-dp-2-pt-0.1
300119,30,Sphere,10,8,cma-es-ppmf-dp-2-pt-0.1
300119,30,Sphere,100,8,cma-es-ppmf-dp-2-pt-0.1
300119,30,Sphere,1000,8,cma-es-ppmf-dp-2-pt-0.1
4567,2,Ellips10,0.001,8,cma-es-ppmf-dp-2-pt-0.1
4287,2,Ellips10,0.01,8,cma-es-ppmf-dp-2-pt-0.1
3999,2,Ellips10,0.1,8,cma-es-ppmf-dp-2-pt-0.1
3711,2,Ellips10,1,8,cma-es-ppmf-dp-2-pt-0.1
3295,2,Ellips10,10,8,cma-es-ppmf-dp-2-pt-0.1
3047,2,Ellips10,100,8,cma-es-ppmf-dp-2-pt-0.1
2783,2,Ellips10,1000,8,cma-es-ppmf-dp-2-pt-0.1
16099,5,Ellips10,0.001,8,cma-es-ppmf-dp-2-pt-0.1
14739,5,Ellips10,0.01,8,cma-es-ppmf-dp-2-pt-0.1
13899,5,Ellips10,0.1,8,cma-es-ppmf-dp-2-pt-0.1
12639,5,Ellips10,1,8,cma-es-ppmf-dp-2-pt-0.1
11639,5,Ellips10,10,8,cma-es-ppmf-dp-2-pt-0.1
10699,5,Ellips10,100,8,cma-es-ppmf-dp-2-pt-0.1
9579,5,Ellips10,1000,8,cma-es-ppmf-dp-2-pt-0.1
54159,10,Ellips10,0.001,8,cma-es-ppmf-dp-2-pt-0.1
50719,10,Ellips10,0.01,8,cma-es-ppmf-dp-2-pt-0.1
46839,10,Ellips10,0.1,8,cma-es-ppmf-dp-2-pt-0.1
42799,10,Ellips10,1,8,cma-es-ppmf-dp-2-pt-0.1
39519,10,Ellips10,10,8,cma-es-ppmf-dp-2-pt-0.1
36159,10,Ellips10,100,8,cma-es-ppmf-dp-2-pt-0.1
32999,10,Ellips10,1000,8,cma-es-ppmf-dp-2-pt-0.1
300119,30,Ellips10,0.001,8,cma-es-ppmf-dp-2-pt-0.1
300119,30,Ellips10,0.01,8,cma-es-ppmf-dp-2-pt-0.1
300119,30,Ellips10,0.1,8,cma-es-ppmf-dp-2-pt-0.1
300119,30,Ellips10,1,8,cma-es-ppmf-dp-2-pt-0.1
300119,30,Ellips10,10,8,cma-es-ppmf-dp-2-pt-0.1
300119,30,Ellips10,100,8,cma-es-ppmf-dp-2-pt-0.1
300119,30,Ellips10,1000,8,cma-es-ppmf-dp-2-pt-0.1
4727,2,Ellips100,0.001,8,cma-es-ppmf-dp-2-pt-0.1
4447,2,Ellips100,0.01,8,cma-es-ppmf-dp-2-pt-0.1
4119,2,Ellips100,0.1,8,cma-es-ppmf-dp-2-pt-0.1
3807,2,Ellips100,1,8,cma-es-ppmf-dp-2-pt-0.1
3527,2,Ellips100,10,8,cma-es-ppmf-dp-2-pt-0.1
3287,2,Ellips100,100,8,cma-es-ppmf-dp-2-pt-0.1
2919,2,Ellips100,1000,8,cma-es-ppmf-dp-2-pt-0.1
16519,5,Ellips100,0.001,8,cma-es-ppmf-dp-2-pt-0.1
15299,5,Ellips100,0.01,8,cma-es-ppmf-dp-2-pt-0.1
14399,5,Ellips100,0.1,8,cma-es-ppmf-dp-2-pt-0.1
13079,5,Ellips100,1,8,cma-es-ppmf-dp-2-pt-0.1
11999,5,Ellips100,10,8,cma-es-ppmf-dp-2-pt-0.1
10859,5,Ellips100,100,8,cma-es-ppmf-dp-2-pt-0.1
10119,5,Ellips100,1000,8,cma-es-ppmf-dp-2-pt-0.1
55119,10,Ellips100,0.001,8,cma-es-ppmf-dp-2-pt-0.1
51879,10,Ellips100,0.01,8,cma-es-ppmf-dp-2-pt-0.1
48399,10,Ellips100,0.1,8,cma-es-ppmf-dp-2-pt-0.1
44439,10,Ellips100,1,8,cma-es-ppmf-dp-2-pt-0.1
40959,10,Ellips100,10,8,cma-es-ppmf-dp-2-pt-0.1
37239,10,Ellips100,100,8,cma-es-ppmf-dp-2-pt-0.1
33879,10,Ellips100,1000,8,cma-es-ppmf-dp-2-pt-0.1
300119,30,Ellips100,0.001,8,cma-es-ppmf-dp-2-pt-0.1
300119,30,Ellips100,0.01,8,cma-es-ppmf-dp-2-pt-0.1
300119,30,Ellips100,0.1,8,cma-es-ppmf-dp-2-pt-0.1
300119,30,Ellips100,1,8,cma-es-ppmf-dp-2-pt-0.1
300119,30,Ellips100,10,8,cma-es-ppmf-dp-2-pt-0.1
300119,30,Ellips100,100,8,cma-es-ppmf-dp-2-pt-0.1
300119,30,Ellips100,1000,8,cma-es-ppmf-dp-2-pt-0.1
4407,2,Sphere,0.001,9,cma-es-ppmf-dp-2-pt-0.1
4079,2,Sphere,0.01,9,cma-es-ppmf-dp-2-pt-0.1
3831,2,Sphere,0.1,9,cma-es-ppmf-dp-2-pt-0.1
3487,2,Sphere,1,9,cma-es-ppmf-dp-2-pt-0.1
3191,2,Sphere,10,9,cma-es-ppmf-dp-2-pt-0.1
2879,2,Sphere,100,9,cma-es-ppmf-dp-2-pt-0.1
2695,2,Sphere,1000,9,cma-es-ppmf-dp-2-pt-0.1
15599,5,Sphere,0.001,9,cma-es-ppmf-dp-2-pt-0.1
14939,5,Sphere,0.01,9,cma-es-ppmf-dp-2-pt-0.1
13599,5,Sphere,0.1,9,cma-es-ppmf-dp-2-pt-0.1
12539,5,Sphere,1,9,cma-es-ppmf-dp-2-pt-0.1
11359,5,Sphere,10,9,cma-es-ppmf-dp-2-pt-0.1
10279,5,Sphere,100,9,cma-es-ppmf-dp-2-pt-0.1
9299,5,Sphere,1000,9,cma-es-ppmf-dp-2-pt-0.1
53079,10,Sphere,0.001,9,cma-es-ppmf-dp-2-pt-0.1
49599,10,Sphere,0.01,9,cma-es-ppmf-dp-2-pt-0.1
46319,10,Sphere,0.1,9,cma-es-ppmf-dp-2-pt-0.1
42199,10,Sphere,1,9,cma-es-ppmf-dp-2-pt-0.1
39159,10,Sphere,10,9,cma-es-ppmf-dp-2-pt-0.1
34439,10,Sphere,100,9,cma-es-ppmf-dp-2-pt-0.1
31439,10,Sphere,1000,9,cma-es-ppmf-dp-2-pt-0.1
300119,30,Sphere,0.001,9,cma-es-ppmf-dp-2-pt-0.1
300119,30,Sphere,0.01,9,cma-es-ppmf-dp-2-pt-0.1
300119,30,Sphere,0.1,9,cma-es-ppmf-dp-2-pt-0.1
300119,30,Sphere,1,9,cma-es-ppmf-dp-2-pt-0.1
300119,30,Sphere,10,9,cma-es-ppmf-dp-2-pt-0.1
300119,30,Sphere,100,9,cma-es-ppmf-dp-2-pt-0.1
300119,30,Sphere,1000,9,cma-es-ppmf-dp-2-pt-0.1
4599,2,Ellips10,0.001,9,cma-es-ppmf-dp-2-pt-0.1
4167,2,Ellips10,0.01,9,cma-es-ppmf-dp-2-pt-0.1
3903,2,Ellips10,0.1,9,cma-es-ppmf-dp-2-pt-0.1
3591,2,Ellips10,1,9,cma-es-ppmf-dp-2-pt-0.1
3455,2,Ellips10,10,9,cma-es-ppmf-dp-2-pt-0.1
3071,2,Ellips10,100,9,cma-es-ppmf-dp-2-pt-0.1
2607,2,Ellips10,1000,9,cma-es-ppmf-dp-2-pt-0.1
16079,5,Ellips10,0.001,9,cma-es-ppmf-dp-2-pt-0.1
14979,5,Ellips10,0.01,9,cma-es-ppmf-dp-2-pt-0.1
13819,5,Ellips10,0.1,9,cma-es-ppmf-dp-2-pt-0.1
12679,5,Ellips10,1,9,cma-es-ppmf-dp-2-pt-0.1
11519,5,Ellips10,10,9,cma-es-ppmf-dp-2-pt-0.1
10519,5,Ellips10,100,9,cma-es-ppmf-dp-2-pt-0.1
9659,5,Ellips10,1000,9,cma-es-ppmf-dp-2-pt-0.1
54359,10,Ellips10,0.001,9,cma-es-ppmf-dp-2-pt-0.1
50319,10,Ellips10,0.01,9,cma-es-ppmf-dp-2-pt-0.1
47079,10,Ellips10,0.1,9,cma-es-ppmf-dp-2-pt-0.1
42599,10,Ellips10,1,9,cma-es-ppmf-dp-2-pt-0.1
39839,10,Ellips10,10,9,cma-es-ppmf-dp-2-pt-0.1
36479,10,Ellips10,100,9,cma-es-ppmf-dp-2-pt-0.1
32759,10,Ellips10,1000,9,cma-es-ppmf-dp-2-pt-0.1
300119,30,Ellips10,0.001,9,cma-es-ppmf-dp-2-pt-0.1
300119,30,Ellips10,0.01,9,cma-es-ppmf-dp-2-pt-0.1
300119,30,Ellips10,0.1,9,cma-es-ppmf-dp-2-pt-0.1
300119,30,Ellips10,1,9,cma-es-ppmf-dp-2-pt-0.1
300119,30,Ellips10,10,9,cma-es-ppmf-dp-2-pt-0.1
300119,30,Ellips10,100,9,cma-es-ppmf-dp-2-pt-0.1
300119,30,Ellips10,1000,9,cma-es-ppmf-dp-2-pt-0.1
4951,2,Ellips100,0.001,9,cma-es-ppmf-dp-2-pt-0.1
4375,2,Ellips100,0.01,9,cma-es-ppmf-dp-2-pt-0.1
3935,2,Ellips100,0.1,9,cma-es-ppmf-dp-2-pt-0.1
3647,2,Ellips100,1,9,cma-es-ppmf-dp-2-pt-0.1
3359,2,Ellips100,10,9,cma-es-ppmf-dp-2-pt-0.1
3095,2,Ellips100,100,9,cma-es-ppmf-dp-2-pt-0.1
2655,2,Ellips100,1000,9,cma-es-ppmf-dp-2-pt-0.1
16139,5,Ellips100,0.001,9,cma-es-ppmf-dp-2-pt-0.1
15439,5,Ellips100,0.01,9,cma-es-ppmf-dp-2-pt-0.1
14239,5,Ellips100,0.1,9,cma-es-ppmf-dp-2-pt-0.1
12939,5,Ellips100,1,9,cma-es-ppmf-dp-2-pt-0.1
12239,5,Ellips100,10,9,cma-es-ppmf-dp-2-pt-0.1
10739,5,Ellips100,100,9,cma-es-ppmf-dp-2-pt-0.1
9819,5,Ellips100,1000,9,cma-es-ppmf-dp-2-pt-0.1
55519,10,Ellips100,0.001,9,cma-es-ppmf-dp-2-pt-0.1
51959,10,Ellips100,0.01,9,cma-es-ppmf-dp-2-pt-0.1
48439,10,Ellips100,0.1,9,cma-es-ppmf-dp-2-pt-0.1
44359,10,Ellips100,1,9,cma-es-ppmf-dp-2-pt-0.1
40839,10,Ellips100,10,9,cma-es-ppmf-dp-2-pt-0.1
37319,10,Ellips100,100,9,cma-es-ppmf-dp-2-pt-0.1
33519,10,Ellips100,1000,9,cma-es-ppmf-dp-2-pt-0.1
300119,30,Ellips100,0.001,9,cma-es-ppmf-dp-2-pt-0.1
300119,30,Ellips100,0.01,9,cma-es-ppmf-dp-2-pt-0.1
300119,30,Ellips100,0.1,9,cma-es-ppmf-dp-2-pt-0.1
300119,30,Ellips100,1,9,cma-es-ppmf-dp-2-pt-0.1
300119,30,Ellips100,10,9,cma-es-ppmf-dp-2-pt-0.1
300119,30,Ellips100,100,9,cma-es-ppmf-dp-2-pt-0.1
300119,30,Ellips100,1000,9,cma-es-ppmf-dp-2-pt-0.1
4479,2,Sphere,0.001,10,cma-es-ppmf-dp-2-pt-0.1
4143,2,Sphere,0.01,10,cma-es-ppmf-dp-2-pt-0.1
3855,2,Sphere,0.1,10,cma-es-ppmf-dp-2-pt-0.1
3471,2,Sphere,1,10,cma-es-ppmf-dp-2-pt-0.1
3175,2,Sphere,10,10,cma-es-ppmf-dp-2-pt-0.1
2927,2,Sphere,100,10,cma-es-ppmf-dp-2-pt-0.1
2615,2,Sphere,1000,10,cma-es-ppmf-dp-2-pt-0.1
15859,5,Sphere,0.001,10,cma-es-ppmf-dp-2-pt-0.1
14519,5,Sphere,0.01,10,cma-es-ppmf-dp-2-pt-0.1
13639,5,Sphere,0.1,10,cma-es-ppmf-dp-2-pt-0.1
12499,5,Sphere,1,10,cma-es-ppmf-dp-2-pt-0.1
11279,5,Sphere,10,10,cma-es-ppmf-dp-2-pt-0.1
10319,5,Sphere,100,10,cma-es-ppmf-dp-2-pt-0.1
9179,5,Sphere,1000,10,cma-es-ppmf-dp-2-pt-0.1
53239,10,Sphere,0.001,10,cma-es-ppmf-dp-2-pt-0.1
49799,10,Sphere,0.01,10,cma-es-ppmf-dp-2-pt-0.1
46159,10,Sphere,0.1,10,cma-es-ppmf-dp-2-pt-0.1
42679,10,Sphere,1,10,cma-es-ppmf-dp-2-pt-0.1
38999,10,Sphere,10,10,cma-es-ppmf-dp-2-pt-0.1
35239,10,Sphere,100,10,cma-es-ppmf-dp-2-pt-0.1
31759,10,Sphere,1000,10,cma-es-ppmf-dp-2-pt-0.1
300119,30,Sphere,0.001,10,cma-es-ppmf-dp-2-pt-0.1
300119,30,Sphere,0.01,10,cma-es-ppmf-dp-2-pt-0.1
300119,30,Sphere,0.1,10,cma-es-ppmf-dp-2-pt-0.1
300119,30,Sphere,1,10,cma-es-ppmf-dp-2-pt-0.1
300119,30,Sphere,10,10,cma-es-ppmf-dp-2-pt-0.1
300119,30,Sphere,100,10,cma-es-ppmf-dp-2-pt-0.1
300119,30,Sphere,1000,10,cma-es-ppmf-dp-2-pt-0.1
4615,2,Ellips10,0.001,10,cma-es-ppmf-dp-2-pt-0.1
4279,2,Ellips10,0.01,10,cma-es-ppmf-dp-2-pt-0.1
3999,2,Ellips10,0.1,10,cma-es-ppmf-dp-2-pt-0.1
3495,2,Ellips10,1,10,cma-es-ppmf-dp-2-pt-0.1
3215,2,Ellips10,10,10,cma-es-ppmf-dp-2-pt-0.1
3007,2,Ellips10,100,10,cma-es-ppmf-dp-2-pt-0.1
2631,2,Ellips10,1000,10,cma-es-ppmf-dp-2-pt-0.1
15939,5,Ellips10,0.001,10,cma-es-ppmf-dp-2-pt-0.1
14879,5,Ellips10,0.01,10,cma-es-ppmf-dp-2-pt-0.1
13839,5,Ellips10,0.1,10,cma-es-ppmf-dp-2-pt-0.1
12799,5,Ellips10,1,10,cma-es-ppmf-dp-2-pt-0.1
11539,5,Ellips10,10,10,cma-es-ppmf-dp-2-pt-0.1
10619,5,Ellips10,100,10,cma-es-ppmf-dp-2-pt-0.1
9559,5,Ellips10,1000,10,cma-es-ppmf-dp-2-pt-0.1
54999,10,Ellips10,0.001,10,cma-es-ppmf-dp-2-pt-0.1
50959,10,Ellips10,0.01,10,cma-es-ppmf-dp-2-pt-0.1
46999,10,Ellips10,0.1,10,cma-es-ppmf-dp-2-pt-0.1
43479,10,Ellips10,1,10,cma-es-ppmf-dp-2-pt-0.1
39919,10,Ellips10,10,10,cma-es-ppmf-dp-2-pt-0.1
35839,10,Ellips10,100,10,cma-es-ppmf-dp-2-pt-0.1
32639,10,Ellips10,1000,10,cma-es-ppmf-dp-2-pt-0.1
300119,30,Ellips10,0.001,10,cma-es-ppmf-dp-2-pt-0.1
300119,30,Ellips10,0.01,10,cma-es-ppmf-dp-2-pt-0.1
300119,30,Ellips10,0.1,10,cma-es-ppmf-dp-2-pt-0.1
300119,30,Ellips10,1,10,cma-es-ppmf-dp-2-pt-0.1
300119,30,Ellips10,10,10,cma-es-ppmf-dp-2-pt-0.1
300119,30,Ellips10,100,10,cma-es-ppmf-dp-2-pt-0.1
300119,30,Ellips10,1000,10,cma-es-ppmf-dp-2-pt-0.1
4727,2,Ellips100,0.001,10,cma-es-ppmf-dp-2-pt-0.1
4391,2,Ellips100,0.01,10,cma-es-ppmf-dp-2-pt-0.1
4079,2,Ellips100,0.1,10,cma-es-ppmf-dp-2-pt-0.1
3783,2,Ellips100,1,10,cma-es-ppmf-dp-2-pt-0.1
3487,2,Ellips100,10,10,cma-es-ppmf-dp-2-pt-0.1
3255,2,Ellips100,100,10,cma-es-ppmf-dp-2-pt-0.1
1183,2,Ellips100,1000,10,cma-es-ppmf-dp-2-pt-0.1
16139,5,Ellips100,0.001,10,cma-es-ppmf-dp-2-pt-0.1
15279,5,Ellips100,0.01,10,cma-es-ppmf-dp-2-pt-0.1
14139,5,Ellips100,0.1,10,cma-es-ppmf-dp-2-pt-0.1
13179,5,Ellips100,1,10,cma-es-ppmf-dp-2-pt-0.1
12059,5,Ellips100,10,10,cma-es-ppmf-dp-2-pt-0.1
10879,5,Ellips100,100,10,cma-es-ppmf-dp-2-pt-0.1
9939,5,Ellips100,1000,10,cma-es-ppmf-dp-2-pt-0.1
55279,10,Ellips100,0.001,10,cma-es-ppmf-dp-2-pt-0.1
52079,10,Ellips100,0.01,10,cma-es-ppmf-dp-2-pt-0.1
48279,10,Ellips100,0.1,10,cma-es-ppmf-dp-2-pt-0.1
44639,10,Ellips100,1,10,cma-es-ppmf-dp-2-pt-0.1
41079,10,Ellips100,10,10,cma-es-ppmf-dp-2-pt-0.1
37799,10,Ellips100,100,10,cma-es-ppmf-dp-2-pt-0.1
33639,10,Ellips100,1000,10,cma-es-ppmf-dp-2-pt-0.1
300119,30,Ellips100,0.001,10,cma-es-ppmf-dp-2-pt-0.1
300119,30,Ellips100,0.01,10,cma-es-ppmf-dp-2-pt-0.1
300119,30,Ellips100,0.1,10,cma-es-ppmf-dp-2-pt-0.1
300119,30,Ellips100,1,10,cma-es-ppmf-dp-2-pt-0.1
300119,30,Ellips100,10,10,cma-es-ppmf-dp-2-pt-0.1
300119,30,Ellips100,100,10,cma-es-ppmf-dp-2-pt-0.1
300119,30,Ellips100,1000,10,cma-es-ppmf-dp-2-pt-0.1
4367,2,Sphere,0.001,11,cma-es-ppmf-dp-2-pt-0.1
4159,2,Sphere,0.01,11,cma-es-ppmf-dp-2-pt-0.1
3927,2,Sphere,0.1,11,cma-es-ppmf-dp-2-pt-0.1
3391,2,Sphere,1,11,cma-es-ppmf-dp-2-pt-0.1
3119,2,Sphere,10,11,cma-es-ppmf-dp-2-pt-0.1
2823,2,Sphere,100,11,cma-es-ppmf-dp-2-pt-0.1
2631,2,Sphere,1000,11,cma-es-ppmf-dp-2-pt-0.1
15619,5,Sphere,0.001,11,cma-es-ppmf-dp-2-pt-0.1
14819,5,Sphere,0.01,11,cma-es-ppmf-dp-2-pt-0.1
13419,5,Sphere,0.1,11,cma-es-ppmf-dp-2-pt-0.1
12499,5,Sphere,1,11,cma-es-ppmf-dp-2-pt-0.1
11679,5,Sphere,10,11,cma-es-ppmf-dp-2-pt-0.1
10279,5,Sphere,100,11,cma-es-ppmf-dp-2-pt-0.1
9279,5,Sphere,1000,11,cma-es-ppmf-dp-2-pt-0.1
53319,10,Sphere,0.001,11,cma-es-ppmf-dp-2-pt-0.1
49639,10,Sphere,0.01,11,cma-es-ppmf-dp-2-pt-0.1
45999,10,Sphere,0.1,11,cma-es-ppmf-dp-2-pt-0.1
43199,10,Sphere,1,11,cma-es-ppmf-dp-2-pt-0.1
38719,10,Sphere,10,11,cma-es-ppmf-dp-2-pt-0.1
35199,10,Sphere,100,11,cma-es-ppmf-dp-2-pt-0.1
31639,10,Sphere,1000,11,cma-es-ppmf-dp-2-pt-0.1
300119,30,Sphere,0.001,11,cma-es-ppmf-dp-2-pt-0.1
300119,30,Sphere,0.01,11,cma-es-ppmf-dp-2-pt-0.1
300119,30,Sphere,0.1,11,cma-es-ppmf-dp-2-pt-0.1
300119,30,Sphere,1,11,cma-es-ppmf-dp-2-pt-0.1
300119,30,Sphere,10,11,cma-es-ppmf-dp-2-pt-0.1
300119,30,Sphere,100,11,cma-es-ppmf-dp-2-pt-0.1
300119,30,Sphere,1000,11,cma-es-ppmf-dp-2-pt-0.1
4775,2,Ellips10,0.001,11,cma-es-ppmf-dp-2-pt-0.1
4319,2,Ellips10,0.01,11,cma-es-ppmf-dp-2-pt-0.1
3991,2,Ellips10,0.1,11,cma-es-ppmf-dp-2-pt-0.1
3815,2,Ellips10,1,11,cma-es-ppmf-dp-2-pt-0.1
3223,2,Ellips10,10,11,cma-es-ppmf-dp-2-pt-0.1
2863,2,Ellips10,100,11,cma-es-ppmf-dp-2-pt-0.1
2671,2,Ellips10,1000,11,cma-es-ppmf-dp-2-pt-0.1
15979,5,Ellips10,0.001,11,cma-es-ppmf-dp-2-pt-0.1
14919,5,Ellips10,0.01,11,cma-es-ppmf-dp-2-pt-0.1
13799,5,Ellips10,0.1,11,cma-es-ppmf-dp-2-pt-0.1
12559,5,Ellips10,1,11,cma-es-ppmf-dp-2-pt-0.1
11699,5,Ellips10,10,11,cma-es-ppmf-dp-2-pt-0.1
10419,5,Ellips10,100,11,cma-es-ppmf-dp-2-pt-0.1
9499,5,Ellips10,1000,11,cma-es-ppmf-dp-2-pt-0.1
54159,10,Ellips10,0.001,11,cma-es-ppmf-dp-2-pt-0.1
51439,10,Ellips10,0.01,11,cma-es-ppmf-dp-2-pt-0.1
47079,10,Ellips10,0.1,11,cma-es-ppmf-dp-2-pt-0.1
43359,10,Ellips10,1,11,cma-es-ppmf-dp-2-pt-0.1
39399,10,Ellips10,10,11,cma-es-ppmf-dp-2-pt-0.1
36119,10,Ellips10,100,11,cma-es-ppmf-dp-2-pt-0.1
32679,10,Ellips10,1000,11,cma-es-ppmf-dp-2-pt-0.1
300119,30,Ellips10,0.001,11,cma-es-ppmf-dp-2-pt-0.1
300119,30,Ellips10,0.01,11,cma-es-ppmf-dp-2-pt-0.1
300119,30,Ellips10,0.1,11,cma-es-ppmf-dp-2-pt-0.1
300119,30,Ellips10,1,11,cma-es-ppmf-dp-2-pt-0.1
300119,30,Ellips10,10,11,cma-es-ppmf-dp-2-pt-0.1
300119,30,Ellips10,100,11,cma-es-ppmf-dp-2-pt-0.1
300119,30,Ellips10,1000,11,cma-es-ppmf-dp-2-pt-0.1
4759,2,Ellips100,0.001,11,cma-es-ppmf-dp-2-pt-0.1
4479,2,Ellips100,0.01,11,cma-es-ppmf-dp-2-pt-0.1
3991,2,Ellips100,0.1,11,cma-es-ppmf-dp-2-pt-0.1
3847,2,Ellips100,1,11,cma-es-ppmf-dp-2-pt-0.1
3455,2,Ellips100,10,11,cma-es-ppmf-dp-2-pt-0.1
3143,2,Ellips100,100,11,cma-es-ppmf-dp-2-pt-0.1
2767,2,Ellips100,1000,11,cma-es-ppmf-dp-2-pt-0.1
16299,5,Ellips100,0.001,11,cma-es-ppmf-dp-2-pt-0.1
15339,5,Ellips100,0.01,11,cma-es-ppmf-dp-2-pt-0.1
14179,5,Ellips100,0.1,11,cma-es-ppmf-dp-2-pt-0.1
13099,5,Ellips100,1,11,cma-es-ppmf-dp-2-pt-0.1
11879,5,Ellips100,10,11,cma-es-ppmf-dp-2-pt-0.1
10979,5,Ellips100,100,11,cma-es-ppmf-dp-2-pt-0.1
9739,5,Ellips100,1000,11,cma-es-ppmf-dp-2-pt-0.1
55919,10,Ellips100,0.001,11,cma-es-ppmf-dp-2-pt-0.1
51599,10,Ellips100,0.01,11,cma-es-ppmf-dp-2-pt-0.1
48639,10,Ellips100,0.1,11,cma-es-ppmf-dp-2-pt-0.1
44399,10,Ellips100,1,11,cma-es-ppmf-dp-2-pt-0.1
40999,10,Ellips100,10,11,cma-es-ppmf-dp-2-pt-0.1
37079,10,Ellips100,100,11,cma-es-ppmf-dp-2-pt-0.1
33719,10,Ellips100,1000,11,cma-es-ppmf-dp-2-pt-0.1
300119,30,Ellips100,0.001,11,cma-es-ppmf-dp-2-pt-0.1
300119,30,Ellips100,0.01,11,cma-es-ppmf-dp-2-pt-0.1
300119,30,Ellips100,0.1,11,cma-es-ppmf-dp-2-pt-0.1
300119,30,Ellips100,1,11,cma-es-ppmf-dp-2-pt-0.1
300119,30,Ellips100,10,11,cma-es-ppmf-dp-2-pt-0.1
300119,30,Ellips100,100,11,cma-es-ppmf-dp-2-pt-0.1
300119,30,Ellips100,1000,11,cma-es-ppmf-dp-2-pt-0.1
4583,2,Sphere,0.001,12,cma-es-ppmf-dp-2-pt-0.1
4127,2,Sphere,0.01,12,cma-es-ppmf-dp-2-pt-0.1
3799,2,Sphere,0.1,12,cma-es-ppmf-dp-2-pt-0.1
3575,2,Sphere,1,12,cma-es-ppmf-dp-2-pt-0.1
3271,2,Sphere,10,12,cma-es-ppmf-dp-2-pt-0.1
2967,2,Sphere,100,12,cma-es-ppmf-dp-2-pt-0.1
2623,2,Sphere,1000,12,cma-es-ppmf-dp-2-pt-0.1
15639,5,Sphere,0.001,12,cma-es-ppmf-dp-2-pt-0.1
14799,5,Sphere,0.01,12,cma-es-ppmf-dp-2-pt-0.1
13519,5,Sphere,0.1,12,cma-es-ppmf-dp-2-pt-0.1
12519,5,Sphere,1,12,cma-es-ppmf-dp-2-pt-0.1
11379,5,Sphere,10,12,cma-es-ppmf-dp-2-pt-0.1
10499,5,Sphere,100,12,cma-es-ppmf-dp-2-pt-0.1
9339,5,Sphere,1000,12,cma-es-ppmf-dp-2-pt-0.1
53399,10,Sphere,0.001,12,cma-es-ppmf-dp-2-pt-0.1
50039,10,Sphere,0.01,12,cma-es-ppmf-dp-2-pt-0.1
46239,10,Sphere,0.1,12,cma-es-ppmf-dp-2-pt-0.1
42799,10,Sphere,1,12,cma-es-ppmf-dp-2-pt-0.1
38519,10,Sphere,10,12,cma-es-ppmf-dp-2-pt-0.1
35199,10,Sphere,100,12,cma-es-ppmf-dp-2-pt-0.1
31959,10,Sphere,1000,12,cma-es-ppmf-dp-2-pt-0.1
300119,30,Sphere,0.001,12,cma-es-ppmf-dp-2-pt-0.1
300119,30,Sphere,0.01,12,cma-es-ppmf-dp-2-pt-0.1
300119,30,Sphere,0.1,12,cma-es-ppmf-dp-2-pt-0.1
300119,30,Sphere,1,12,cma-es-ppmf-dp-2-pt-0.1
300119,30,Sphere,10,12,cma-es-ppmf-dp-2-pt-0.1
300119,30,Sphere,100,12,cma-es-ppmf-dp-2-pt-0.1
300119,30,Sphere,1000,12,cma-es-ppmf-dp-2-pt-0.1
4703,2,Ellips10,0.001,12,cma-es-ppmf-dp-2-pt-0.1
4223,2,Ellips10,0.01,12,cma-es-ppmf-dp-2-pt-0.1
3959,2,Ellips10,0.1,12,cma-es-ppmf-dp-2-pt-0.1
3463,2,Ellips10,1,12,cma-es-ppmf-dp-2-pt-0.1
3367,2,Ellips10,10,12,cma-es-ppmf-dp-2-pt-0.1
2991,2,Ellips10,100,12,cma-es-ppmf-dp-2-pt-0.1
2879,2,Ellips10,1000,12,cma-es-ppmf-dp-2-pt-0.1
15879,5,Ellips10,0.001,12,cma-es-ppmf-dp-2-pt-0.1
14779,5,Ellips10,0.01,12,cma-es-ppmf-dp-2-pt-0.1
13779,5,Ellips10,0.1,12,cma-es-ppmf-dp-2-pt-0.1
12719,5,Ellips10,1,12,cma-es-ppmf-dp-2-pt-0.1
11679,5,Ellips10,10,12,cma-es-ppmf-dp-2-pt-0.1
10599,5,Ellips10,100,12,cma-es-ppmf-dp-2-pt-0.1
9559,5,Ellips10,1000,12,cma-es-ppmf-dp-2-pt-0.1
54199,10,Ellips10,0.001,12,cma-es-ppmf-dp-2-pt-0.1
50439,10,Ellips10,0.01,12,cma-es-ppmf-dp-2-pt-0.1
47679,10,Ellips10,0.1,12,cma-es-ppmf-dp-2-pt-0.1
43079,10,Ellips10,1,12,cma-es-ppmf-dp-2-pt-0.1
39759,10,Ellips10,10,12,cma-es-ppmf-dp-2-pt-0.1
35719,10,Ellips10,100,12,cma-es-ppmf-dp-2-pt-0.1
32159,10,Ellips10,1000,12,cma-es-ppmf-dp-2-pt-0.1
300119,30,Ellips10,0.001,12,cma-es-ppmf-dp-2-pt-0.1
300119,30,Ellips10,0.01,12,cma-es-ppmf-dp-2-pt-0.1
300119,30,Ellips10,0.1,12,cma-es-ppmf-dp-2-pt-0.1
300119,30,Ellips10,1,12,cma-es-ppmf-dp-2-pt-0.1
300119,30,Ellips10,10,12,cma-es-ppmf-dp-2-pt-0.1
300119,30,Ellips10,100,12,cma-es-ppmf-dp-2-pt-0.1
300119,30,Ellips10,1000,12,cma-es-ppmf-dp-2-pt-0.1
4599,2,Ellips100,0.001,12,cma-es-ppmf-dp-2-pt-0.1
4383,2,Ellips100,0.01,12,cma-es-ppmf-dp-2-pt-0.1
4191,2,Ellips100,0.1,12,cma-es-ppmf-dp-2-pt-0.1
3711,2,Ellips100,1,12,cma-es-ppmf-dp-2-pt-0.1
3519,2,Ellips100,10,12,cma-es-ppmf-dp-2-pt-0.1
3063,2,Ellips100,100,12,cma-es-ppmf-dp-2-pt-0.1
2855,2,Ellips100,1000,12,cma-es-ppmf-dp-2-pt-0.1
15979,5,Ellips100,0.001,12,cma-es-ppmf-dp-2-pt-0.1
15339,5,Ellips100,0.01,12,cma-es-ppmf-dp-2-pt-0.1
14159,5,Ellips100,0.1,12,cma-es-ppmf-dp-2-pt-0.1
12899,5,Ellips100,1,12,cma-es-ppmf-dp-2-pt-0.1
11919,5,Ellips100,10,12,cma-es-ppmf-dp-2-pt-0.1
10819,5,Ellips100,100,12,cma-es-ppmf-dp-2-pt-0.1
9879,5,Ellips100,1000,12,cma-es-ppmf-dp-2-pt-0.1
55599,10,Ellips100,0.001,12,cma-es-ppmf-dp-2-pt-0.1
52359,10,Ellips100,0.01,12,cma-es-ppmf-dp-2-pt-0.1
48879,10,Ellips100,0.1,12,cma-es-ppmf-dp-2-pt-0.1
44519,10,Ellips100,1,12,cma-es-ppmf-dp-2-pt-0.1
40959,10,Ellips100,10,12,cma-es-ppmf-dp-2-pt-0.1
37519,10,Ellips100,100,12,cma-es-ppmf-dp-2-pt-0.1
33479,10,Ellips100,1000,12,cma-es-ppmf-dp-2-pt-0.1
300119,30,Ellips100,0.001,12,cma-es-ppmf-dp-2-pt-0.1
300119,30,Ellips100,0.01,12,cma-es-ppmf-dp-2-pt-0.1
300119,30,Ellips100,0.1,12,cma-es-ppmf-dp-2-pt-0.1
300119,30,Ellips100,1,12,cma-es-ppmf-dp-2-pt-0.1
300119,30,Ellips100,10,12,cma-es-ppmf-dp-2-pt-0.1
300119,30,Ellips100,100,12,cma-es-ppmf-dp-2-pt-0.1
300119,30,Ellips100,1000,12,cma-es-ppmf-dp-2-pt-0.1
4575,2,Sphere,0.001,13,cma-es-ppmf-dp-2-pt-0.1
4295,2,Sphere,0.01,13,cma-es-ppmf-dp-2-pt-0.1
3903,2,Sphere,0.1,13,cma-es-ppmf-dp-2-pt-0.1
3527,2,Sphere,1,13,cma-es-ppmf-dp-2-pt-0.1
3327,2,Sphere,10,13,cma-es-ppmf-dp-2-pt-0.1
3079,2,Sphere,100,13,cma-es-ppmf-dp-2-pt-0.1
2599,2,Sphere,1000,13,cma-es-ppmf-dp-2-pt-0.1
15539,5,Sphere,0.001,13,cma-es-ppmf-dp-2-pt-0.1
14499,5,Sphere,0.01,13,cma-es-ppmf-dp-2-pt-0.1
13679,5,Sphere,0.1,13,cma-es-ppmf-dp-2-pt-0.1
12779,5,Sphere,1,13,cma-es-ppmf-dp-2-pt-0.1
11359,5,Sphere,10,13,cma-es-ppmf-dp-2-pt-0.1
10179,5,Sphere,100,13,cma-es-ppmf-dp-2-pt-0.1
9219,5,Sphere,1000,13,cma-es-ppmf-dp-2-pt-0.1
54079,10,Sphere,0.001,13,cma-es-ppmf-dp-2-pt-0.1
49679,10,Sphere,0.01,13,cma-es-ppmf-dp-2-pt-0.1
46279,10,Sphere,0.1,13,cma-es-ppmf-dp-2-pt-0.1
42399,10,Sphere,1,13,cma-es-ppmf-dp-2-pt-0.1
38999,10,Sphere,10,13,cma-es-ppmf-dp-2-pt-0.1
35479,10,Sphere,100,13,cma-es-ppmf-dp-2-pt-0.1
31799,10,Sphere,1000,13,cma-es-ppmf-dp-2-pt-0.1
300119,30,Sphere,0.001,13,cma-es-ppmf-dp-2-pt-0.1
300119,30,Sphere,0.01,13,cma-es-ppmf-dp-2-pt-0.1
300119,30,Sphere,0.1,13,cma-es-ppmf-dp-2-pt-0.1
300119,30,Sphere,1,13,cma-es-ppmf-dp-2-pt-0.1
300119,30,Sphere,10,13,cma-es-ppmf-dp-2-pt-0.1
300119,30,Sphere,100,13,cma-es-ppmf-dp-2-pt-0.1
300119,30,Sphere,1000,13,cma-es-ppmf-dp-2-pt-0.1
4495,2,Ellips10,0.001,13,cma-es-ppmf-dp-2-pt-0.1
4167,2,Ellips10,0.01,13,cma-es-ppmf-dp-2-pt-0.1
4023,2,Ellips10,0.1,13,cma-es-ppmf-dp-2-pt-0.1
3671,2,Ellips10,1,13,cma-es-ppmf-dp-2-pt-0.1
3287,2,Ellips10,10,13,cma-es-ppmf-dp-2-pt-0.1
2871,2,Ellips10,100,13,cma-es-ppmf-dp-2-pt-0.1
2711,2,Ellips10,1000,13,cma-es-ppmf-dp-2-pt-0.1
15799,5,Ellips10,0.001,13,cma-es-ppmf-dp-2-pt-0.1
14699,5,Ellips10,0.01,13,cma-es-ppmf-dp-2-pt-0.1
13819,5,Ellips10,0.1,13,cma-es-ppmf-dp-2-pt-0.1
12659,5,Ellips10,1,13,cma-es-ppmf-dp-2-pt-0.1
11679,5,Ellips10,10,13,cma-es-ppmf-dp-2-pt-0.1
10499,5,Ellips10,100,13,cma-es-ppmf-dp-2-pt-0.1
9579,5,Ellips10,1000,13,cma-es-ppmf-dp-2-pt-0.1
54159,10,Ellips10,0.001,13,cma-es-ppmf-dp-2-pt-0.1
50799,10,Ellips10,0.01,13,cma-es-ppmf-dp-2-pt-0.1
46959,10,Ellips10,0.1,13,cma-es-ppmf-dp-2-pt-0.1
43359,10,Ellips10,1,13,cma-es-ppmf-dp-2-pt-0.1
39719,10,Ellips10,10,13,cma-es-ppmf-dp-2-pt-0.1
36199,10,Ellips10,100,13,cma-es-ppmf-dp-2-pt-0.1
32719,10,Ellips10,1000,13,cma-es-ppmf-dp-2-pt-0.1
300119,30,Ellips10,0.001,13,cma-es-ppmf-dp-2-pt-0.1
300119,30,Ellips10,0.01,13,cma-es-ppmf-dp-2-pt-0.1
300119,30,Ellips10,0.1,13,cma-es-ppmf-dp-2-pt-0.1
300119,30,Ellips10,1,13,cma-es-ppmf-dp-2-pt-0.1
300119,30,Ellips10,10,13,cma-es-ppmf-dp-2-pt-0.1
300119,30,Ellips10,100,13,cma-es-ppmf-dp-2-pt-0.1
300119,30,Ellips10,1000,13,cma-es-ppmf-dp-2-pt-0.1
4679,2,Ellips100,0.001,13,cma-es-ppmf-dp-2-pt-0.1
4151,2,Ellips100,0.01,13,cma-es-ppmf-dp-2-pt-0.1
3983,2,Ellips100,0.1,13,cma-es-ppmf-dp-2-pt-0.1
3671,2,Ellips100,1,13,cma-es-ppmf-dp-2-pt-0.1
3423,2,Ellips100,10,13,cma-es-ppmf-dp-2-pt-0.1
3335,2,Ellips100,100,13,cma-es-ppmf-dp-2-pt-0.1
2935,2,Ellips100,1000,13,cma-es-ppmf-dp-2-pt-0.1
16399,5,Ellips100,0.001,13,cma-es-ppmf-dp-2-pt-0.1
15259,5,Ellips100,0.01,13,cma-es-ppmf-dp-2-pt-0.1
14259,5,Ellips100,0.1,13,cma-es-ppmf-dp-2-pt-0.1
13139,5,Ellips100,1,13,cma-es-ppmf-dp-2-pt-0.1
11999,5,Ellips100,10,13,cma-es-ppmf-dp-2-pt-0.1
10819,5,Ellips100,100,13,cma-es-ppmf-dp-2-pt-0.1
9879,5,Ellips100,1000,13,cma-es-ppmf-dp-2-pt-0.1
55719,10,Ellips100,0.001,13,cma-es-ppmf-dp-2-pt-0.1
51679,10,Ellips100,0.01,13,cma-es-ppmf-dp-2-pt-0.1
48039,10,Ellips100,0.1,13,cma-es-ppmf-dp-2-pt-0.1
44719,10,Ellips100,1,13,cma-es-ppmf-dp-2-pt-0.1
40719,10,Ellips100,10,13,cma-es-ppmf-dp-2-pt-0.1
37199,10,Ellips100,100,13,cma-es-ppmf-dp-2-pt-0.1
33559,10,Ellips100,1000,13,cma-es-ppmf-dp-2-pt-0.1
300119,30,Ellips100,0.001,13,cma-es-ppmf-dp-2-pt-0.1
300119,30,Ellips100,0.01,13,cma-es-ppmf-dp-2-pt-0.1
300119,30,Ellips100,0.1,13,cma-es-ppmf-dp-2-pt-0.1
300119,30,Ellips100,1,13,cma-es-ppmf-dp-2-pt-0.1
300119,30,Ellips100,10,13,cma-es-ppmf-dp-2-pt-0.1
300119,30,Ellips100,100,13,cma-es-ppmf-dp-2-pt-0.1
300119,30,Ellips100,1000,13,cma-es-ppmf-dp-2-pt-0.1
4415,2,Sphere,0.001,14,cma-es-ppmf-dp-2-pt-0.1
4143,2,Sphere,0.01,14,cma-es-ppmf-dp-2-pt-0.1
3791,2,Sphere,0.1,14,cma-es-ppmf-dp-2-pt-0.1
3543,2,Sphere,1,14,cma-es-ppmf-dp-2-pt-0.1
3103,2,Sphere,10,14,cma-es-ppmf-dp-2-pt-0.1
3055,2,Sphere,100,14,cma-es-ppmf-dp-2-pt-0.1
2639,2,Sphere,1000,14,cma-es-ppmf-dp-2-pt-0.1
15679,5,Sphere,0.001,14,cma-es-ppmf-dp-2-pt-0.1
14659,5,Sphere,0.01,14,cma-es-ppmf-dp-2-pt-0.1
13519,5,Sphere,0.1,14,cma-es-ppmf-dp-2-pt-0.1
12639,5,Sphere,1,14,cma-es-ppmf-dp-2-pt-0.1
11279,5,Sphere,10,14,cma-es-ppmf-dp-2-pt-0.1
10279,5,Sphere,100,14,cma-es-ppmf-dp-2-pt-0.1
9219,5,Sphere,1000,14,cma-es-ppmf-dp-2-pt-0.1
53559,10,Sphere,0.001,14,cma-es-ppmf-dp-2-pt-0.1
49239,10,Sphere,0.01,14,cma-es-ppmf-dp-2-pt-0.1
46399,10,Sphere,0.1,14,cma-es-ppmf-dp-2-pt-0.1
42119,10,Sphere,1,14,cma-es-ppmf-dp-2-pt-0.1
38679,10,Sphere,10,14,cma-es-ppmf-dp-2-pt-0.1
35079,10,Sphere,100,14,cma-es-ppmf-dp-2-pt-0.1
32119,10,Sphere,1000,14,cma-es-ppmf-dp-2-pt-0.1
300119,30,Sphere,0.001,14,cma-es-ppmf-dp-2-pt-0.1
300119,30,Sphere,0.01,14,cma-es-ppmf-dp-2-pt-0.1
300119,30,Sphere,0.1,14,cma-es-ppmf-dp-2-pt-0.1
300119,30,Sphere,1,14,cma-es-ppmf-dp-2-pt-0.1
300119,30,Sphere,10,14,cma-es-ppmf-dp-2-pt-0.1
300119,30,Sphere,100,14,cma-es-ppmf-dp-2-pt-0.1
300119,30,Sphere,1000,14,cma-es-ppmf-dp-2-pt-0.1
4399,2,Ellips10,0.001,14,cma-es-ppmf-dp-2-pt-0.1
4183,2,Ellips10,0.01,14,cma-es-ppmf-dp-2-pt-0.1
3903,2,Ellips10,0.1,14,cma-es-ppmf-dp-2-pt-0.1
3663,2,Ellips10,1,14,cma-es-ppmf-dp-2-pt-0.1
3231,2,Ellips10,10,14,cma-es-ppmf-dp-2-pt-0.1
3087,2,Ellips10,100,14,cma-es-ppmf-dp-2-pt-0.1
2839,2,Ellips10,1000,14,cma-es-ppmf-dp-2-pt-0.1
15819,5,Ellips10,0.001,14,cma-es-ppmf-dp-2-pt-0.1
14799,5,Ellips10,0.01,14,cma-es-ppmf-dp-2-pt-0.1
13859,5,Ellips10,0.1,14,cma-es-ppmf-dp-2-pt-0.1
12839,5,Ellips10,1,14,cma-es-ppmf-dp-2-pt-0.1
11619,5,Ellips10,10,14,cma-es-ppmf-dp-2-pt-0.1
10519,5,Ellips10,100,14,cma-es-ppmf-dp-2-pt-0.1
9579,5,Ellips10,1000,14,cma-es-ppmf-dp-2-pt-0.1
54319,10,Ellips10,0.001,14,cma-es-ppmf-dp-2-pt-0.1
50319,10,Ellips10,0.01,14,cma-es-ppmf-dp-2-pt-0.1
46399,10,Ellips10,0.1,14,cma-es-ppmf-dp-2-pt-0.1
43279,10,Ellips10,1,14,cma-es-ppmf-dp-2-pt-0.1
39719,10,Ellips10,10,14,cma-es-ppmf-dp-2-pt-0.1
35519,10,Ellips10,100,14,cma-es-ppmf-dp-2-pt-0.1
32679,10,Ellips10,1000,14,cma-es-ppmf-dp-2-pt-0.1
300119,30,Ellips10,0.001,14,cma-es-ppmf-dp-2-pt-0.1
300119,30,Ellips10,0.01,14,cma-es-ppmf-dp-2-pt-0.1
300119,30,Ellips10,0.1,14,cma-es-ppmf-dp-2-pt-0.1
300119,30,Ellips10,1,14,cma-es-ppmf-dp-2-pt-0.1
300119,30,Ellips10,10,14,cma-es-ppmf-dp-2-pt-0.1
300119,30,Ellips10,100,14,cma-es-ppmf-dp-2-pt-0.1
300119,30,Ellips10,1000,14,cma-es-ppmf-dp-2-pt-0.1
4567,2,Ellips100,0.001,14,cma-es-ppmf-dp-2-pt-0.1
4391,2,Ellips100,0.01,14,cma-es-ppmf-dp-2-pt-0.1
3983,2,Ellips100,0.1,14,cma-es-ppmf-dp-2-pt-0.1
3831,2,Ellips100,1,14,cma-es-ppmf-dp-2-pt-0.1
3367,2,Ellips100,10,14,cma-es-ppmf-dp-2-pt-0.1
2999,2,Ellips100,100,14,cma-es-ppmf-dp-2-pt-0.1
2919,2,Ellips100,1000,14,cma-es-ppmf-dp-2-pt-0.1
16419,5,Ellips100,0.001,14,cma-es-ppmf-dp-2-pt-0.1
15099,5,Ellips100,0.01,14,cma-es-ppmf-dp-2-pt-0.1
14139,5,Ellips100,0.1,14,cma-es-ppmf-dp-2-pt-0.1
13139,5,Ellips100,1,14,cma-es-ppmf-dp-2-pt-0.1
12019,5,Ellips100,10,14,cma-es-ppmf-dp-2-pt-0.1
11059,5,Ellips100,100,14,cma-es-ppmf-dp-2-pt-0.1
9759,5,Ellips100,1000,14,cma-es-ppmf-dp-2-pt-0.1
54999,10,Ellips100,0.001,14,cma-es-ppmf-dp-2-pt-0.1
52279,10,Ellips100,0.01,14,cma-es-ppmf-dp-2-pt-0.1
48519,10,Ellips100,0.1,14,cma-es-ppmf-dp-2-pt-0.1
44519,10,Ellips100,1,14,cma-es-ppmf-dp-2-pt-0.1
40759,10,Ellips100,10,14,cma-es-ppmf-dp-2-pt-0.1
37599,10,Ellips100,100,14,cma-es-ppmf-dp-2-pt-0.1
33239,10,Ellips100,1000,14,cma-es-ppmf-dp-2-pt-0.1
300119,30,Ellips100,0.001,14,cma-es-ppmf-dp-2-pt-0.1
300119,30,Ellips100,0.01,14,cma-es-ppmf-dp-2-pt-0.1
300119,30,Ellips100,0.1,14,cma-es-ppmf-dp-2-pt-0.1
300119,30,Ellips100,1,14,cma-es-ppmf-dp-2-pt-0.1
300119,30,Ellips100,10,14,cma-es-ppmf-dp-2-pt-0.1
300119,30,Ellips100,100,14,cma-es-ppmf-dp-2-pt-0.1
300119,30,Ellips100,1000,14,cma-es-ppmf-dp-2-pt-0.1
4375,2,Sphere,0.001,15,cma-es-ppmf-dp-2-pt-0.1
4327,2,Sphere,0.01,15,cma-es-ppmf-dp-2-pt-0.1
3927,2,Sphere,0.1,15,cma-es-ppmf-dp-2-pt-0.1
3567,2,Sphere,1,15,cma-es-ppmf-dp-2-pt-0.1
3263,2,Sphere,10,15,cma-es-ppmf-dp-2-pt-0.1
2943,2,Sphere,100,15,cma-es-ppmf-dp-2-pt-0.1
2711,2,Sphere,1000,15,cma-es-ppmf-dp-2-pt-0.1
15519,5,Sphere,0.001,15,cma-es-ppmf-dp-2-pt-0.1
14739,5,Sphere,0.01,15,cma-es-ppmf-dp-2-pt-0.1
13579,5,Sphere,0.1,15,cma-es-ppmf-dp-2-pt-0.1
12539,5,Sphere,1,15,cma-es-ppmf-dp-2-pt-0.1
11479,5,Sphere,10,15,cma-es-ppmf-dp-2-pt-0.1
10239,5,Sphere,100,15,cma-es-ppmf-dp-2-pt-0.1
9279,5,Sphere,1000,15,cma-es-ppmf-dp-2-pt-0.1
53399,10,Sphere,0.001,15,cma-es-ppmf-dp-2-pt-0.1
49919,10,Sphere,0.01,15,cma-es-ppmf-dp-2-pt-0.1
45919,10,Sphere,0.1,15,cma-es-ppmf-dp-2-pt-0.1
42119,10,Sphere,1,15,cma-es-ppmf-dp-2-pt-0.1
38759,10,Sphere,10,15,cma-es-ppmf-dp-2-pt-0.1
35279,10,Sphere,100,15,cma-es-ppmf-dp-2-pt-0.1
31919,10,Sphere,1000,15,cma-es-ppmf-dp-2-pt-0.1
300119,30,Sphere,0.001,15,cma-es-ppmf-dp-2-pt-0.1
300119,30,Sphere,0.01,15,cma-es-ppmf-dp-2-pt-0.1
300119,30,Sphere,0.1,15,cma-es-ppmf-dp-2-pt-0.1
300119,30,Sphere,1,15,cma-es-ppmf-dp-2-pt-0.1
300119,30,Sphere,10,15,cma-es-ppmf-dp-2-pt-0.1
300119,30,Sphere,100,15,cma-es-ppmf-dp-2-pt-0.1
300119,30,Sphere,1000,15,cma-es-ppmf-dp-2-pt-0.1
4543,2,Ellips10,0.001,15,cma-es-ppmf-dp-2-pt-0.1
4327,2,Ellips10,0.01,15,cma-es-ppmf-dp-2-pt-0.1
3863,2,Ellips10,0.1,15,cma-es-ppmf-dp-2-pt-0.1
3631,2,Ellips10,1,15,cma-es-ppmf-dp-2-pt-0.1
3247,2,Ellips10,10,15,cma-es-ppmf-dp-2-pt-0.1
2951,2,Ellips10,100,15,cma-es-ppmf-dp-2-pt-0.1
2647,2,Ellips10,1000,15,cma-es-ppmf-dp-2-pt-0.1
16039,5,Ellips10,0.001,15,cma-es-ppmf-dp-2-pt-0.1
14679,5,Ellips10,0.01,15,cma-es-ppmf-dp-2-pt-0.1
13819,5,Ellips10,0.1,15,cma-es-ppmf-dp-2-pt-0.1
12739,5,Ellips10,1,15,cma-es-ppmf-dp-2-pt-0.1
11739,5,Ellips10,10,15,cma-es-ppmf-dp-2-pt-0.1
10339,5,Ellips10,100,15,cma-es-ppmf-dp-2-pt-0.1
9359,5,Ellips10,1000,15,cma-es-ppmf-dp-2-pt-0.1
53719,10,Ellips10,0.001,15,cma-es-ppmf-dp-2-pt-0.1
50959,10,Ellips10,0.01,15,cma-es-ppmf-dp-2-pt-0.1
47199,10,Ellips10,0.1,15,cma-es-ppmf-dp-2-pt-0.1
42999,10,Ellips10,1,15,cma-es-ppmf-dp-2-pt-0.1
39239,10,Ellips10,10,15,cma-es-ppmf-dp-2-pt-0.1
35919,10,Ellips10,100,15,cma-es-ppmf-dp-2-pt-0.1
32359,10,Ellips10,1000,15,cma-es-ppmf-dp-2-pt-0.1
300119,30,Ellips10,0.001,15,cma-es-ppmf-dp-2-pt-0.1
300119,30,Ellips10,0.01,15,cma-es-ppmf-dp-2-pt-0.1
300119,30,Ellips10,0.1,15,cma-es-ppmf-dp-2-pt-0.1
300119,30,Ellips10,1,15,cma-es-ppmf-dp-2-pt-0.1
300119,30,Ellips10,10,15,cma-es-ppmf-dp-2-pt-0.1
300119,30,Ellips10,100,15,cma-es-ppmf-dp-2-pt-0.1
300119,30,Ellips10,1000,15,cma-es-ppmf-dp-2-pt-0.1
4855,2,Ellips100,0.001,15,cma-es-ppmf-dp-2-pt-0.1
4319,2,Ellips100,0.01,15,cma-es-ppmf-dp-2-pt-0.1
4031,2,Ellips100,0.1,15,cma-es-ppmf-dp-2-pt-0.1
3863,2,Ellips100,1,15,cma-es-ppmf-dp-2-pt-0.1
3319,2,Ellips100,10,15,cma-es-ppmf-dp-2-pt-0.1
3047,2,Ellips100,100,15,cma-es-ppmf-dp-2-pt-0.1
2815,2,Ellips100,1000,15,cma-es-ppmf-dp-2-pt-0.1
16359,5,Ellips100,0.001,15,cma-es-ppmf-dp-2-pt-0.1
15239,5,Ellips100,0.01,15,cma-es-ppmf-dp-2-pt-0.1
14079,5,Ellips100,0.1,15,cma-es-ppmf-dp-2-pt-0.1
13259,5,Ellips100,1,15,cma-es-ppmf-dp-2-pt-0.1
11939,5,Ellips100,10,15,cma-es-ppmf-dp-2-pt-0.1
10979,5,Ellips100,100,15,cma-es-ppmf-dp-2-pt-0.1
9859,5,Ellips100,1000,15,cma-es-ppmf-dp-2-pt-0.1
55199,10,Ellips100,0.001,15,cma-es-ppmf-dp-2-pt-0.1
51279,10,Ellips100,0.01,15,cma-es-ppmf-dp-2-pt-0.1
48039,10,Ellips100,0.1,15,cma-es-ppmf-dp-2-pt-0.1
44519,10,Ellips100,1,15,cma-es-ppmf-dp-2-pt-0.1
41159,10,Ellips100,10,15,cma-es-ppmf-dp-2-pt-0.1
37679,10,Ellips100,100,15,cma-es-ppmf-dp-2-pt-0.1
34079,10,Ellips100,1000,15,cma-es-ppmf-dp-2-pt-0.1
300119,30,Ellips100,0.001,15,cma-es-ppmf-dp-2-pt-0.1
300119,30,Ellips100,0.01,15,cma-es-ppmf-dp-2-pt-0.1
300119,30,Ellips100,0.1,15,cma-es-ppmf-dp-2-pt-0.1
300119,30,Ellips100,1,15,cma-es-ppmf-dp-2-pt-0.1
300119,30,Ellips100,10,15,cma-es-ppmf-dp-2-pt-0.1
300119,30,Ellips100,100,15,cma-es-ppmf-dp-2-pt-0.1
300119,30,Ellips100,1000,15,cma-es-ppmf-dp-2-pt-0.1
4423,2,Sphere,0.001,16,cma-es-ppmf-dp-2-pt-0.1
4095,2,Sphere,0.01,16,cma-es-ppmf-dp-2-pt-0.1
3759,2,Sphere,0.1,16,cma-es-ppmf-dp-2-pt-0.1
3471,2,Sphere,1,16,cma-es-ppmf-dp-2-pt-0.1
3167,2,Sphere,10,16,cma-es-ppmf-dp-2-pt-0.1
3135,2,Sphere,100,16,cma-es-ppmf-dp-2-pt-0.1
2775,2,Sphere,1000,16,cma-es-ppmf-dp-2-pt-0.1
15719,5,Sphere,0.001,16,cma-es-ppmf-dp-2-pt-0.1
14499,5,Sphere,0.01,16,cma-es-ppmf-dp-2-pt-0.1
13839,5,Sphere,0.1,16,cma-es-ppmf-dp-2-pt-0.1
12579,5,Sphere,1,16,cma-es-ppmf-dp-2-pt-0.1
11379,5,Sphere,10,16,cma-es-ppmf-dp-2-pt-0.1
10239,5,Sphere,100,16,cma-es-ppmf-dp-2-pt-0.1
9239,5,Sphere,1000,16,cma-es-ppmf-dp-2-pt-0.1
53559,10,Sphere,0.001,16,cma-es-ppmf-dp-2-pt-0.1
49639,10,Sphere,0.01,16,cma-es-ppmf-dp-2-pt-0.1
46199,10,Sphere,0.1,16,cma-es-ppmf-dp-2-pt-0.1
42839,10,Sphere,1,16,cma-es-ppmf-dp-2-pt-0.1
39159,10,Sphere,10,16,cma-es-ppmf-dp-2-pt-0.1
35439,10,Sphere,100,16,cma-es-ppmf-dp-2-pt-0.1
31399,10,Sphere,1000,16,cma-es-ppmf-dp-2-pt-0.1
300119,30,Sphere,0.001,16,cma-es-ppmf-dp-2-pt-0.1
300119,30,Sphere,0.01,16,cma-es-ppmf-dp-2-pt-0.1
300119,30,Sphere,0.1,16,cma-es-ppmf-dp-2-pt-0.1
300119,30,Sphere,1,16,cma-es-ppmf-dp-2-pt-0.1
300119,30,Sphere,10,16,cma-es-ppmf-dp-2-pt-0.1
300119,30,Sphere,100,16,cma-es-ppmf-dp-2-pt-0.1
300119,30,Sphere,1000,16,cma-es-ppmf-dp-2-pt-0.1
4575,2,Ellips10,0.001,16,cma-es-ppmf-dp-2-pt-0.1
4391,2,Ellips10,0.01,16,cma-es-ppmf-dp-2-pt-0.1
4055,2,Ellips10,0.1,16,cma-es-ppmf-dp-2-pt-0.1
3615,2,Ellips10,1,16,cma-es-ppmf-dp-2-pt-0.1
3311,2,Ellips10,10,16,cma-es-ppmf-dp-2-pt-0.1
2991,2,Ellips10,100,16,cma-es-ppmf-dp-2-pt-0.1
2703,2,Ellips10,1000,16,cma-es-ppmf-dp-2-pt-0.1
15899,5,Ellips10,0.001,16,cma-es-ppmf-dp-2-pt-0.1
14959,5,Ellips10,0.01,16,cma-es-ppmf-dp-2-pt-0.1
13899,5,Ellips10,0.1,16,cma-es-ppmf-dp-2-pt-0.1
12699,5,Ellips10,1,16,cma-es-ppmf-dp-2-pt-0.1
11539,5,Ellips10,10,16,cma-es-ppmf-dp-2-pt-0.1
10539,5,Ellips10,100,16,cma-es-ppmf-dp-2-pt-0.1
9459,5,Ellips10,1000,16,cma-es-ppmf-dp-2-pt-0.1
53799,10,Ellips10,0.001,16,cma-es-ppmf-dp-2-pt-0.1
50559,10,Ellips10,0.01,16,cma-es-ppmf-dp-2-pt-0.1
46919,10,Ellips10,0.1,16,cma-es-ppmf-dp-2-pt-0.1
42839,10,Ellips10,1,16,cma-es-ppmf-dp-2-pt-0.1
39679,10,Ellips10,10,16,cma-es-ppmf-dp-2-pt-0.1
35479,10,Ellips10,100,16,cma-es-ppmf-dp-2-pt-0.1
32279,10,Ellips10,1000,16,cma-es-ppmf-dp-2-pt-0.1
300119,30,Ellips10,0.001,16,cma-es-ppmf-dp-2-pt-0.1
300119,30,Ellips10,0.01,16,cma-es-ppmf-dp-2-pt-0.1
300119,30,Ellips10,0.1,16,cma-es-ppmf-dp-2-pt-0.1
300119,30,Ellips10,1,16,cma-es-ppmf-dp-2-pt-0.1
300119,30,Ellips10,10,16,cma-es-ppmf-dp-2-pt-0.1
300119,30,Ellips10,100,16,cma-es-ppmf-dp-2-pt-0.1
300119,30,Ellips10,1000,16,cma-es-ppmf-dp-2-pt-0.1
4791,2,Ellips100,0.001,16,cma-es-ppmf-dp-2-pt-0.1
4367,2,Ellips100,0.01,16,cma-es-ppmf-dp-2-pt-0.1
4015,2,Ellips100,0.1,16,cma-es-ppmf-dp-2-pt-0.1
3607,2,Ellips100,1,16,cma-es-ppmf-dp-2-pt-0.1
3367,2,Ellips100,10,16,cma-es-ppmf-dp-2-pt-0.1
3247,2,Ellips100,100,16,cma-es-ppmf-dp-2-pt-0.1
2631,2,Ellips100,1000,16,cma-es-ppmf-dp-2-pt-0.1
16159,5,Ellips100,0.001,16,cma-es-ppmf-dp-2-pt-0.1
15179,5,Ellips100,0.01,16,cma-es-ppmf-dp-2-pt-0.1
14099,5,Ellips100,0.1,16,cma-es-ppmf-dp-2-pt-0.1
13139,5,Ellips100,1,16,cma-es-ppmf-dp-2-pt-0.1
11959,5,Ellips100,10,16,cma-es-ppmf-dp-2-pt-0.1
10819,5,Ellips100,100,16,cma-es-ppmf-dp-2-pt-0.1
9719,5,Ellips100,1000,16,cma-es-ppmf-dp-2-pt-0.1
55519,10,Ellips100,0.001,16,cma-es-ppmf-dp-2-pt-0.1
51799,10,Ellips100,0.01,16,cma-es-ppmf-dp-2-pt-0.1
48559,10,Ellips100,0.1,16,cma-es-ppmf-dp-2-pt-0.1
44959,10,Ellips100,1,16,cma-es-ppmf-dp-2-pt-0.1
40879,10,Ellips100,10,16,cma-es-ppmf-dp-2-pt-0.1
36599,10,Ellips100,100,16,cma-es-ppmf-dp-2-pt-0.1
33839,10,Ellips100,1000,16,cma-es-ppmf-dp-2-pt-0.1
300119,30,Ellips100,0.001,16,cma-es-ppmf-dp-2-pt-0.1
300119,30,Ellips100,0.01,16,cma-es-ppmf-dp-2-pt-0.1
300119,30,Ellips100,0.1,16,cma-es-ppmf-dp-2-pt-0.1
300119,30,Ellips100,1,16,cma-es-ppmf-dp-2-pt-0.1
300119,30,Ellips100,10,16,cma-es-ppmf-dp-2-pt-0.1
300119,30,Ellips100,100,16,cma-es-ppmf-dp-2-pt-0.1
300119,30,Ellips100,1000,16,cma-es-ppmf-dp-2-pt-0.1
4407,2,Sphere,0.001,17,cma-es-ppmf-dp-2-pt-0.1
4119,2,Sphere,0.01,17,cma-es-ppmf-dp-2-pt-0.1
3791,2,Sphere,0.1,17,cma-es-ppmf-dp-2-pt-0.1
3407,2,Sphere,1,17,cma-es-ppmf-dp-2-pt-0.1
3263,2,Sphere,10,17,cma-es-ppmf-dp-2-pt-0.1
2879,2,Sphere,100,17,cma-es-ppmf-dp-2-pt-0.1
2759,2,Sphere,1000,17,cma-es-ppmf-dp-2-pt-0.1
15639,5,Sphere,0.001,17,cma-es-ppmf-dp-2-pt-0.1
14619,5,Sphere,0.01,17,cma-es-ppmf-dp-2-pt-0.1
13619,5,Sphere,0.1,17,cma-es-ppmf-dp-2-pt-0.1
12639,5,Sphere,1,17,cma-es-ppmf-dp-2-pt-0.1
11139,5,Sphere,10,17,cma-es-ppmf-dp-2-pt-0.1
10199,5,Sphere,100,17,cma-es-ppmf-dp-2-pt-0.1
9359,5,Sphere,1000,17,cma-es-ppmf-dp-2-pt-0.1
53719,10,Sphere,0.001,17,cma-es-ppmf-dp-2-pt-0.1
49999,10,Sphere,0.01,17,cma-es-ppmf-dp-2-pt-0.1
46879,10,Sphere,0.1,17,cma-es-ppmf-dp-2-pt-0.1
42639,10,Sphere,1,17,cma-es-ppmf-dp-2-pt-0.1
38639,10,Sphere,10,17,cma-es-ppmf-dp-2-pt-0.1
35159,10,Sphere,100,17,cma-es-ppmf-dp-2-pt-0.1
31399,10,Sphere,1000,17,cma-es-ppmf-dp-2-pt-0.1
300119,30,Sphere,0.001,17,cma-es-ppmf-dp-2-pt-0.1
300119,30,Sphere,0.01,17,cma-es-ppmf-dp-2-pt-0.1
300119,30,Sphere,0.1,17,cma-es-ppmf-dp-2-pt-0.1
300119,30,Sphere,1,17,cma-es-ppmf-dp-2-pt-0.1
300119,30,Sphere,10,17,cma-es-ppmf-dp-2-pt-0.1
300119,30,Sphere,100,17,cma-es-ppmf-dp-2-pt-0.1
300119,30,Sphere,1000,17,cma-es-ppmf-dp-2-pt-0.1
4527,2,Ellips10,0.001,17,cma-es-ppmf-dp-2-pt-0.1
4295,2,Ellips10,0.01,17,cma-es-ppmf-dp-2-pt-0.1
3951,2,Ellips10,0.1,17,cma-es-ppmf-dp-2-pt-0.1
3695,2,Ellips10,1,17,cma-es-ppmf-dp-2-pt-0.1
3255,2,Ellips10,10,17,cma-es-ppmf-dp-2-pt-0.1
2967,2,Ellips10,100,17,cma-es-ppmf-dp-2-pt-0.1
2743,2,Ellips10,1000,17,cma-es-ppmf-dp-2-pt-0.1
16059,5,Ellips10,0.001,17,cma-es-ppmf-dp-2-pt-0.1
14699,5,Ellips10,0.01,17,cma-es-ppmf-dp-2-pt-0.1
14019,5,Ellips10,0.1,17,cma-es-ppmf-dp-2-pt-0.1
12739,5,Ellips10,1,17,cma-es-ppmf-dp-2-pt-0.1
11959,5,Ellips10,10,17,cma-es-ppmf-dp-2-pt-0.1
10379,5,Ellips10,100,17,cma-es-ppmf-dp-2-pt-0.1
9539,5,Ellips10,1000,17,cma-es-ppmf-dp-2-pt-0.1
54279,10,Ellips10,0.001,17,cma-es-ppmf-dp-2-pt-0.1
50319,10,Ellips10,0.01,17,cma-es-ppmf-dp-2-pt-0.1
46799,10,Ellips10,0.1,17,cma-es-ppmf-dp-2-pt-0.1
42759,10,Ellips10,1,17,cma-es-ppmf-dp-2-pt-0.1
39239,10,Ellips10,10,17,cma-es-ppmf-dp-2-pt-0.1
36079,10,Ellips10,100,17,cma-es-ppmf-dp-2-pt-0.1
32439,10,Ellips10,1000,17,cma-es-ppmf-dp-2-pt-0.1
300119,30,Ellips10,0.001,17,cma-es-ppmf-dp-2-pt-0.1
300119,30,Ellips10,0.01,17,cma-es-ppmf-dp-2-pt-0.1
300119,30,Ellips10,0.1,17,cma-es-ppmf-dp-2-pt-0.1
300119,30,Ellips10,1,17,cma-es-ppmf-dp-2-pt-0.1
300119,30,Ellips10,10,17,cma-es-ppmf-dp-2-pt-0.1
300119,30,Ellips10,100,17,cma-es-ppmf-dp-2-pt-0.1
300119,30,Ellips10,1000,17,cma-es-ppmf-dp-2-pt-0.1
4767,2,Ellips100,0.001,17,cma-es-ppmf-dp-2-pt-0.1
4447,2,Ellips100,0.01,17,cma-es-ppmf-dp-2-pt-0.1
4047,2,Ellips100,0.1,17,cma-es-ppmf-dp-2-pt-0.1
3711,2,Ellips100,1,17,cma-es-ppmf-dp-2-pt-0.1
3271,2,Ellips100,10,17,cma-es-ppmf-dp-2-pt-0.1
3183,2,Ellips100,100,17,cma-es-ppmf-dp-2-pt-0.1
2735,2,Ellips100,1000,17,cma-es-ppmf-dp-2-pt-0.1
16399,5,Ellips100,0.001,17,cma-es-ppmf-dp-2-pt-0.1
15119,5,Ellips100,0.01,17,cma-es-ppmf-dp-2-pt-0.1
14179,5,Ellips100,0.1,17,cma-es-ppmf-dp-2-pt-0.1
12999,5,Ellips100,1,17,cma-es-ppmf-dp-2-pt-0.1
12219,5,Ellips100,10,17,cma-es-ppmf-dp-2-pt-0.1
11019,5,Ellips100,100,17,cma-es-ppmf-dp-2-pt-0.1
10039,5,Ellips100,1000,17,cma-es-ppmf-dp-2-pt-0.1
56119,10,Ellips100,0.001,17,cma-es-ppmf-dp-2-pt-0.1
51519,10,Ellips100,0.01,17,cma-es-ppmf-dp-2-pt-0.1
48759,10,Ellips100,0.1,17,cma-es-ppmf-dp-2-pt-0.1
44519,10,Ellips100,1,17,cma-es-ppmf-dp-2-pt-0.1
40919,10,Ellips100,10,17,cma-es-ppmf-dp-2-pt-0.1
37119,10,Ellips100,100,17,cma-es-ppmf-dp-2-pt-0.1
33679,10,Ellips100,1000,17,cma-es-ppmf-dp-2-pt-0.1
300119,30,Ellips100,0.001,17,cma-es-ppmf-dp-2-pt-0.1
300119,30,Ellips100,0.01,17,cma-es-ppmf-dp-2-pt-0.1
300119,30,Ellips100,0.1,17,cma-es-ppmf-dp-2-pt-0.1
300119,30,Ellips100,1,17,cma-es-ppmf-dp-2-pt-0.1
300119,30,Ellips100,10,17,cma-es-ppmf-dp-2-pt-0.1
300119,30,Ellips100,100,17,cma-es-ppmf-dp-2-pt-0.1
300119,30,Ellips100,1000,17,cma-es-ppmf-dp-2-pt-0.1
4407,2,Sphere,0.001,18,cma-es-ppmf-dp-2-pt-0.1
4087,2,Sphere,0.01,18,cma-es-ppmf-dp-2-pt-0.1
3927,2,Sphere,0.1,18,cma-es-ppmf-dp-2-pt-0.1
3535,2,Sphere,1,18,cma-es-ppmf-dp-2-pt-0.1
3199,2,Sphere,10,18,cma-es-ppmf-dp-2-pt-0.1
2895,2,Sphere,100,18,cma-es-ppmf-dp-2-pt-0.1
2695,2,Sphere,1000,18,cma-es-ppmf-dp-2-pt-0.1
15759,5,Sphere,0.001,18,cma-es-ppmf-dp-2-pt-0.1
14639,5,Sphere,0.01,18,cma-es-ppmf-dp-2-pt-0.1
13619,5,Sphere,0.1,18,cma-es-ppmf-dp-2-pt-0.1
12299,5,Sphere,1,18,cma-es-ppmf-dp-2-pt-0.1
11399,5,Sphere,10,18,cma-es-ppmf-dp-2-pt-0.1
10299,5,Sphere,100,18,cma-es-ppmf-dp-2-pt-0.1
9079,5,Sphere,1000,18,cma-es-ppmf-dp-2-pt-0.1
53439,10,Sphere,0.001,18,cma-es-ppmf-dp-2-pt-0.1
49879,10,Sphere,0.01,18,cma-es-ppmf-dp-2-pt-0.1
46719,10,Sphere,0.1,18,cma-es-ppmf-dp-2-pt-0.1
42439,10,Sphere,1,18,cma-es-ppmf-dp-2-pt-0.1
39319,10,Sphere,10,18,cma-es-ppmf-dp-2-pt-0.1
34639,10,Sphere,100,18,cma-es-ppmf-dp-2-pt-0.1
31679,10,Sphere,1000,18,cma-es-ppmf-dp-2-pt-0.1
300119,30,Sphere,0.001,18,cma-es-ppmf-dp-2-pt-0.1
300119,30,Sphere,0.01,18,cma-es-ppmf-dp-2-pt-0.1
300119,30,Sphere,0.1,18,cma-es-ppmf-dp-2-pt-0.1
300119,30,Sphere,1,18,cma-es-ppmf-dp-2-pt-0.1
300119,30,Sphere,10,18,cma-es-ppmf-dp-2-pt-0.1
300119,30,Sphere,100,18,cma-es-ppmf-dp-2-pt-0.1
300119,30,Sphere,1000,18,cma-es-ppmf-dp-2-pt-0.1
4535,2,Ellips10,0.001,18,cma-es-ppmf-dp-2-pt-0.1
4239,2,Ellips10,0.01,18,cma-es-ppmf-dp-2-pt-0.1
3919,2,Ellips10,0.1,18,cma-es-ppmf-dp-2-pt-0.1
3623,2,Ellips10,1,18,cma-es-ppmf-dp-2-pt-0.1
3303,2,Ellips10,10,18,cma-es-ppmf-dp-2-pt-0.1
3007,2,Ellips10,100,18,cma-es-ppmf-dp-2-pt-0.1
2727,2,Ellips10,1000,18,cma-es-ppmf-dp-2-pt-0.1
16319,5,Ellips10,0.001,18,cma-es-ppmf-dp-2-pt-0.1
14799,5,Ellips10,0.01,18,cma-es-ppmf-dp-2-pt-0.1
13579,5,Ellips10,0.1,18,cma-es-ppmf-dp-2-pt-0.1
12919,5,Ellips10,1,18,cma-es-ppmf-dp-2-pt-0.1
11499,5,Ellips10,10,18,cma-es-ppmf-dp-2-pt-0.1
10599,5,Ellips10,100,18,cma-es-ppmf-dp-2-pt-0.1
9459,5,Ellips10,1000,18,cma-es-ppmf-dp-2-pt-0.1
54639,10,Ellips10,0.001,18,cma-es-ppmf-dp-2-pt-0.1
50519,10,Ellips10,0.01,18,cma-es-ppmf-dp-2-pt-0.1
47199,10,Ellips10,0.1,18,cma-es-ppmf-dp-2-pt-0.1
42439,10,Ellips10,1,18,cma-es-ppmf-dp-2-pt-0.1
39919,10,Ellips10,10,18,cma-es-ppmf-dp-2-pt-0.1
36479,10,Ellips10,100,18,cma-es-ppmf-dp-2-pt-0.1
32399,10,Ellips10,1000,18,cma-es-ppmf-dp-2-pt-0.1
300119,30,Ellips10,0.001,18,cma-es-ppmf-dp-2-pt-0.1
300119,30,Ellips10,0.01,18,cma-es-ppmf-dp-2-pt-0.1
300119,30,Ellips10,0.1,18,cma-es-ppmf-dp-2-pt-0.1
300119,30,Ellips10,1,18,cma-es-ppmf-dp-2-pt-0.1
300119,30,Ellips10,10,18,cma-es-ppmf-dp-2-pt-0.1
300119,30,Ellips10,100,18,cma-es-ppmf-dp-2-pt-0.1
300119,30,Ellips10,1000,18,cma-es-ppmf-dp-2-pt-0.1
4895,2,Ellips100,0.001,18,cma-es-ppmf-dp-2-pt-0.1
4343,2,Ellips100,0.01,18,cma-es-ppmf-dp-2-pt-0.1
3999,2,Ellips100,0.1,18,cma-es-ppmf-dp-2-pt-0.1
3727,2,Ellips100,1,18,cma-es-ppmf-dp-2-pt-0.1
3503,2,Ellips100,10,18,cma-es-ppmf-dp-2-pt-0.1
2999,2,Ellips100,100,18,cma-es-ppmf-dp-2-pt-0.1
2807,2,Ellips100,1000,18,cma-es-ppmf-dp-2-pt-0.1
16439,5,Ellips100,0.001,18,cma-es-ppmf-dp-2-pt-0.1
15319,5,Ellips100,0.01,18,cma-es-ppmf-dp-2-pt-0.1
13999,5,Ellips100,0.1,18,cma-es-ppmf-dp-2-pt-0.1
13259,5,Ellips100,1,18,cma-es-ppmf-dp-2-pt-0.1
12019,5,Ellips100,10,18,cma-es-ppmf-dp-2-pt-0.1
10839,5,Ellips100,100,18,cma-es-ppmf-dp-2-pt-0.1
9779,5,Ellips100,1000,18,cma-es-ppmf-dp-2-pt-0.1
55639,10,Ellips100,0.001,18,cma-es-ppmf-dp-2-pt-0.1
51839,10,Ellips100,0.01,18,cma-es-ppmf-dp-2-pt-0.1
47919,10,Ellips100,0.1,18,cma-es-ppmf-dp-2-pt-0.1
44519,10,Ellips100,1,18,cma-es-ppmf-dp-2-pt-0.1
40679,10,Ellips100,10,18,cma-es-ppmf-dp-2-pt-0.1
37279,10,Ellips100,100,18,cma-es-ppmf-dp-2-pt-0.1
34119,10,Ellips100,1000,18,cma-es-ppmf-dp-2-pt-0.1
300119,30,Ellips100,0.001,18,cma-es-ppmf-dp-2-pt-0.1
300119,30,Ellips100,0.01,18,cma-es-ppmf-dp-2-pt-0.1
300119,30,Ellips100,0.1,18,cma-es-ppmf-dp-2-pt-0.1
300119,30,Ellips100,1,18,cma-es-ppmf-dp-2-pt-0.1
300119,30,Ellips100,10,18,cma-es-ppmf-dp-2-pt-0.1
300119,30,Ellips100,100,18,cma-es-ppmf-dp-2-pt-0.1
300119,30,Ellips100,1000,18,cma-es-ppmf-dp-2-pt-0.1
4455,2,Sphere,0.001,19,cma-es-ppmf-dp-2-pt-0.1
4151,2,Sphere,0.01,19,cma-es-ppmf-dp-2-pt-0.1
3759,2,Sphere,0.1,19,cma-es-ppmf-dp-2-pt-0.1
3487,2,Sphere,1,19,cma-es-ppmf-dp-2-pt-0.1
3327,2,Sphere,10,19,cma-es-ppmf-dp-2-pt-0.1
3007,2,Sphere,100,19,cma-es-ppmf-dp-2-pt-0.1
2551,2,Sphere,1000,19,cma-es-ppmf-dp-2-pt-0.1
15539,5,Sphere,0.001,19,cma-es-ppmf-dp-2-pt-0.1
14759,5,Sphere,0.01,19,cma-es-ppmf-dp-2-pt-0.1
13559,5,Sphere,0.1,19,cma-es-ppmf-dp-2-pt-0.1
12519,5,Sphere,1,19,cma-es-ppmf-dp-2-pt-0.1
11299,5,Sphere,10,19,cma-es-ppmf-dp-2-pt-0.1
10359,5,Sphere,100,19,cma-es-ppmf-dp-2-pt-0.1
9319,5,Sphere,1000,19,cma-es-ppmf-dp-2-pt-0.1
53159,10,Sphere,0.001,19,cma-es-ppmf-dp-2-pt-0.1
49839,10,Sphere,0.01,19,cma-es-ppmf-dp-2-pt-0.1
46279,10,Sphere,0.1,19,cma-es-ppmf-dp-2-pt-0.1
42519,10,Sphere,1,19,cma-es-ppmf-dp-2-pt-0.1
38519,10,Sphere,10,19,cma-es-ppmf-dp-2-pt-0.1
34839,10,Sphere,100,19,cma-es-ppmf-dp-2-pt-0.1
31759,10,Sphere,1000,19,cma-es-ppmf-dp-2-pt-0.1
300119,30,Sphere,0.001,19,cma-es-ppmf-dp-2-pt-0.1
300119,30,Sphere,0.01,19,cma-es-ppmf-dp-2-pt-0.1
300119,30,Sphere,0.1,19,cma-es-ppmf-dp-2-pt-0.1
300119,30,Sphere,1,19,cma-es-ppmf-dp-2-pt-0.1
300119,30,Sphere,10,19,cma-es-ppmf-dp-2-pt-0.1
300119,30,Sphere,100,19,cma-es-ppmf-dp-2-pt-0.1
300119,30,Sphere,1000,19,cma-es-ppmf-dp-2-pt-0.1
4479,2,Ellips10,0.001,19,cma-es-ppmf-dp-2-pt-0.1
4191,2,Ellips10,0.01,19,cma-es-ppmf-dp-2-pt-0.1
3951,2,Ellips10,0.1,19,cma-es-ppmf-dp-2-pt-0.1
3671,2,Ellips10,1,19,cma-es-ppmf-dp-2-pt-0.1
3287,2,Ellips10,10,19,cma-es-ppmf-dp-2-pt-0.1
3183,2,Ellips10,100,19,cma-es-ppmf-dp-2-pt-0.1
2719,2,Ellips10,1000,19,cma-es-ppmf-dp-2-pt-0.1
16019,5,Ellips10,0.001,19,cma-es-ppmf-dp-2-pt-0.1
14879,5,Ellips10,0.01,19,cma-es-ppmf-dp-2-pt-0.1
13879,5,Ellips10,0.1,19,cma-es-ppmf-dp-2-pt-0.1
12819,5,Ellips10,1,19,cma-es-ppmf-dp-2-pt-0.1
11699,5,Ellips10,10,19,cma-es-ppmf-dp-2-pt-0.1
10399,5,Ellips10,100,19,cma-es-ppmf-dp-2-pt-0.1
9579,5,Ellips10,1000,19,cma-es-ppmf-dp-2-pt-0.1
54159,10,Ellips10,0.001,19,cma-es-ppmf-dp-2-pt-0.1
50959,10,Ellips10,0.01,19,cma-es-ppmf-dp-2-pt-0.1
47159,10,Ellips10,0.1,19,cma-es-ppmf-dp-2-pt-0.1
43159,10,Ellips10,1,19,cma-es-ppmf-dp-2-pt-0.1
40119,10,Ellips10,10,19,cma-es-ppmf-dp-2-pt-0.1
36119,10,Ellips10,100,19,cma-es-ppmf-dp-2-pt-0.1
32519,10,Ellips10,1000,19,cma-es-ppmf-dp-2-pt-0.1
300119,30,Ellips10,0.001,19,cma-es-ppmf-dp-2-pt-0.1
300119,30,Ellips10,0.01,19,cma-es-ppmf-dp-2-pt-0.1
300119,30,Ellips10,0.1,19,cma-es-ppmf-dp-2-pt-0.1
300119,30,Ellips10,1,19,cma-es-ppmf-dp-2-pt-0.1
300119,30,Ellips10,10,19,cma-es-ppmf-dp-2-pt-0.1
300119,30,Ellips10,100,19,cma-es-ppmf-dp-2-pt-0.1
300119,30,Ellips10,1000,19,cma-es-ppmf-dp-2-pt-0.1
4719,2,Ellips100,0.001,19,cma-es-ppmf-dp-2-pt-0.1
4431,2,Ellips100,0.01,19,cma-es-ppmf-dp-2-pt-0.1
3903,2,Ellips100,0.1,19,cma-es-ppmf-dp-2-pt-0.1
3679,2,Ellips100,1,19,cma-es-ppmf-dp-2-pt-0.1
3399,2,Ellips100,10,19,cma-es-ppmf-dp-2-pt-0.1
3103,2,Ellips100,100,19,cma-es-ppmf-dp-2-pt-0.1
2791,2,Ellips100,1000,19,cma-es-ppmf-dp-2-pt-0.1
16159,5,Ellips100,0.001,19,cma-es-ppmf-dp-2-pt-0.1
14879,5,Ellips100,0.01,19,cma-es-ppmf-dp-2-pt-0.1
14019,5,Ellips100,0.1,19,cma-es-ppmf-dp-2-pt-0.1
12979,5,Ellips100,1,19,cma-es-ppmf-dp-2-pt-0.1
11959,5,Ellips100,10,19,cma-es-ppmf-dp-2-pt-0.1
10919,5,Ellips100,100,19,cma-es-ppmf-dp-2-pt-0.1
9919,5,Ellips100,1000,19,cma-es-ppmf-dp-2-pt-0.1
54959,10,Ellips100,0.001,19,cma-es-ppmf-dp-2-pt-0.1
51559,10,Ellips100,0.01,19,cma-es-ppmf-dp-2-pt-0.1
48679,10,Ellips100,0.1,19,cma-es-ppmf-dp-2-pt-0.1
44239,10,Ellips100,1,19,cma-es-ppmf-dp-2-pt-0.1
40719,10,Ellips100,10,19,cma-es-ppmf-dp-2-pt-0.1
36839,10,Ellips100,100,19,cma-es-ppmf-dp-2-pt-0.1
33679,10,Ellips100,1000,19,cma-es-ppmf-dp-2-pt-0.1
300119,30,Ellips100,0.001,19,cma-es-ppmf-dp-2-pt-0.1
300119,30,Ellips100,0.01,19,cma-es-ppmf-dp-2-pt-0.1
300119,30,Ellips100,0.1,19,cma-es-ppmf-dp-2-pt-0.1
300119,30,Ellips100,1,19,cma-es-ppmf-dp-2-pt-0.1
300119,30,Ellips100,10,19,cma-es-ppmf-dp-2-pt-0.1
300119,30,Ellips100,100,19,cma-es-ppmf-dp-2-pt-0.1
300119,30,Ellips100,1000,19,cma-es-ppmf-dp-2-pt-0.1
4551,2,Sphere,0.001,20,cma-es-ppmf-dp-2-pt-0.1
4255,2,Sphere,0.01,20,cma-es-ppmf-dp-2-pt-0.1
3799,2,Sphere,0.1,20,cma-es-ppmf-dp-2-pt-0.1
3471,2,Sphere,1,20,cma-es-ppmf-dp-2-pt-0.1
3247,2,Sphere,10,20,cma-es-ppmf-dp-2-pt-0.1
2983,2,Sphere,100,20,cma-es-ppmf-dp-2-pt-0.1
2623,2,Sphere,1000,20,cma-es-ppmf-dp-2-pt-0.1
15659,5,Sphere,0.001,20,cma-es-ppmf-dp-2-pt-0.1
14739,5,Sphere,0.01,20,cma-es-ppmf-dp-2-pt-0.1
13439,5,Sphere,0.1,20,cma-es-ppmf-dp-2-pt-0.1
12399,5,Sphere,1,20,cma-es-ppmf-dp-2-pt-0.1
11319,5,Sphere,10,20,cma-es-ppmf-dp-2-pt-0.1
10439,5,Sphere,100,20,cma-es-ppmf-dp-2-pt-0.1
9159,5,Sphere,1000,20,cma-es-ppmf-dp-2-pt-0.1
53959,10,Sphere,0.001,20,cma-es-ppmf-dp-2-pt-0.1
49759,10,Sphere,0.01,20,cma-es-ppmf-dp-2-pt-0.1
46079,10,Sphere,0.1,20,cma-es-ppmf-dp-2-pt-0.1
42639,10,Sphere,1,20,cma-es-ppmf-dp-2-pt-0.1
38959,10,Sphere,10,20,cma-es-ppmf-dp-2-pt-0.1
35199,10,Sphere,100,20,cma-es-ppmf-dp-2-pt-0.1
31679,10,Sphere,1000,20,cma-es-ppmf-dp-2-pt-0.1
300119,30,Sphere,0.001,20,cma-es-ppmf-dp-2-pt-0.1
300119,30,Sphere,0.01,20,cma-es-ppmf-dp-2-pt-0.1
300119,30,Sphere,0.1,20,cma-es-ppmf-dp-2-pt-0.1
300119,30,Sphere,1,20,cma-es-ppmf-dp-2-pt-0.1
300119,30,Sphere,10,20,cma-es-ppmf-dp-2-pt-0.1
300119,30,Sphere,100,20,cma-es-ppmf-dp-2-pt-0.1
300119,30,Sphere,1000,20,cma-es-ppmf-dp-2-pt-0.1
4631,2,Ellips10,0.001,20,cma-es-ppmf-dp-2-pt-0.1
4271,2,Ellips10,0.01,20,cma-es-ppmf-dp-2-pt-0.1
3759,2,Ellips10,0.1,20,cma-es-ppmf-dp-2-pt-0.1
3703,2,Ellips10,1,20,cma-es-ppmf-dp-2-pt-0.1
3455,2,Ellips10,10,20,cma-es-ppmf-dp-2-pt-0.1
2903,2,Ellips10,100,20,cma-es-ppmf-dp-2-pt-0.1
2719,2,Ellips10,1000,20,cma-es-ppmf-dp-2-pt-0.1
15859,5,Ellips10,0.001,20,cma-es-ppmf-dp-2-pt-0.1
14999,5,Ellips10,0.01,20,cma-es-ppmf-dp-2-pt-0.1
13779,5,Ellips10,0.1,20,cma-es-ppmf-dp-2-pt-0.1
12979,5,Ellips10,1,20,cma-es-ppmf-dp-2-pt-0.1
11619,5,Ellips10,10,20,cma-es-ppmf-dp-2-pt-0.1
10559,5,Ellips10,100,20,cma-es-ppmf-dp-2-pt-0.1
9579,5,Ellips10,1000,20,cma-es-ppmf-dp-2-pt-0.1
53959,10,Ellips10,0.001,20,cma-es-ppmf-dp-2-pt-0.1
50999,10,Ellips10,0.01,20,cma-es-ppmf-dp-2-pt-0.1
46479,10,Ellips10,0.1,20,cma-es-ppmf-dp-2-pt-0.1
43079,10,Ellips10,1,20,cma-es-ppmf-dp-2-pt-0.1
39759,10,Ellips10,10,20,cma-es-ppmf-dp-2-pt-0.1
36159,10,Ellips10,100,20,cma-es-ppmf-dp-2-pt-0.1
32239,10,Ellips10,1000,20,cma-es-ppmf-dp-2-pt-0.1
300119,30,Ellips10,0.001,20,cma-es-ppmf-dp-2-pt-0.1
300119,30,Ellips10,0.01,20,cma-es-ppmf-dp-2-pt-0.1
300119,30,Ellips10,0.1,20,cma-es-ppmf-dp-2-pt-0.1
300119,30,Ellips10,1,20,cma-es-ppmf-dp-2-pt-0.1
300119,30,Ellips10,10,20,cma-es-ppmf-dp-2-pt-0.1
300119,30,Ellips10,100,20,cma-es-ppmf-dp-2-pt-0.1
300119,30,Ellips10,1000,20,cma-es-ppmf-dp-2-pt-0.1
4743,2,Ellips100,0.001,20,cma-es-ppmf-dp-2-pt-0.1
4479,2,Ellips100,0.01,20,cma-es-ppmf-dp-2-pt-0.1
3983,2,Ellips100,0.1,20,cma-es-ppmf-dp-2-pt-0.1
3599,2,Ellips100,1,20,cma-es-ppmf-dp-2-pt-0.1
3455,2,Ellips100,10,20,cma-es-ppmf-dp-2-pt-0.1
3239,2,Ellips100,100,20,cma-es-ppmf-dp-2-pt-0.1
2847,2,Ellips100,1000,20,cma-es-ppmf-dp-2-pt-0.1
16219,5,Ellips100,0.001,20,cma-es-ppmf-dp-2-pt-0.1
15159,5,Ellips100,0.01,20,cma-es-ppmf-dp-2-pt-0.1
14059,5,Ellips100,0.1,20,cma-es-ppmf-dp-2-pt-0.1
12999,5,Ellips100,1,20,cma-es-ppmf-dp-2-pt-0.1
12019,5,Ellips100,10,20,cma-es-ppmf-dp-2-pt-0.1
10799,5,Ellips100,100,20,cma-es-ppmf-dp-2-pt-0.1
9639,5,Ellips100,1000,20,cma-es-ppmf-dp-2-pt-0.1
55399,10,Ellips100,0.001,20,cma-es-ppmf-dp-2-pt-0.1
52439,10,Ellips100,0.01,20,cma-es-ppmf-dp-2-pt-0.1
48119,10,Ellips100,0.1,20,cma-es-ppmf-dp-2-pt-0.1
44279,10,Ellips100,1,20,cma-es-ppmf-dp-2-pt-0.1
41239,10,Ellips100,10,20,cma-es-ppmf-dp-2-pt-0.1
37359,10,Ellips100,100,20,cma-es-ppmf-dp-2-pt-0.1
33439,10,Ellips100,1000,20,cma-es-ppmf-dp-2-pt-0.1
300119,30,Ellips100,0.001,20,cma-es-ppmf-dp-2-pt-0.1
300119,30,Ellips100,0.01,20,cma-es-ppmf-dp-2-pt-0.1
300119,30,Ellips100,0.1,20,cma-es-ppmf-dp-2-pt-0.1
300119,30,Ellips100,1,20,cma-es-ppmf-dp-2-pt-0.1
300119,30,Ellips100,10,20,cma-es-ppmf-dp-2-pt-0.1
300119,30,Ellips100,100,20,cma-es-ppmf-dp-2-pt-0.1
300119,30,Ellips100,1000,20,cma-es-ppmf-dp-2-pt-0.1
